:020000040800F2
:100000004853002499030008E9A20008D99E00087B
:10001000E1A20008B9070008D1C0000800000000F4
:10002000000000000000000000000000F1A800082F
:10003000711400080000000061A30008C1A90008B5
:10004000B3030008B3030008B3030008B3030008B8
:10005000B3030008B3030008B3030008B3030008A8
:10006000B3030008B3030008B3030008B303000898
:10007000B3030008B3030008B3030008B303000888
:10008000B3030008B3030008B30300088914000891
:10009000A914000899140008B9140008B303000853
:1000A000B3030008B3030008B3030008B303000858
:1000B000E9AB0008B3030008B3030008B30300086A
:1000C000B3030008B3030008B3030008B303000838
:1000D000B3030008B3030008B3030008B303000828
:1000E000B3030008B303000800000000B3030008D6
:1000F000B3030008B3030008B3030008B303000808
:10010000B3030008B3030008B3030008B3030008F7
:10011000B3030008E9AD0008B3030008B303000807
:10012000F9070008B3030008B30300080908000832
:10013000B3030008B3030008B3030008B3030008C7
:1001400000000000000000000000000000000000AF
:100150001908000829080008B3030008B3030008C1
:10016000B3030008B3030008B3030008B303000897
:10017000B3030008B3030008B30300080000000045
:10018000B3030008B3030008B3030008B303000877
:10019000B3030008B3030008B3030008B303000867
:1001A000B3030008B3030008B30300080000000015
:1001B000B3030008B3030008B3030008B303000847
:1001C000B3030008B30300080000000000000000B3
:1001D0000000000000000000B30300080000000061
:1001E000000000000000000000000000000000000F
:1001F0000000000000000000B3030008B303000883
:10020000B3030008B303000800000000B3030008B4
:10021000B3030008B3030008B3030008B3030008E6
:10022000B303000800000000B30300080000000052
:10023000B3030008B303000800000000B303000884
:10024000B3030008B3030008B3030008B3030008B6
:10025000B3030008B3030008B3030008B3030008A6
:10026000B3030008B3030008B3030008B303000896
:10027000B3030008B3030008B30300080000000044
:10028000B3030008B3030008B3030008B303000876
:1002900000000000B3030008B303000800000000E2
:1002A00000000000B3030008B3030008B303000814
:1002B000C1C00008B3030008B3030008B30300087B
:1002C000B3030008B3030008B303000800F002F80A
:1002D00000F052F814A696E8000CB244B344DA4594
:1002E00001D100F049F8BAE80F000FA696E83000F7
:1002F000A5EB040504EB0607AAEB0704A7F1010729
:100300004FEA15154FEA3414A4F10104AC4201D3AD
:1003100000F032F813F0010F18BFFB1A43F001038D
:1003200000F001F8DBE71847A4EF0000D4EF00006D
:10033000103A24BF78C878C1FAD8520724BF30C811
:1003400030C144BF04680C60704700007047000073
:100350000023002400250026103A28BF78C1FBD8CE
:10036000520728BF30C148BF0B6070471FB50EF061
:10037000FFFE1FBD10B510BD00F04FF91146FFF78D
:10038000F5FF0CF06DF800F06DF903B4FFF7F2FF24
:1003900003BC00F075F90000094880470948004790
:1003A000FEE7FEE7FEE7FEE7FEE7FEE7FEE7FEE725
:1003B000FEE7FEE704480549054A064B7047000082
:1003C000A9AA0008CD02000800000020485300241C
:1003D00000000220484F002453EA020C00F069801C
:1003E0002DE9F04B4FF00006002B1FBFB3FA83F549
:1003F00003FA05F424FA05F65E4012BF1643B2FA7A
:1004000082F502FA05F4C5F120051EBF22FA05FCAB
:1004100044EA0C04203556EA044C4FEA144418BF51
:10042000641C4FF000084FF00009904271EB030C80
:1004300039D3002919BFB1FA81F701FA07F6B0FAEA
:1004400080F700FA07F6C7F120071EBF20FA07FC65
:1004500046EA0C062037B6FBF4FCA7EB0507103F75
:1004600007F01F0BCBF120062CFA06F60CFA0BFB5B
:1004700044BFB3460026202FA4BF5E464FF0000BBA
:100480005BEA060C08BF4FF0010B19EB0B0948EBB8
:100490000608ABFB027C06FB02CC0BFB03CCC01BAB
:1004A00071EB0C01C1E70B46024641464846BDE8E8
:1004B000F08B13B5084318BF4FF0FF300146AFF380
:1004C0000080BDE81C407047032A40F2308010F0E5
:1004D000030C00F0158011F8013BBCF1020F6244DF
:1004E00098BF11F801CB00F8013B38BF11F8013B70
:1004F000A2F1040298BF00F801CB38BF00F8013B1D
:1005000011F0030300F02580083AC0F0088051F88C
:10051000043B083A51F804CBA0E80810F5E7121D97
:100520005CBF51F8043B40F8043BAFF30080D207B6
:1005300024BF11F8013B11F801CB48BF11F8012B82
:1005400024BF00F8013B00F801CB48BF00F8012BA5
:10055000704710B5203AC0F00B80B1E81850A0E801
:100560001850B1E81850A0E81850203ABFF4F5AF81
:100570005FEA027C24BFB1E81850A0E8185044BFDD
:1005800018C918C0BDE810405FEA827C24BF51F84A
:10059000043B40F8043B08BF7047D20728BF31F83E
:1005A000023B48BF11F8012B28BF20F8023B48BF8F
:1005B00000F8012B704702F0FF0343EA032242EAEE
:1005C000024200F002B84FF0000200B51346944614
:1005D0009646203922BFA0E80C50A0E80C50B1F19B
:1005E0002001BFF4F7AF090728BFA0E80C5048BFAF
:1005F0000CC05DF804EB890028BF40F8042B08BF4D
:10060000704748BF20F8022B11F0804F18BF00F848
:10061000012B7047704770477047754600F02CF803
:10062000AE4605006946534620F00700854618B0DF
:1006300020B5FFF7BFFEBDE820404FF000064FF0A9
:1006400000074FF000084FF0000BAC46ACE8C009C3
:10065000ACE8C009ACE8C009ACE8C00921F007016A
:100660008D46704710B50446AFF300802046BDE8C4
:100670001040FFF78ABE00000048704720000024A9
:1006800001491820ABBEFEE72600020070470000BB
:1006900083B002900191ADF802200198029948615F
:1006A000BDF8020002998861029908200874029935
:1006B0004874029900200870029948700299887065
:1006C0000299C8700299087102994871029988715B
:1006D000029908810299C88102998881029948810A
:1006E00003B07047000000002DE9F04F8DB0DDF839
:1006F00078A0DDF87490DDF870801B9F1A9E199D1C
:10070000189CDDF85CE0DDF858C0CDF830A0CDF8DD
:100710002C90CDF828800997089607950694CDF877
:1007200014E0CDF810C0039302920191009000995B
:100730000020088100994881009988810DB0BDE8AA
:10074000F08F00000000000080B582B00190019998
:1007500008780877019948784877019988788877E8
:1007600001990020C877019981F82000019981F84A
:100770002100019981F822000199C87891F804C0FC
:100780004B798A79C00040EA8C0040EA430010436C
:1007900081F8230040F20000C2F20040D0F804C00B
:1007A000019B5869198B03F11C025B7CE04702B086
:1007B00080BD000000000000FFE7FEE70000000031
:1007C00081B040F2F000C2F2004000780F280AD059
:1007D000FFE740F2F000C2F20040007E18B1FFE7F0
:1007E0000020009002E001200090FFE7009801B097
:1007F000704700000000000080B540F2CC20C2F23B
:10080000004002F035F880BD80B540F25420C2F2BD
:10081000004002F02DF880BD80B540F26410C2F2B5
:10082000004002F025F880BD80B540F2DC10C2F235
:10083000004002F01DF880BD83B00290029801686C
:1008400001201022C4F202029142009000F0A38025
:10085000FFE70298016801202822C4F202029142B7
:10086000009000F09880FFE7029801680120402284
:10087000C4F202029142009000F08D80FFE70298DE
:10088000016801205822C4F202029142009000F057
:100890008280FFE70298016801207022C4F2020200
:1008A0009142009077D0FFE70298016801208822EA
:1008B000C4F20202914200906DD0FFE702980168F5
:1008C0000120A022C4F202029142009063D0FFE70F
:1008D000029801680120B822C4F2020291420090FD
:1008E00059D0FFE702980168012040F21042C4F29B
:1008F0000202914200904ED0FFE702980168012069
:1009000040F22842C4F202029142009043D0FFE735
:1009100002980168012040F24042C4F20202914272
:10092000009038D0FFE702980168012040F2584259
:10093000C4F20202914200902DD0FFE702980168B4
:10094000012040F27042C4F202029142009022D093
:10095000FFE702980168012040F28842C4F20202D7
:100960009142009017D0FFE702980168012040F201
:10097000A042C4F20202914200900CD0FFE702981C
:1009800000684FF64831CBF6FD710844B0FA80F0AC
:1009900040090090FFE70098C00740B3FFE70298C6
:1009A000007810384AF6AB21CAF6AA21A0FB011044
:1009B00000090190019800F007014FF21C20C0F6D9
:1009C0000000405C0299C8650198042807D3FFE73E
:1009D00002990868042262F30900886506E002991A
:1009E000086840F2FF3290438865FFE705E002990E
:1009F000086820F0FF008865FFE70298806D03B06B
:100A0000704700000000000084B003900398006865
:100A1000019003980168012045F20842C5F60202E0
:100A2000914200904ED0FFE703980168012045F203
:100A30001C42C5F602029142009043D0FFE70398A2
:100A40000168012045F23042C5F602029142009051
:100A500038D0FFE703980168012045F24442C5F60B
:100A60000202914200902DD0FFE703980168012017
:100A700045F25842C5F602029142009022D0FFE7AB
:100A800003980168012045F26C42C5F602029142CA
:100A9000009017D0FFE703980168012045F28042DB
:100AA000C5F60202914200900CD0FFE7039800685F
:100AB0004AF66C31CAF2FD710844B0FA80F0400980
:100AC0000090FFE70098C00710B3FFE70398007895
:100AD00008384CF6CD41CCF6CC41A0FB0110000902
:100AE0000290029945F60000C5F6020000EB810075
:100AF00003990866039945F68000C5F6020048662A
:100B0000029800F01F01012088400399886635E0B3
:100B10000398007810384AF6AB21CAF6AA21A0FB48
:100B2000011000090290019840F2B841C4F202019C
:100B300088420CD8FFE7019840F21041C4F202014C
:100B4000884204D3FFE7029808300290FFE7029939
:100B500040F60000C4F2020000EB81000399086631
:100B6000039940F68000C4F202004866029800F043
:100B70001F010120884003998866FFE704B0704791
:100B800083B002900298007901900198002800F04B
:100B90008A80FFE70198082800F28580FFE7029825
:100BA0000168012045F20842C5F602029142009018
:100BB0004ED0FFE702980168012045F21C42C5F6BD
:100BC00002029142009043D0FFE7029801680120A1
:100BD00045F23042C5F602029142009038D0FFE75C
:100BE00002980168012045F24442C5F60202914292
:100BF00000902DD0FFE702980168012045F258428D
:100C0000C5F602029142009022D0FFE702980168E7
:100C1000012045F26C42C5F602029142009017D0C5
:100C2000FFE702980168012045F28042C5F6020202
:100C3000914200900CD0FFE7029800684AF66C31B0
:100C4000CAF2FD710844B0FA80F040090090FFE755
:100C50000098C00780B1FFE7019945F6FC00C5F692
:100C6000020000EB81000299C866029945F6401027
:100C7000C5F6020008670FE0019940F6FC00C4F2D7
:100C8000020000EB81000299C866029940F640100C
:100C9000C4F202000867FFE70198411E0120884066
:100CA00002994867FFE703B07047000000000000AA
:100CB00085B0049000208DF80F000498806918BB5F
:100CC000FFE70498806A029003281BD80299DFE8A6
:100CD00001F0020D0218049890F82F00C00720B10F
:100CE000FFE701208DF80F00FFE70CE00498C06AD1
:100CF000B0F1C07F04D1FFE701208DF80F00FFE7BE
:100D000001E000E0FFE747E004988069B0F5005F8C
:100D100026D1FFE70498806A019003281ED8019924
:100D2000DFE801F00206021101208DF80F0016E045
:100D3000049890F82F00C00720B1FFE701208DF83C
:100D40000F00FFE70BE00498C06AB0F1C07F04D148
:100D5000FFE701208DF80F00FFE700E0FFE71AE052
:100D60000498806A0090032804D3FFE700980328C2
:100D700004D00EE001208DF80F000BE0049890F8ED
:100D80002F00C00720B1FFE701208DF80F00FFE71B
:100D900000E0FFE7FFE7FFE79DF80F0005B07047B1
:100DA00089B008900791069205930898806D049089
:100DB0000898806D03900898016801201022C4F201
:100DC00002029142029000F00381FFE70898016857
:100DD00001202822C4F202029142029000F0F88021
:100DE000FFE70898016801204022C4F20202914204
:100DF000029000F0ED80FFE708980168012058227A
:100E0000C4F202029142029000F0E280FFE70898EB
:100E1000016801207022C4F202029142029000F0A7
:100E2000D780FFE70898016801208822C4F20202F7
:100E30009142029000F0CC80FFE708980168012001
:100E4000A022C4F202029142029000F0C180FFE7AA
:100E5000089801680120B822C4F20202914202906F
:100E600000F0B680FFE708980168012040F21042C8
:100E7000C4F202029142029000F0AA80FFE70898B3
:100E80000168012040F22842C4F20202914202901D
:100E900000F09E80FFE708980168012040F2404280
:100EA000C4F202029142029000F09280FFE708989B
:100EB0000168012040F25842C4F2020291420290BD
:100EC00000F08680FFE708980168012040F2704238
:100ED000C4F20202914202907AD0FFE708980168BA
:100EE000012040F28842C4F20202914202906FD087
:100EF000FFE708980168012040F2A042C4F2020214
:100F00009142029064D0FFE708980168012040F206
:100F1000B842C4F202029142029059D0FFE7089809
:100F20000168012045F20842C5F602029142029092
:100F30004ED0FFE708980168012045F21C42C5F633
:100F400002029142029043D0FFE708980168012015
:100F500045F23042C5F602029142029038D0FFE7D6
:100F600008980168012045F24442C5F60202914208
:100F700002902DD0FFE708980168012045F2584201
:100F8000C5F602029142029022D0FFE7089801685C
:100F9000012045F26C42C5F602029142029017D040
:100FA000FFE708980168012045F28042C5F6020279
:100FB000914202900CD0FFE7089800684AF66C3125
:100FC000CAF2FD710844B0FA80F040090290FFE7D0
:100FD0000298C00770B1FFE70898416E806E4860C4
:100FE0000898C06E28B1FFE70898016F406F48600D
:100FF000FFE7FFE70898016801201022C4F202020F
:101000009142019000F0A380FFE708980168012059
:101010002822C4F202029142019000F09880FFE77A
:101020000898016801204022C4F202029142019016
:1010300000F08D80FFE70898016801205822C4F273
:1010400002029142019000F08280FFE70898016857
:1010500001207022C4F202029142019077D0FFE792
:101060000898016801208822C4F20202914201908E
:101070006DD0FFE7089801680120A022C4F20202A7
:101080009142019063D0FFE7089801680120B822DF
:10109000C4F202029142019059D0FFE7089801681A
:1010A000012040F21042C4F20202914201904ED05F
:1010B000FFE708980168012040F22842C4F20202CA
:1010C0009142019043D0FFE708980168012040F267
:1010D0004042C4F202029142019038D0FFE70898E2
:1010E0000168012040F25842C4F20202914201908C
:1010F0002DD0FFE708980168012040F27042C4F249
:1011000002029142019022D0FFE708980168012075
:1011100040F28842C4F202029142019017D0FFE7E8
:1011200008980168012040F2A042C4F202029142F4
:1011300001900CD0FFE7089800684FF64831CBF6D5
:10114000FD710844B0FA80F040090190FFE7019872
:10115000C00750B3FFE70898C06D00F01F013F20A3
:1011600088400499886008980168086820F4802005
:1011700008600598089909684860089880684028C0
:1011800009D1FFE7069808990968886007980899C7
:101190000968C86008E00798089909688860069897
:1011A00008990968C860FFE782E008980168012093
:1011B00045F20842C5F60202914200904ED0FFE788
:1011C00008980168012045F21C42C5F602029142CE
:1011D000009043D0FFE708980168012045F23042B3
:1011E000C5F602029142009038D0FFE708980168E6
:1011F000012045F24442C5F60202914200902DD0F2
:10120000FFE708980168012045F25842C5F602023E
:101210009142009022D0FFE708980168012045F232
:101220006C42C5F602029142009017D0FFE7089881
:101230000168012045F28042C5F602029142009009
:101240000CD0FFE7089800684AF66C31CAF2FD71CD
:101250000844B0FA80F040090090FFE70098C0070A
:1012600020B3FFE70898C06D00F01F0101208840FF
:10127000039948600598089909684860089880684B
:10128000402809D1FFE706980899096888600798FF
:1012900008990968C86008E0079808990968886093
:1012A000069808990968C860FFE700E0FFE7FFE7D4
:1012B00009B070470000000081B040F2A000C2F207
:1012C0000040007870BBFFE740F2A001C2F200418D
:1012D0000120087041F20400CEF200000068009086
:1012E000009840F29801C2F200410968884208D291
:1012F000FFE740F29C01C2F200410868013008603B
:10130000FFE741F20400CEF20000006840F29801CD
:10131000C2F20041086040F2A001C2F20041002088
:101320000870FFE701B0704780B582B000F020F888
:1013300040F23410C2F20040016883884FF47A72A0
:1013400001FB023100EE101AB8EE400AC08801EE2F
:10135000100AB8EEC11A9FED052AA1EE020A8DED22
:10136000010A9DED010A02B080BD00BF6F12833AF1
:10137000B0B586B041F20400CEF2000000680590DE
:10138000FFF79AFF40F29C00C2F200400168059806
:10139000002302934FF0FF3C1A46E1FB0C0240F29F
:1013A0009001C2F2004100914A60086008684968F3
:1013B00040F28404C2F200442268FFF70DF8029B59
:1013C00002468C46009940F2A800C2F20040C0F8E4
:1013D00004C00260D1F800C04968D0F800E042685B
:1013E0002468AEFB04E502FB0452BCEB0E0C61EB7F
:1013F000020240F2B001C2F200410391C1F800C004
:101400004A60006840F23412C2F200420492106056
:101410000868496840F28802C2F2004201921268EC
:10142000FEF7DAFFDDF804C0029B049A0146039838
:101430009180016840689288DCF800C002FB0CF2E1
:101440008A1A60F1000040F2B801C2F200410A605D
:1014500048600868496840F28C02C2F20042126893
:10146000FEF7BAFF0499C88006B0B0BD00000000C6
:10147000704700000000000081B0EFF3108072B6EA
:101480000090FFE7FEE7000080B540F24430C2F272
:10149000004003F039FE80BD80B540F24430C2F216
:1014A000004003F031FE80BD80B540F2E430C2F26E
:1014B000004003F029FE80BD80B540F2E430C2F266
:1014C000004003F021FE80BD84B002900298406B82
:1014D000009002980068D0F884004FF6FC718843B1
:1014E000009940EA810002990968C1F884000298D5
:1014F0000068D0F8840020F47F00029A1168926B93
:1015000040EA0240C1F884000298816B00980844C8
:10151000009002980068D0F888006FF38F0000995F
:1015200040EA810002990968C1F8880002980068C1
:10153000D0F8880020F4FE00029A1168D26B40EACD
:101540000240C1F888000298C16B009800EB41008E
:10155000009002980068D0F8A0006FF38F00009907
:1015600040EA810002990968C1F8A0000298006869
:10157000D0F8A00020F4FE00029A1168126C40EA34
:101580000240C1F8A0000299086C496C009A00FB67
:101590000120009002980068D0F8B0006FF38F002F
:1015A000009940EA810002990968C1F8B0000298E8
:1015B0000068D0F8B00020F4FE00029A1168926C26
:1015C00040EA0240C1F8B0000299886CC96C009AE8
:1015D00000FB0120009002980068D0F8AC006FF387
:1015E0008F00009940EA810002990968C1F8AC00B7
:1015F0000299086D496D009A00FB01200090029845
:101600000068D0F8F0006FF38F00009940EA810085
:1016100002990968C1F8F00002980068D0F8F0005B
:1016200020F47C10029A1168926D40EA0240C1F8E1
:10163000F0000298816D009800EB41000090029844
:101640000068D0F8C0006FF38F00009940EA810075
:1016500002990968C1F8C00002980068D0F8C0007B
:1016600020F47C10029A1168D26D40EA0240C1F861
:10167000C00002980068D0F8C00020F07C50029AA8
:101680001168126E40EA0260C1F8C00002994A6B0C
:101690004AF60040C4F2000000EB8200C8660299DE
:1016A0008A6BC86E00EB820008670299CA6B086FEC
:1016B00000EBC200486702990A6C4B6C486F5A43B2
:1016C00000EB8200886702998A6CCB6C886F5A4362
:1016D00000EB8200C86702990A6D4B6DC86F5A43D0
:1016E00000EB8200C1F8800002998A6DD1F8800079
:1016F00000EBC200C1F884000299CA6D8B6ED1F86C
:1017000084005A4300EB8200C1F8880002990A6EF7
:101710008B6ED1F888005A4300EB8200C1F890002C
:101720000298D0F890004DF2FD31C4F200018842D9
:101730000FD3FFE70299D1F89C0040F02000C1F8D8
:101740009C000299032081F8980001208DF80F0079
:1017500017E00298C06E0190FFE701980299D1F856
:101760009010884208D2FFE7019900200860FFE747
:10177000019804300190F0E7FFE700208DF80F009A
:10178000FFE79DF80F0004B0704700000000000064
:1017900088B007900691059204930698406848B96E
:1017A000FFE70698016882680069104340EA8140BB
:1017B000039009E0069801688268006910430843B5
:1017C00040F080400390FFE70698D0F820C0C16841
:1017D00042698369C06940EA0C601843104340EADB
:1017E000014002900798826ED0F88400049951431A
:1017F00000EB810001900398019908600198043082
:10180000019002980199086001980430019000202D
:101810000090FFE700980699CA684FF20C21C0F6C5
:101820000001895C88420DD2FFE705980099405875
:1018300001990860019804300190FFE70098043096
:101840000090E7E708B0704780B58AB0089004F0D0
:10185000A7FC0490089828B9FFE701208DF827001D
:1018600000F0AABC089890F8350002280ED0FFE7D7
:10187000089980204865FFE70899002081F8340026
:10188000FFE701208DF8270000F096BC089801685A
:1018900001201022C4F202029142039000F0A380C2
:1018A000FFE70898016801202822C4F20202914251
:1018B000039000F09880FFE708980168012040221B
:1018C000C4F202029142039000F08D80FFE7089875
:1018D000016801205822C4F202029142039000F0F4
:1018E0008280FFE70898016801207022C4F202029A
:1018F0009142039077D0FFE7089801680120882281
:10190000C4F20202914203906DD0FFE7089801688B
:101910000120A022C4F202029142039063D0FFE7AB
:10192000089801680120B822C4F202029142039093
:1019300059D0FFE708980168012040F21042C4F234
:101940000202914203904ED0FFE7089801680120FF
:1019500040F22842C4F202029142039043D0FFE7D2
:1019600008980168012040F24042C4F2020291420C
:10197000039038D0FFE708980168012040F25842F0
:10198000C4F20202914203902DD0FFE7089801684B
:10199000012040F27042C4F202029142039022D030
:1019A000FFE708980168012040F28842C4F2020271
:1019B0009142039017D0FFE708980168012040F298
:1019C000A042C4F20202914203900CD0FFE70898B3
:1019D00000684FF64831CBF6FD710844B0FA80F04C
:1019E00040090390FFE70398C00780B1FFE708981C
:1019F0000168086820F01E000860089801684869BE
:101A000020F08000486108980068059009E0089877
:101A10000168086820F00E000860089800680590CA
:101A2000FFE70898016801201022C4F202029142E7
:101A3000029000F00381FFE7089801680120282246
:101A4000C4F202029142029000F0F880FFE7089889
:101A5000016801204022C4F202029142029000F08B
:101A6000ED80FFE70898016801205822C4F20202C5
:101A70009142029000F0E280FFE70898016801209F
:101A80007022C4F202029142029000F0D780FFE778
:101A90000898016801208822C4F202029142029053
:101AA00000F0CC80FFE7089801680120A022C4F272
:101AB00002029142029000F0C180FFE7089801689D
:101AC0000120B822C4F202029142029000F0B680D6
:101AD000FFE708980168012040F21042C4F20202B8
:101AE0009142029000F0AA80FFE708980168012067
:101AF00040F22842C4F202029142029000F09E801D
:101B0000FFE708980168012040F24042C4F2020257
:101B10009142029000F09280FFE70898016801204E
:101B200040F25842C4F202029142029000F08680D4
:101B3000FFE708980168012040F27042C4F20202F7
:101B4000914202907AD0FFE708980168012040F2A4
:101B50008842C4F20202914202906FD0FFE70898D7
:101B60000168012040F2A042C4F2020291420290B8
:101B700064D0FFE708980168012040F2B842C4F23F
:101B800002029142029059D0FFE7089801680120B3
:101B900045F20842C5F60202914202904ED0FFE79C
:101BA00008980168012045F21C42C5F602029142E4
:101BB000029043D0FFE708980168012045F23042C7
:101BC000C5F602029142029038D0FFE708980168FA
:101BD000012045F24442C5F60202914202902DD006
:101BE000FFE708980168012045F25842C5F6020255
:101BF0009142029022D0FFE708980168012045F247
:101C00006C42C5F602029142029017D0FFE7089895
:101C10000168012045F28042C5F60202914202901D
:101C20000CD0FFE7089800684AF66C31CAF2FD71E3
:101C30000844B0FA80F040090290FFE70298C0071C
:101C400038B1FFE70898016E086820F480700860DA
:101C5000FFE7089800681021C4F20201884200F0F2
:101C60008180FFE7089800682821C4F202018842B9
:101C700078D0FFE7089800684021C4F2020188424A
:101C800070D0FFE7089800685821C4F2020188422A
:101C900068D0FFE7089800687021C4F2020188420A
:101CA00060D0FFE7089800688821C4F202018842EA
:101CB00058D0FFE708980068A021C4F202018842CA
:101CC00050D0FFE708980068B821C4F202018842AA
:101CD00048D0FFE70898006840F21041C4F20201C2
:101CE00088423FD0FFE70898006840F22841C4F2DC
:101CF0000201884236D0FFE70898006840F2404170
:101D0000C4F2020188422DD0FFE70898006840F233
:101D10005841C4F20201884224D0FFE708980068C5
:101D200040F27041C4F2020188421BD0FFE70898DC
:101D3000006840F28841C4F20201884212D0FFE7F5
:101D40000898006840F2A041C4F20201884209D01C
:101D5000FFE70898006840F2B841C4F202018842E7
:101D600007D1FFE708980168086820F001000860C3
:101D700006E008980168086820F001000860FFE7A5
:101D8000FFE705980068C007C8B1FFE704F008FA4C
:101D90000499401A062811D3FFE7089920204865C6
:101DA0000899032081F83500FFE70899002081F8A1
:101DB0003400FFE701208DF82700FDE1E1E70898F6
:101DC000016801201022C4F202029142019000F049
:101DD000A380FFE70898016801202822C4F20202CC
:101DE0009142019000F09880FFE708980168012077
:101DF0004022C4F202029142019000F08D80FFE780
:101E00000898016801205822C4F202029142019010
:101E100000F08280FFE70898016801207022C4F278
:101E200002029142019077D0FFE7089801680120F3
:101E30008822C4F20202914201906DD0FFE7089817
:101E400001680120A022C4F202029142019063D0F5
:101E5000FFE7089801680120B822C4F2020291420B
:101E6000019059D0FFE708980168012040F2104224
:101E7000C4F20202914201904ED0FFE70898016837
:101E8000012040F22842C4F202029142019043D064
:101E9000FFE708980168012040F24042C4F20202C4
:101EA0009142019038D0FFE708980168012040F284
:101EB0005842C4F20202914201902DD0FFE70898E7
:101EC0000168012040F27042C4F202029142019086
:101ED00022D0FFE708980168012040F28842C4F24E
:101EE00002029142019017D0FFE708980168012093
:101EF00040F2A042C4F20202914201900CD0FFE7EE
:101F0000089800684FF64831CBF6FD710844B0FAE6
:101F100080F040090190FFE70198C00760B1FFE73A
:101F20000898806D07900898C06D00F01F013F2051
:101F30008840079988600BE00898806D06900898A3
:101F4000C06D00F01F010120884006994860FFE73E
:101F50000898016801201022C4F202029142009008
:101F600000F00381FFE70898016801202822C4F2ED
:101F700002029142009000F0F880FFE708980168A3
:101F800001204022C4F202029142009000F0ED8054
:101F9000FFE70898016801205822C4F2020291422A
:101FA000009000F0E280FFE70898016801207022AD
:101FB000C4F202029142009000F0D780FFE7089837
:101FC000016801208822C4F202029142009000F0D0
:101FD000CC80FFE7089801680120A022C4F2020229
:101FE0009142009000F0C180FFE70898016801204D
:101FF000B822C4F202029142009000F0B680FFE7DE
:1020000008980168012040F21042C4F20202914295
:10201000009000F0AA80FFE708980168012040F2D4
:102020002842C4F202029142009000F09E80FFE735
:1020300008980168012040F24042C4F20202914235
:10204000009000F09280FFE708980168012040F2BC
:102050005842C4F202029142009000F08680FFE7ED
:1020600008980168012040F27042C4F202029142D5
:1020700000907AD0FFE708980168012040F288427A
:10208000C4F20202914200906FD0FFE70898016805
:10209000012040F2A042C4F202029142009064D0BA
:1020A000FFE708980168012040F2B842C4F202023A
:1020B0009142009059D0FFE708980168012045F24D
:1020C0000842C5F60202914200904ED0FFE7089800
:1020D0000168012045F21C42C5F6020291420090BF
:1020E00043D0FFE708980168012045F23042C5F669
:1020F00002029142009038D0FFE708980168012061
:1021000045F24442C5F60202914200902DD0FFE70D
:1021100008980168012045F25842C5F60202914232
:10212000009022D0FFE708980168012045F26C4238
:10213000C5F602029142009017D0FFE708980168A7
:10214000012045F28042C5F60202914200900CD077
:10215000FFE7089800684AF66C31CAF2FD7108443E
:10216000B0FA80F040090090FFE70098C007A0B1E6
:10217000FFE70898416E806E48600898C06E58B1BD
:10218000FFE70898C16E086820F48070086008981E
:10219000016F406F4860FFE7FFE70899012081F871
:1021A0003500FFE70899002081F83400FFE7FFE7DA
:1021B00000208DF82700FFE79DF827000AB080BDBA
:1021C00080B586B00490049820B9FFE701208DF80F
:1021D000170046E3049890F83500022807D0FFE77F
:1021E00004998020486501208DF8170039E3049890
:1021F000016801201022C4F202029142029000F014
:10220000A380FFE70498016801202822C4F202029B
:102210009142029000F09880FFE704980168012045
:102220004022C4F202029142029000F08D80FFE74A
:102230000498016801205822C4F2020291420290DF
:1022400000F08280FFE70498016801207022C4F248
:1022500002029142029077D0FFE7049801680120C2
:102260008822C4F20202914202906DD0FFE70498E6
:1022700001680120A022C4F202029142029063D0C0
:10228000FFE7049801680120B822C4F202029142DB
:10229000029059D0FFE704980168012040F21042F3
:1022A000C4F20202914202904ED0FFE70498016806
:1022B000012040F22842C4F202029142029043D02F
:1022C000FFE704980168012040F24042C4F2020294
:1022D0009142029038D0FFE704980168012040F253
:1022E0005842C4F20202914202902DD0FFE70498B6
:1022F0000168012040F27042C4F202029142029051
:1023000022D0FFE704980168012040F28842C4F21D
:1023100002029142029017D0FFE704980168012061
:1023200040F2A042C4F20202914202900CD0FFE7B8
:10233000049800684FF64831CBF6FD710844B0FAB6
:1023400080F040090290FFE70298C007002800F0E3
:102350009D80FFE70499042081F835000498006807
:102360001021C4F20201884200F08180FFE7049846
:1023700000682821C4F20201884278D0FFE704985F
:1023800000684021C4F20201884270D0FFE704983F
:1023900000685821C4F20201884268D0FFE704981F
:1023A00000687021C4F20201884260D0FFE70498FF
:1023B00000688821C4F20201884258D0FFE70498DF
:1023C0000068A021C4F20201884250D0FFE70498BF
:1023D0000068B821C4F20201884248D0FFE704989F
:1023E000006840F21041C4F2020188423FD0FFE78A
:1023F0000498006840F22841C4F20201884236D0B5
:10240000FFE70498006840F24041C4F202018842AC
:102410002DD0FFE70498006840F25841C4F2020151
:10242000884224D0FFE70498006840F27041C4F26B
:10243000020188421BD0FFE70498006840F28841FF
:10244000C4F20201884212D0FFE70498006840F20B
:10245000A041C4F20201884209D0FFE70498006855
:1024600040F2B841C4F20201884207D1FFE7049864
:102470000168086820F00100086006E0049801681F
:10248000086820F001000860FFE7E5E104980168B2
:10249000086820F00E000860049800681021C4F25B
:1024A0000201884200F08180FFE70498006828213B
:1024B000C4F20201884278D0FFE704980068402106
:1024C000C4F20201884270D0FFE7049800685821E6
:1024D000C4F20201884268D0FFE7049800687021C6
:1024E000C4F20201884260D0FFE7049800688821A6
:1024F000C4F20201884258D0FFE704980068A02186
:10250000C4F20201884250D0FFE704980068B82165
:10251000C4F20201884248D0FFE70498006840F204
:102520001041C4F2020188423FD0FFE704980068DE
:1025300040F22841C4F20201884236D0FFE70498F5
:10254000006840F24041C4F2020188422DD0FFE70A
:102550000498006840F25841C4F20201884224D035
:10256000FFE70498006840F27041C4F2020188421B
:102570001BD0FFE70498006840F28841C4F20201D2
:10258000884212D0FFE70498006840F2A041C4F2EC
:102590000201884209D0FFE70498006840F2B84180
:1025A000C4F20201884207D1FFE704980168086875
:1025B00020F00100086006E004980168086820F037
:1025C00001000860FFE70498016801201022C4F2AE
:1025D00002029142019000F00381FFE70498016834
:1025E00001202822C4F202029142019000F0F880FA
:1025F000FFE70498016801204022C4F202029142E0
:10260000019000F0ED80FFE7049801680120582256
:10261000C4F202029142019000F0E280FFE70498C8
:10262000016801207022C4F202029142019000F080
:10263000D780FFE70498016801208822C4F20202D3
:102640009142019000F0CC80FFE7049801680120DE
:10265000A022C4F202029142019000F0C180FFE783
:10266000049801680120B822C4F20202914201904C
:1026700000F0B680FFE704980168012040F21042A4
:10268000C4F202029142019000F0AA80FFE7049890
:102690000168012040F22842C4F2020291420190F6
:1026A00000F09E80FFE704980168012040F240425C
:1026B000C4F202029142019000F09280FFE7049878
:1026C0000168012040F25842C4F202029142019096
:1026D00000F08680FFE704980168012040F2704214
:1026E000C4F20202914201907AD0FFE70498016897
:1026F000012040F28842C4F20202914201906FD060
:10270000FFE704980168012040F2A042C4F20202EF
:102710009142019064D0FFE704980168012040F2E3
:10272000B842C4F202029142019059D0FFE70498E6
:102730000168012045F20842C5F60202914201906B
:102740004ED0FFE704980168012045F21C42C5F60F
:1027500002029142019043D0FFE7049801680120F2
:1027600045F23042C5F602029142019038D0FFE7AF
:1027700004980168012045F24442C5F602029142E4
:1027800001902DD0FFE704980168012045F25842DE
:10279000C5F602029142019022D0FFE70498016839
:1027A000012045F26C42C5F602029142019017D019
:1027B000FFE704980168012045F28042C5F6020255
:1027C000914201900CD0FFE7049800684AF66C3102
:1027D000CAF2FD710844B0FA80F040090190FFE7A9
:1027E0000198C00728B3FFE70498016E086820F439
:1027F000807008600498806D03900498C06D00F0AC
:102800001F0101208840039948600498416E806E42
:1028100048600498C06E58B1FFE70498C16E08681C
:1028200020F4807008600498016F406F4860FFE7F3
:10283000FFE70499012081F83500FFE704990020A3
:1028400081F83400FFE70498006D20B1FFE7049899
:10285000016D8847FFE7FFE7FFE700208DF81700CD
:10286000FFE79DF8170006B080BD000000000000E3
:1028700080B590B00F9000200B9040F20C00C2F297
:102880000040006848F2B511C1F64E31A0FB0110BE
:10289000800A0A900F98806D09900F98806D0890BB
:1028A000099800680E90089800680D900F980168CC
:1028B00001201022C4F202029142079000F0A3808E
:1028C000FFE70F98016801202822C4F2020291421A
:1028D000079000F09880FFE70F98016801204022E0
:1028E000C4F202029142079000F08D80FFE70F983A
:1028F000016801205822C4F202029142079000F0C0
:102900008280FFE70F98016801207022C4F2020262
:102910009142079077D0FFE70F9801680120882245
:10292000C4F20202914207906DD0FFE70F98016850
:102930000120A022C4F202029142079063D0FFE777
:102940000F9801680120B822C4F202029142079058
:1029500059D0FFE70F980168012040F21042C4F2FD
:102960000202914207904ED0FFE70F9801680120C4
:1029700040F22842C4F202029142079043D0FFE79E
:102980000F980168012040F24042C4F202029142D5
:10299000079038D0FFE70F980168012040F25842B5
:1029A000C4F20202914207902DD0FFE70F98016810
:1029B000012040F27042C4F202029142079022D0FC
:1029C000FFE70F980168012040F28842C4F202023A
:1029D0009142079017D0FFE70F980168012040F25D
:1029E000A042C4F20202914207900CD0FFE70F9878
:1029F00000684FF64831CBF6FD710844B0FA80F01C
:102A000040090790FFE70798C007002800F01385EA
:102A1000FFE70E980F99C96D01F01F01C84000072C
:102A2000002840F1B080FFE70F9800681021C4F241
:102A30000201884200F08180FFE70F98006828219A
:102A4000C4F20201884278D0FFE70F980068402165
:102A5000C4F20201884270D0FFE70F980068582145
:102A6000C4F20201884268D0FFE70F980068702125
:102A7000C4F20201884260D0FFE70F980068882105
:102A8000C4F20201884258D0FFE70F980068A021E5
:102A9000C4F20201884250D0FFE70F980068B821C5
:102AA000C4F20201884248D0FFE70F98006840F264
:102AB0001041C4F2020188423FD0FFE70F9800683E
:102AC00040F22841C4F20201884236D0FFE70F9855
:102AD000006840F24041C4F2020188422DD0FFE775
:102AE0000F98006840F25841C4F20201884224D095
:102AF000FFE70F98006840F27041C4F2020188427B
:102B00001BD0FFE70F98006840F28841C4F2020131
:102B1000884212D0FFE70F98006840F2A041C4F24B
:102B20000201884209D0FFE70F98006840F2B841DF
:102B3000C4F20201884207D1FFE70F9800680068DD
:102B400000F00400069006E00F980068006800F0AE
:102B500008000690FFE70698A0B1FFE70F9801680C
:102B6000086820F0040008600F98C06D00F01F0195
:102B700008208840099988600F99486D40F001004D
:102B80004865FFE7FFE70E980F99C96D01F01F0137
:102B9000C840C007002800F0A980FFE70F98006830
:102BA0001021C4F20201884200F08180FFE70F98F3
:102BB00000682821C4F20201884278D0FFE70F980C
:102BC00000684021C4F20201884270D0FFE70F98EC
:102BD00000685821C4F20201884268D0FFE70F98CC
:102BE00000687021C4F20201884260D0FFE70F98AC
:102BF00000688821C4F20201884258D0FFE70F988C
:102C00000068A021C4F20201884250D0FFE70F986B
:102C10000068B821C4F20201884248D0FFE70F984B
:102C2000006840F21041C4F2020188423FD0FFE741
:102C30000F98006840F22841C4F20201884236D061
:102C4000FFE70F98006840F24041C4F20201884259
:102C50002DD0FFE70F98006840F25841C4F20201FE
:102C6000884224D0FFE70F98006840F27041C4F218
:102C7000020188421BD0FFE70F98006840F28841AC
:102C8000C4F20201884212D0FFE70F98006840F2B8
:102C9000A041C4F20201884209D0FFE70F98006802
:102CA00040F2B841C4F20201884207D1FFE70F9811
:102CB0000068406900F08000059005E00F9800680A
:102CC000006800200590FFE7059870B1FFE70F98B6
:102CD000C06D00F01F0101208840099988600F999C
:102CE000486D40F002004865FFE7FFE70E980F9936
:102CF000C96D01F01F01C8404007002840F1A980BC
:102D0000FFE70F9800681021C4F20201884200F02A
:102D10008180FFE70F9800682821C4F202018842F1
:102D200078D0FFE70F9800684021C4F20201884282
:102D300070D0FFE70F9800685821C4F20201884262
:102D400068D0FFE70F9800687021C4F20201884242
:102D500060D0FFE70F9800688821C4F20201884222
:102D600058D0FFE70F980068A021C4F20201884202
:102D700050D0FFE70F980068B821C4F202018842E2
:102D800048D0FFE70F98006840F21041C4F20201FA
:102D900088423FD0FFE70F98006840F22841C4F214
:102DA0000201884236D0FFE70F98006840F24041A8
:102DB000C4F2020188422DD0FFE70F98006840F26C
:102DC0005841C4F20201884224D0FFE70F980068FE
:102DD00040F27041C4F2020188421BD0FFE70F9815
:102DE000006840F28841C4F20201884212D0FFE735
:102DF0000F98006840F2A041C4F20201884209D055
:102E0000FFE70F98006840F2B841C4F2020188421F
:102E100007D1FFE70F980068006800F002000490F7
:102E200005E00F980068006800200490FFE7049810
:102E300070B1FFE70F98C06D00F01F0104208840BB
:102E4000099988600F99486D40F004004865FFE7D4
:102E5000FFE70E980F99C96D01F01F01C840C00629
:102E6000002840F1DE80FFE70F9800681021C4F2CF
:102E70000201884200F08180FFE70F980068282156
:102E8000C4F20201884278D0FFE70F980068402121
:102E9000C4F20201884270D0FFE70F980068582101
:102EA000C4F20201884268D0FFE70F9800687021E1
:102EB000C4F20201884260D0FFE70F9800688821C1
:102EC000C4F20201884258D0FFE70F980068A021A1
:102ED000C4F20201884250D0FFE70F980068B82181
:102EE000C4F20201884248D0FFE70F98006840F220
:102EF0001041C4F2020188423FD0FFE70F980068FA
:102F000040F22841C4F20201884236D0FFE70F9810
:102F1000006840F24041C4F2020188422DD0FFE730
:102F20000F98006840F25841C4F20201884224D050
:102F3000FFE70F98006840F27041C4F20201884236
:102F40001BD0FFE70F98006840F28841C4F20201ED
:102F5000884212D0FFE70F98006840F2A041C4F207
:102F60000201884209D0FFE70F98006840F2B8419B
:102F7000C4F20201884207D1FFE70F980068006899
:102F800000F00800039006E00F980068006800F069
:102F900004000390FFE70398002841D0FFE70F9853
:102FA000C06D00F01F0110208840099988600F98BB
:102FB00000680068400300281AD5FFE70F980068F2
:102FC00000680003002809D4FFE70F98006C20B1C7
:102FD000FFE70F98016C8847FFE708E00F98806CC7
:102FE00020B1FFE70F98816C8847FFE7FFE716E005
:102FF0000F9800680068C005002807D4FFE70F9805
:103000000168086820F008000860FFE70F98006C6E
:1030100020B1FFE70F98016C8847FFE7FFE7FFE764
:10302000FFE70E980F99C96D01F01F01C840800697
:10303000002840F12681FFE70F9800681021C4F2B4
:103040000201884200F08180FFE70F980068282184
:10305000C4F20201884278D0FFE70F98006840214F
:10306000C4F20201884270D0FFE70F98006858212F
:10307000C4F20201884268D0FFE70F98006870210F
:10308000C4F20201884260D0FFE70F9800688821EF
:10309000C4F20201884258D0FFE70F980068A021CF
:1030A000C4F20201884250D0FFE70F980068B821AF
:1030B000C4F20201884248D0FFE70F98006840F24E
:1030C0001041C4F2020188423FD0FFE70F98006828
:1030D00040F22841C4F20201884236D0FFE70F983F
:1030E000006840F24041C4F2020188422DD0FFE75F
:1030F0000F98006840F25841C4F20201884224D07F
:10310000FFE70F98006840F27041C4F20201884264
:103110001BD0FFE70F98006840F28841C4F202011B
:10312000884212D0FFE70F98006840F2A041C4F235
:103130000201884209D0FFE70F98006840F2B841C9
:10314000C4F20201884207D1FFE70F9800680068C7
:1031500000F01000029006E00F980068006800F090
:1031600002000290FFE70298002800F08980FFE744
:103170000F98C06D00F01F012020884009998860D9
:103180000F9890F83500042837D1FFE70F980168B1
:10319000086820F0160008600F980168486920F060
:1031A000800048610F98006C20B9FFE70F98806C91
:1031B00038B1FFE70F980168086820F00800086040
:1031C000FFE70F98C06D00F01F013F20884009996C
:1031D00088600F99012081F83500FFE70F990020E2
:1031E00081F83400FFE70F98006D20B1FFE70F98DA
:1031F000016D8847FFE700F019BC0F980068006870
:10320000400300281AD5FFE70F9800680068000304
:10321000002809D4FFE70F98406C20B1FFE70F9812
:10322000416C8847FFE708E00F98C06B20B1FFE7CB
:103230000F98C16B8847FFE7FFE720E00F98006811
:103240000068C005002811D4FFE70F9801680868DE
:1032500020F0100008600F99012081F83500FFE789
:103260000F99002081F83400FFE7FFE70F98C06B4B
:1032700020B1FFE70F98C16B8847FFE7FFE7FFE743
:10328000FFE70F98406D002800F0D480FFE70F980B
:10329000406DC007002800F0C480FFE70F990420AC
:1032A00081F835000F9800681021C4F202018842AD
:1032B00000F08180FFE70F9800682821C4F2020126
:1032C000884278D0FFE70F9800684021C4F20201DD
:1032D000884270D0FFE70F9800685821C4F20201BD
:1032E000884268D0FFE70F9800687021C4F202019D
:1032F000884260D0FFE70F9800688821C4F202017D
:10330000884258D0FFE70F980068A021C4F202015C
:10331000884250D0FFE70F980068B821C4F202013C
:10332000884248D0FFE70F98006840F21041C4F28D
:10333000020188423FD0FFE70F98006840F2284121
:10334000C4F20201884236D0FFE70F98006840F2CD
:103350004041C4F2020188422DD0FFE70F98006877
:1033600040F25841C4F20201884224D0FFE70F988E
:10337000006840F27041C4F2020188421BD0FFE7AE
:103380000F98006840F28841C4F20201884212D0CE
:10339000FFE70F98006840F2A041C4F202018842A2
:1033A00009D0FFE70F98006840F2B841C4F202016B
:1033B000884207D1FFE70F980168086820F00100F4
:1033C000086006E00F980168086820F001000860B6
:1033D000FFE7FFE70B9801300B900A99884201D96B
:1033E000FFE707E0FFE70F9800680068C0070028C4
:1033F000F0D1FFE70F9800680068C00728B1FFE729
:103400000F99032081F8350004E00F99012081F81D
:103410003500FFE7FFE70F99002081F83400FFE750
:10342000FFE70F98C06C20B1FFE70F98C16C884789
:10343000FFE7FFE7FAE20F980168012045F2084232
:10344000C5F60202914201904ED0FFE70F98016845
:10345000012045F21C42C5F602029142019043D080
:10346000FFE70F980168012045F23042C5F60202DD
:103470009142019038D0FFE70F980168012045F292
:103480004442C5F60202914201902DD0FFE70F9809
:103490000168012045F25842C5F6020291420190AE
:1034A00022D0FFE70F980168012045F26C42C5F673
:1034B00002029142019017D0FFE70F9801680120A6
:1034C00045F28042C5F60202914201900CD0FFE71E
:1034D0000F9800684AF66C31CAF2FD710844B0FAE0
:1034E00080F040090190FFE70198C007002800F034
:1034F0009B82FFE70F98006800680C900D980F9969
:10350000C96D01F01F01C8404007002840F1D78075
:10351000FFE79DF830004007002840F1D080FFE72A
:103520000F98C06D00F01F01042088400899486082
:103530009DF831000006002818D5FFE79DF83200FD
:10354000C00748B9FFE70F98806C20B1FFE70F98DC
:10355000816C8847FFE708E00F98006C20B1FFE717
:103560000F98016C8847FFE7FFE7A7E09DF8300060
:103570008006002800F19980FFE70F98006810216D
:10358000C4F20201884200F08180FFE70F980068D2
:103590002821C4F20201884278D0FFE70F98006822
:1035A0004021C4F20201884270D0FFE70F98006802
:1035B0005821C4F20201884268D0FFE70F980068E2
:1035C0007021C4F20201884260D0FFE70F980068C2
:1035D0008821C4F20201884258D0FFE70F980068A2
:1035E000A021C4F20201884250D0FFE70F98006882
:1035F000B821C4F20201884248D0FFE70F98006862
:1036000040F21041C4F2020188423FD0FFE70F9818
:10361000006840F22841C4F20201884236D0FFE738
:103620000F98006840F24041C4F2020188422DD058
:10363000FFE70F98006840F25841C4F20201884247
:1036400024D0FFE70F98006840F27041C4F20201F5
:1036500088421BD0FFE70F98006840F28841C4F20F
:103660000201884212D0FFE70F98006840F2A041A3
:10367000C4F20201884209D0FFE70F98006840F2C7
:10368000B841C4F20201884207D1FFE70F980168F0
:10369000086820F00800086006E00F9801680868D4
:1036A00020F004000860FFE7FFE70F98006C20B1EE
:1036B000FFE70F98016C8847FFE7FFE7B3E10D983C
:1036C0000F99C96D01F01F01C8408007002840F123
:1036D000E180FFE79DF830008007002840F1DA80A4
:1036E000FFE70F98C06D00F01F0102208840089985
:1036F00048609DF831000006002818D5FFE79DF8C6
:103700003200C00748B9FFE70F98406C20B1FFE7CF
:103710000F98416C8847FFE708E00F98C06B20B115
:10372000FFE70F98C16B8847FFE7FFE7B1E09DF81F
:1037300030008006002800F1A380FFE70F980068A2
:103740001021C4F20201884200F08180FFE70F9847
:1037500000682821C4F20201884278D0FFE70F9860
:1037600000684021C4F20201884270D0FFE70F9840
:1037700000685821C4F20201884268D0FFE70F9820
:1037800000687021C4F20201884260D0FFE70F9800
:1037900000688821C4F20201884258D0FFE70F98E0
:1037A0000068A021C4F20201884250D0FFE70F98C0
:1037B0000068B821C4F20201884248D0FFE70F98A0
:1037C000006840F21041C4F2020188423FD0FFE796
:1037D0000F98006840F22841C4F20201884236D0B6
:1037E000FFE70F98006840F24041C4F202018842AE
:1037F0002DD0FFE70F98006840F25841C4F2020153
:10380000884224D0FFE70F98006840F27041C4F26C
:10381000020188421BD0FFE70F98006840F2884100
:10382000C4F20201884212D0FFE70F98006840F20C
:10383000A041C4F20201884209D0FFE70F98006856
:1038400040F2B841C4F20201884207D1FFE70F9865
:103850000168086820F01400086006E00F9801680D
:10386000086820F00A000860FFE70F99012081F83E
:103870003500FFE70F99002081F83400FFE7FFE7EC
:103880000F98C06B20B1FFE70F98C16B8847FFE727
:10389000FFE7C7E00D980F99C96D01F01F01C840FF
:1038A0000007002840F1BC80FFE79DF830000007CA
:1038B000002840F1B580FFE70F9800681021C4F29E
:1038C0000201884200F08180FFE70F9800682821FC
:1038D000C4F20201884278D0FFE70F9800684021C7
:1038E000C4F20201884270D0FFE70F9800685821A7
:1038F000C4F20201884268D0FFE70F980068702187
:10390000C4F20201884260D0FFE70F980068882166
:10391000C4F20201884258D0FFE70F980068A02146
:10392000C4F20201884250D0FFE70F980068B82126
:10393000C4F20201884248D0FFE70F98006840F2C5
:103940001041C4F2020188423FD0FFE70F9800689F
:1039500040F22841C4F20201884236D0FFE70F98B6
:10396000006840F24041C4F2020188422DD0FFE7D6
:103970000F98006840F25841C4F20201884224D0F6
:10398000FFE70F98006840F27041C4F202018842DC
:103990001BD0FFE70F98006840F28841C4F2020193
:1039A000884212D0FFE70F98006840F2A041C4F2AD
:1039B0000201884209D0FFE70F98006840F2B84141
:1039C000C4F20201884207D1FFE70F980168086836
:1039D00020F01C00086006E00F980168086820F0DD
:1039E0000E000860FFE70F98C06D00F01F01012076
:1039F00000FA01F1089A51600F9948650F9981F812
:103A00003500FFE70F99002081F83400FFE70F9899
:103A1000C06C20B1FFE70F98C16C8847FFE700E05A
:103A2000FFE7FFE7FFE700E0FFE7FFE710B080BD3B
:103A300010B58EB00C9002F0B3FB0A900C9828B928
:103A4000FFE701208DF8370000F09EBC0C9801685C
:103A500001201022C4F202029142079000F0A380DC
:103A6000FFE70C98016801202822C4F2020291426B
:103A7000079000F09880FFE70C9801680120402231
:103A8000C4F202029142079000F08D80FFE70C988B
:103A9000016801205822C4F202029142079000F00E
:103AA0008280FFE70C98016801207022C4F20202B4
:103AB0009142079077D0FFE70C9801680120882297
:103AC000C4F20202914207906DD0FFE70C980168A2
:103AD0000120A022C4F202029142079063D0FFE7C6
:103AE0000C9801680120B822C4F2020291420790AA
:103AF00059D0FFE70C980168012040F21042C4F24F
:103B00000202914207904ED0FFE70C980168012015
:103B100040F22842C4F202029142079043D0FFE7EC
:103B20000C980168012040F24042C4F20202914226
:103B3000079038D0FFE70C980168012040F2584206
:103B4000C4F20202914207902DD0FFE70C98016861
:103B5000012040F27042C4F202029142079022D04A
:103B6000FFE70C980168012040F28842C4F202028B
:103B70009142079017D0FFE70C980168012040F2AE
:103B8000A042C4F20202914207900CD0FFE70C98C9
:103B900000684FF64831CBF6FD710844B0FA80F06A
:103BA00040090790FFE70798C007002800F07881D8
:103BB000FFE70C98406A08B1FFE7FFE70C99022085
:103BC00081F83500FFE70C99002081F83400FFE709
:103BD0000C9800681021C4F20201884200F0818034
:103BE000FFE70C9800682821C4F20201884278D0CF
:103BF000FFE70C9800684021C4F20201884270D0AF
:103C0000FFE70C9800685821C4F20201884268D08E
:103C1000FFE70C9800687021C4F20201884260D06E
:103C2000FFE70C9800688821C4F20201884258D04E
:103C3000FFE70C980068A021C4F20201884250D02E
:103C4000FFE70C980068B821C4F20201884248D00E
:103C5000FFE70C98006840F21041C4F2020188426C
:103C60003FD0FFE70C98006840F22841C4F20201FF
:103C7000884236D0FFE70C98006840F24041C4F219
:103C8000020188422DD0FFE70C98006840F25841AD
:103C9000C4F20201884224D0FFE70C98006840F289
:103CA0007041C4F2020188421BD0FFE70C98006803
:103CB00040F28841C4F20201884212D0FFE70C981A
:103CC000006840F2A041C4F20201884209D0FFE737
:103CD0000C98006840F2B841C4F20201884207D152
:103CE000FFE70C980168086820F00100086006E012
:103CF0000C980168086820F001000860FFE7FFE702
:103D00000C9800680068C00798B1FFE702F048FA15
:103D10000A99401A06280BD3FFE70C992020486522
:103D20000C99032081F8350001208DF837002BE332
:103D3000E6E70C98006800680B900B9848F23F018A
:103D4000CFF6106108400B900C998868D1F80CC030
:103D50000B694A6940EA0C00184310438A69104312
:103D6000CA691043096A01430B9808430B900C98E9
:103D7000406A042808D1FFE70C99C86A096B01431F
:103D80000B9808430B90FFE70C984068292807D34D
:103D9000FFE70C98416801202F29069036D3FFE7F2
:103DA0000C9840683F2807D3FFE70C984168012032
:103DB000432906902AD3FFE70C984068472807D389
:103DC000FFE70C9841680120492906901ED3FFE7C0
:103DD0000C9840684F2807D3FFE70C9841680120F2
:103DE0005329069012D3FFE70C98416800207429EC
:103DF000059008D3FFE70C9841680020782938BF68
:103E000001200590FFE705980690FFE70698C00798
:103E100028B1FFE70B9840F480100B90FFE70B9858
:103E20000C99096808600C98006840690B900B9821
:103E300020F007000B900C98416A0B9808430B90F8
:103E40000C98406A04281AD1FFE70C98816A0B98F5
:103E500008430B900C98C06A80B1FFE70C98FCF700
:103E600027FF50B1FFE70C99402048650C990120CD
:103E700081F835008DF8370086E2FFE7FFE70B9801
:103E80000C99096848610C98FCF7D6FC09900C98CD
:103E9000C06D00F01F013F2088400999886026E12D
:103EA0000C980168012045F20842C5F602029142D1
:103EB00004904ED0FFE70C980168012045F21C42A7
:103EC000C5F602029142049043D0FFE70C980168C6
:103ED000012045F23042C5F602029142049038D0EA
:103EE000FFE70C980168012045F24442C5F6020242
:103EF000914204902DD0FFE70C980168012045F213
:103F00005842C5F602029142049022D0FFE70C9875
:103F10000168012045F26C42C5F60202914204900C
:103F200017D0FFE70C980168012045F28042C5F6E2
:103F30000202914204900CD0FFE70C9800684AF608
:103F40006C31CAF2FD710844B0FA80F04009049067
:103F5000FFE70498C007002800F0BD80FFE70C9839
:103F60000168012045F20842C5F602029142039021
:103F70004ED0FFE70C980168012045F21C42C5F6BF
:103F800002029142039043D0FFE70C9801680120A0
:103F900045F23042C5F602029142039038D0FFE765
:103FA0000C980168012045F24442C5F60202914294
:103FB00003902DD0FFE70C980168012045F258428C
:103FC000C5F602029142039022D0FFE70C980168E7
:103FD000012045F26C42C5F602029142039017D0CF
:103FE000FFE70C980168012045F28042C5F6020205
:103FF000914203900CD0FFE70C9800684AF66C31B0
:10400000CAF2FD710844B0FA80F040090390FFE75E
:104010000398C00708B1FFE7FFE70C99022081F879
:104020003500FFE70C99002081F83400FFE70C9879
:10403000006800680B900B986FF310100B900C98B1
:104040008068402803D1FFE71020029008E00C9818
:1040500080688038B0FA80F0400980030290FFE762
:1040600002980C99CA680B69D1F814C0D1F818E00D
:10407000CC694EEA040E4CEA0E0C43EA0C031A43D8
:1040800040EAD200096A40EA11110B9808430B90EC
:104090000B980C99096808600C9908684AF6F83280
:1040A000CAF2FD7210444CF6CD42CCF6CC42A0FBD5
:1040B00002026FF0030000EA9200C8650C98FCF75A
:1040C000BBFB08900C98C06D00F01F0101208840D8
:1040D000089948600AE00C99402048650C99032033
:1040E00081F8350001208DF837004DE1FFE70C988D
:1040F000016801201022C4F202029142019000F0F6
:104100000381FFE70C98016801202822C4F2020213
:104110009142019000F0F880FFE70C9801680120BF
:104120004022C4F202029142019000F0ED80FFE7CC
:104130000C98016801205822C4F2020291420190B9
:1041400000F0E280FFE70C98016801207022C4F2C1
:1041500002029142019000F0D780FFE70C980168BD
:1041600001208822C4F202029142019000F0CC802A
:10417000FFE70C9801680120A022C4F202029142DC
:10418000019000F0C180FFE70C9801680120B8227F
:10419000C4F202029142019000F0B680FFE70C9851
:1041A0000168012040F21042C4F2020291420190E3
:1041B00000F0AA80FFE70C980168012040F2284235
:1041C000C4F202029142019000F09E80FFE70C9839
:1041D0000168012040F24042C4F202029142019083
:1041E00000F09280FFE70C980168012040F25842ED
:1041F000C4F202029142019000F08680FFE70C9821
:104200000168012040F27042C4F202029142019022
:104210007AD0FFE70C980168012040F28842C4F28E
:104220000202914201906FD0FFE70C9801680120D3
:1042300040F2A042C4F202029142019064D0FFE732
:104240000C980168012040F2B842C4F20202914287
:10425000019059D0FFE70C980168012045F208420F
:10426000C5F60202914201904ED0FFE70C9801681A
:10427000012045F21C42C5F602029142019043D052
:10428000FFE70C980168012045F23042C5F60202B2
:104290009142019038D0FFE70C980168012045F267
:1042A0004442C5F60202914201902DD0FFE70C98DE
:1042B0000168012045F25842C5F602029142019080
:1042C00022D0FFE70C980168012045F26C42C5F648
:1042D00002029142019017D0FFE70C98016801207B
:1042E00045F28042C5F60202914201900CD0FFE7F0
:1042F0000C9800684AF66C31CAF2FD710844B0FAB5
:1043000080F040090190FFE70198C00790B3FFE7F4
:104310000C98FCF779FB0C988068802804D1FFE7A3
:104320000C9900204860FFE70C990879096E086035
:104330000C98416E806E48600C98406888B1FFE729
:104340000C98406808280CD8FFE70C98FCF718FC7C
:104350000C98C16E002008600C98016F406F486097
:1043600007E00C990020C8660C9908670C9948670B
:10437000FFE7FFE70C99002048650C9A012182F8BD
:1043800035108DF83700FFE79DF837000EB010BDEF
:1043900080B588B0069005910492039300208DF8B3
:1043A0000B00069820B9FFE701208DF81F006CE391
:1043B000FFE7069890F83400012804D1FFE70220B7
:1043C0008DF81F0061E30699012081F83400FFE7B2
:1043D000FFE7069890F83500012840F04383FFE797
:1043E0000699022081F83500069900204865069854
:1043F00000681021C4F20201884200F08180FFE7CA
:10440000069800682821C4F20201884278D0FFE7AC
:10441000069800684021C4F20201884270D0FFE78C
:10442000069800685821C4F20201884268D0FFE76C
:10443000069800687021C4F20201884260D0FFE74C
:10444000069800688821C4F20201884258D0FFE72C
:1044500006980068A021C4F20201884250D0FFE70C
:1044600006980068B821C4F20201884248D0FFE7EC
:104470000698006840F21041C4F2020188423FD021
:10448000FFE70698006840F22841C4F20201884222
:1044900036D0FFE70698006840F24041C4F20201BE
:1044A00088422DD0FFE70698006840F25841C4F2D8
:1044B0000201884224D0FFE70698006840F270416C
:1044C000C4F2020188421BD0FFE70698006840F260
:1044D0008841C4F20201884212D0FFE706980068C2
:1044E00040F2A041C4F20201884209D0FFE70698D9
:1044F000006840F2B841C4F20201884207D1FFE7E8
:1045000006980168086820F00100086006E0069837
:104510000168086820F001000860FFE70698059927
:10452000049A039BFCF73CFC0698016801201022CA
:10453000C4F202029142019000F0A380FFE70698C6
:10454000016801202822C4F202029142019000F089
:104550009880FFE70698016801204022C4F2020219
:104560009142019000F08D80FFE7069801680120DC
:104570005822C4F202029142019000F08280FFE7CB
:104580000698016801207022C4F202029142019053
:1045900077D0FFE70698016801208822C4F2020262
:1045A000914201906DD0FFE7069801680120A0229A
:1045B000C4F202029142019063D0FFE706980168BD
:1045C0000120B822C4F202029142019059D0FFE7C3
:1045D00006980168012040F21042C4F202029142A2
:1045E00001904ED0FFE706980168012040F2284272
:1045F000C4F202029142019043D0FFE7069801689D
:10460000012040F24042C4F202029142019038D0AF
:10461000FFE706980168012040F25842C4F2020206
:10462000914201902DD0FFE706980168012040F2E9
:104630007042C4F202029142019022D0FFE7069834
:104640000168012040F28842C4F2020291420190C6
:1046500017D0FFE706980168012040F2A042C4F29B
:104660000202914201900CD0FFE7069800684FF6D5
:104670004831CBF6FD710844B0FA80F04009019052
:10468000FFE70198C007A8B1FFE706980068006837
:104690000B2161F344000699096808600698006CD4
:1046A00038B1FFE706980168086840F00800086024
:1046B000FFE714E0069800680068052161F34300F5
:1046C0000699096808600698006C38B1FFE70698FB
:1046D0000168086840F004000860FFE7FFE70698FB
:1046E000016801201022C4F202029142009000F001
:1046F0000381FFE70698016801202822C4F2020224
:104700009142009000F0F880FFE7069801680120D0
:104710004022C4F202029142009000F0ED80FFE7D7
:104720000698016801205822C4F2020291420090CA
:1047300000F0E280FFE70698016801207022C4F2D1
:1047400002029142009000F0D780FFE706980168CE
:1047500001208822C4F202029142009000F0CC8035
:10476000FFE7069801680120A022C4F202029142EC
:10477000009000F0C180FFE7069801680120B82290
:10478000C4F202029142009000F0B680FFE7069862
:104790000168012040F21042C4F2020291420090EE
:1047A00000F0AA80FFE706980168012040F2284245
:1047B000C4F202029142009000F09E80FFE706984A
:1047C0000168012040F24042C4F20202914200908E
:1047D00000F09280FFE706980168012040F25842FD
:1047E000C4F202029142009000F08680FFE7069832
:1047F0000168012040F27042C4F20202914200902E
:104800007AD0FFE706980168012040F28842C4F29E
:104810000202914200906FD0FFE7069801680120E4
:1048200040F2A042C4F202029142009064D0FFE73D
:1048300006980168012040F2B842C4F20202914297
:10484000009059D0FFE706980168012045F2084220
:10485000C5F60202914200904ED0FFE7069801682B
:10486000012045F21C42C5F602029142009043D05D
:10487000FFE706980168012045F23042C5F60202C2
:104880009142009038D0FFE706980168012045F278
:104890004442C5F60202914200902DD0FFE70698EF
:1048A0000168012045F25842C5F60202914200908B
:1048B00022D0FFE706980168012045F26C42C5F658
:1048C00002029142009017D0FFE70698016801208C
:1048D00045F28042C5F60202914200900CD0FFE7FB
:1048E000069800684AF66C31CAF2FD710844B0FAC5
:1048F00080F040090090FFE70098C007D0B1FFE7C3
:104900000698006E0068C003002807D5FFE70698E8
:10491000016E086840F480700860FFE70698C06E7A
:1049200038B1FFE70698C16E086840F480700860EF
:10493000FFE7FFE7069800681021C4F202018842F1
:1049400000F08180FFE7069800682821C4F2020188
:10495000884278D0FFE7069800684021C4F202013F
:10496000884270D0FFE7069800685821C4F202011F
:10497000884268D0FFE7069800687021C4F20201FF
:10498000884260D0FFE7069800688821C4F20201DF
:10499000884258D0FFE706980068A021C4F20201BF
:1049A000884250D0FFE706980068B821C4F202019F
:1049B000884248D0FFE70698006840F21041C4F2F0
:1049C000020188423FD0FFE70698006840F2284184
:1049D000C4F20201884236D0FFE70698006840F230
:1049E0004041C4F2020188422DD0FFE706980068DA
:1049F00040F25841C4F20201884224D0FFE70698F1
:104A0000006840F27041C4F2020188421BD0FFE707
:104A10000698006840F28841C4F20201884212D030
:104A2000FFE70698006840F2A041C4F20201884204
:104A300009D0FFE70698006840F2B841C4F20201CD
:104A4000884207D1FFE706980168086840F0010036
:104A5000086006E006980168086840F001000860F8
:104A6000FFE70DE006994FF400604865FFE70699FF
:104A7000002081F83400FFE701208DF80B00FFE7EC
:104A80009DF80B008DF81F00FFE79DF81F0008B090
:104A900080BD00000000000085B0039002910192EB
:104AA000039890F898008DF803009DF80300012802
:104AB00005D0FFE79DF8030002285DD1FFE70298CB
:104AC00003990968896D084207D1FFE703980168D7
:104AD000C86D40F00100C86515E0029803990968A7
:104AE000896D08400299884207D1FFE70398016861
:104AF000C86D40F00200C86504E003980168032017
:104B0000C865FFE7FFE79DF809008007002809D581
:104B1000FFE7019A03980168D1F8E0001043C1F85B
:104B2000E000FFE79DF809004007002809D5FFE7EE
:104B3000019A03980168D1F8E4001043C1F8E40039
:104B4000FFE7FFE702984FF6FF71C3F6CF7100EA67
:104B5000010203980168486D10434865029A4AF6BD
:104B60001401C4F20001086840EA92700860FFE78F
:104B700000208DF813000AE00399D1F89C0040F062
:104B80000200C1F89C0001208DF81300FFE79DF89A
:104B9000130005B07047000080B586B00490039103
:104BA00002920398406808B9FFE700E0FFE7049825
:104BB00090F89800022845D1FFE704980068D0F8E3
:104BC000C00010F07C5F0BD1FFE70499D1F89C0086
:104BD00040F02000C1F89C0001208DF817003CE057
:104BE00004980068D0F8C400800200280BD5FFE7C5
:104BF0000499D1F89C0040F40070C1F89C00012099
:104C00008DF8170029E004980068D0F8C400C0F3BC
:104C10000440019004980399029A019BFCF7B8FDA7
:104C20000199012000FA01F1049A1268C2F8D0102B
:104C3000019988400499C1F89400FFE700208DF89D
:104C400017000AE00499D1F89C0040F00800C1F870
:104C50009C0001208DF81700FFE79DF8170006B0B3
:104C600080BD00000000000082B00190009102B001
:104C7000704700000000000087B00590049105987F
:104C800090F898008DF803009DF80300012805D0E6
:104C9000FFE79DF8030002286AD1FFE70498C06887
:104CA000072801D1FFE7FFE70498006878BBFFE71A
:104CB0000498C068072801D0FFE7FFE70498C068A0
:104CC00007280CD1FFE7049A10699169D2690004A2
:104CD00040EA0220084340F0605003900CE0049941
:104CE0008868CB680A694969800740EAC36040EA7E
:104CF000024008430390FFE70598C06E0499496895
:104D000000EB810001900398019908602CE0049861
:104D1000C068072801D0FFE7FFE70498C168006971
:104D200040EA417003900498C068072804D1FFE767
:104D300004988069029006E004988168406940EA1E
:104D400081700290FFE70598006F0499496800EBB5
:104D5000C100019003980199086001980430019006
:104D6000029801990860FFE700208DF81B000AE017
:104D70000599D1F89C0040F00200C1F89C00012088
:104D80008DF81B00FFE79DF81B0007B0704700007F
:104D900085B0DDF814C0039002910192009303984E
:104DA00090F89800012812D1FFE7029800010199BC
:104DB00040EA8100009940EA4100059908430399BF
:104DC0000968C1F8800000208DF813000AE00399FB
:104DD000D1F89C0040F00400C1F89C0001208DF83F
:104DE0001300FFE79DF8130005B0704700000000B6
:104DF00081B0009001B0704782B00190009102B084
:104E000070470000000000008AB0089007910692E9
:104E1000059300200190089890F898008DF8030001
:104E20009DF80300022840F05C81FFE707984028C6
:104E300051D1FFE708980068D0F8A00010F4FE0FE9
:104E40000BD1FFE70899D1F89C0040F02000C1F891
:104E50009C0001208DF827004EE108980068D0F8EA
:104E6000A400400658B9FFE70899D1F89C0040F427
:104E70008070C1F89C0001208DF827003CE1089863
:104E80000068D0F8A40000F080710120B0EB116F31
:104E90000DD1FFE708980068D0F8A0100120B0EB12
:104EA000D17F03D1FFE701200190FFE7FFE70898DA
:104EB0000068D0F8A40000F47C51019800EB1120A8
:104EC00001900898426C406F0199514300EB8100BA
:104ED0000490FFE770E00798412851D1FFE7089858
:104EE0000068D0F8B00010F4FE0F0BD1FFE708996E
:104EF000D1F89C0040F02000C1F89C0001208DF802
:104F00002700F9E008980068D0F8B400400658B9C6
:104F1000FFE70899D1F89C0040F48070C1F89C002C
:104F200001208DF82700E7E008980068D0F8B40069
:104F300000F080710120B0EB116F0DD1FFE70898F0
:104F40000068D0F8B0100120B0EBD17F03D1FFE7AB
:104F500001200190FFE7FFE708980068D0F8B4004F
:104F600000F47C51019800EB112001900898C26C6C
:104F7000806F0199514300EB81000490FFE71AE034
:104F800007980899096D88420BD3FFE70899D1F873
:104F90009C0040F02000C1F89C0001208DF8270003
:104FA000AAE00898426DC06F0799514300EB810059
:104FB0000490FFE7FFE7FFE70498006800F08040F7
:104FC000069948600698406838B9FFE70498006879
:104FD000C0F38A400699086006E00498006820F053
:104FE000604006990860FFE70498006800F00050F0
:104FF000069988600498006800F0004006990861EE
:10500000049804300490049800880699C8610498B4
:105010000068C0F303400699C8600498006800F473
:105020008010069948610498006800F40010069901
:10503000886104980068C0F30660069908620498C5
:105040000068C00F069948620498043004900498E0
:10505000039000200290FFE702980699CA684FF279
:105060000C21C0F60001895C88420AD2FFE7039850
:10507000029A805C05998854FFE7029801300290FB
:10508000EAE70798402806D1FFE7019808990968E0
:10509000C1F8A80021E00798412806D1FFE7019850
:1050A00008990968C1F8B80016E007981F2808D8C1
:1050B000FFE707990120884008990968C1F898001E
:1050C00009E0079800F01F0101208840089909684D
:1050D000C1F89C00FFE7FFE7FFE700208DF82700FD
:1050E0000AE00899D1F89C0040F00800C1F89C0043
:1050F00001208DF82700FFE79DF827000AB07047D0
:1051000081B0009001B0704780B594B013904AF61A
:105110001000C4F200000068800712904AF61400E4
:10512000C4F200000168129800EA8170129013988E
:105130000068006D00F47040119013980068416D94
:1051400011980840119013980068006D00F00F004E
:10515000109013980068416D1098084010901398B3
:105160000068006D00F0F0000F9013980068416D2A
:105170000F9808400F9013980068006D00F0715070
:105180000E9013980068416D0E9808400E90139889
:105190000068006D00F060700D9013980068416D1C
:1051A0000D9808400D9013980068406D0390139877
:1051B0000068006D01909DF80D00C007B8B1FFE7D1
:1051C0009DF80500C00788B1FFE7FFE71398016865
:1051D0004FF4807008654AF61001C4F20001002007
:1051E0000860FFE71398FFF78BFFFFE7FFE79DF8E5
:1051F0000D0000F004010020B0EB910F28D0FFE774
:105200009DF8050000F004010020B0EB910F1ED0C6
:10521000FFE713980068D0F8DC000B901398006843
:10522000D0F8E4100B9808400B90FFE71398016842
:105230004FF4806008654AF61001C4F200010020B6
:105240000860FFE713980B9900F0A2FDFFE7FFE766
:105250001298B8B1FFE7FFE712984FF6FF71C3F657
:10526000CF7108401399096808651298800F4AF6B3
:105270001001C4F200010860FFE713981299FFF7CC
:10528000F3FCFFE71198B8B1FFE7FFE711984FF67D
:10529000FF71C3F6CF71084013990968086511982A
:1052A000800F4AF61001C4F200010860FFE713986E
:1052B000119900F07DFDFFE71098B8B1FFE7FFE717
:1052C00010984FF6FF71C3F6CF7108401399096823
:1052D00008651098800F4AF61001C4F200010860BA
:1052E000FFE71398109900F0D7FCFFE70F98B8B1CB
:1052F000FFE7FFE70F984FF6FF71C3F6CF71084045
:105300001399096808650F98800F4AF61001C4F2D6
:1053100000010860FFE713980F9900F0E1FCFFE738
:105320009DF80D0000F008010020B0EBD10F1BD05C
:10533000FFE79DF8050000F008010020B0EBD10F59
:1053400011D0FFE7FFE7139801684FF4006008658C
:105350004AF61001C4F2000100200860FFE713982C
:1053600000F02EFDFFE7FFE79DF80D0000F00201C1
:105370000020B0EB510F28D0FFE79DF8050000F0AA
:1053800002010020B0EB510F1ED0FFE71398006818
:10539000D0F8D8000C9013980068D0F8E0100C9862
:1053A00008400C90FFE7139801684FF400700865FF
:1053B0004AF61001C4F2000100200860FFE71398CC
:1053C0000C9900F0EDFCFFE7FFE79DF80E0000F000
:1053D00008010020B0EBD10F1BD0FFE79DF80600BD
:1053E00000F008010020B0EBD10F11D0FFE7FFE77C
:1053F000139801684FF4002008654AF61001C4F2C2
:10540000000100200860FFE7139800F041FCFFE76F
:10541000FFE79DF80E00C007B8B1FFE79DF8060052
:10542000C00788B1FFE7FFE7139801684FF48030A9
:1054300008654AF61001C4F2000100200860FFE789
:10544000139800F0A1FCFFE7FFE79DF80E0000F0C5
:1054500004010020B0EB910F1BD0FFE79DF8060080
:1054600000F004010020B0EB910F11D0FFE7FFE73F
:10547000139801684FF4802008654AF61001C4F2C1
:10548000000100200860FFE7139800F079FCFFE7B7
:10549000FFE79DF80E0000F002010020B0EB510F75
:1054A0001FD0FFE79DF8060000F002010020B0EBDE
:1054B000510F15D0FFE7FFE7139801684FF4003054
:1054C00008654AF61001C4F2000100200860FFE7F9
:1054D0001399D1F89C0040F08000C1F89C00FFE7D0
:1054E000FFE70D98B8B1FFE7FFE70D984FF6FF71A2
:1054F000C3F6CF7108401399096808650D98800FAD
:105500004AF61001C4F200010860FFE713980D99F4
:10551000FFF772FCFFE70E98D0B1FFE7FFE70E98A8
:105520004FF6FF71C3F6CF710840139909680865FB
:105530000E98800F4AF61001C4F200010860FFE7E0
:105540000E9A1399D1F89C001043C1F89C00FFE714
:10555000139800684AF20001C4F20001884240F04A
:10556000B980FFE71398406880688007002800F042
:10557000B080FFE713984068006A00F00F000A90BF
:1055800013984068416A0A9808400A901398406846
:10559000006A00F03000099013984068416A099849
:1055A0000840099013984068006A00F4C0700890A1
:1055B00013984068416A089808400890139840681A
:1055C000006A00F4FC40079013984068416A07980D
:1055D0000840079013984068006A00F4F020069095
:1055E00013984068416A06980840069013984068EE
:1055F000406A029013984068006A00900A9848B187
:10560000FFE70A9813994968086213980A9900F00D
:105610009FFBFFE7099848B1FFE70998139949688C
:1056200008621398099900F0A3FBFFE79DF80800B2
:1056300000F040010020B0EB911F1FD0FFE79DF864
:10564000000000F040010020B0EB911F15D0FFE7F3
:1056500013984068C06B000C059013984068C06BAD
:1056600000F03F00049013984168402008621398AE
:105670000599049A00F074FBFFE7FFE7089848B12A
:10568000FFE708981399496808621398089900F091
:1056900057FBFFE7079860B1FFE707981399496840
:1056A0000862079A1399D1F89C001043C1F89C0036
:1056B000FFE7069860B1FFE706981399496808620A
:1056C000069A1399D1F89C001043C1F89C00FFE79B
:1056D000FFE7FFE71398D0F89C0020B1FFE713988D
:1056E000FFF786FBFFE714B080BD0000000000005C
:1056F00080B598B016904FF28C11C0F6000101A849
:105700004C22FAF726FF169820B9FFE701208DF802
:105710005F00D9E1169800684AF20001C4F2000166
:10572000884206D1FFE71699086800F58070486046
:10573000FFE716988068B0F5407F01D1FFE7FFE7EB
:105740001698006C08B1FFE7FFE71698806C08B167
:10575000FFE7FFE71698006D08B1FFE7FFE716982F
:10576000006E08B1FFE7FFE71699C86D096E08449F
:1057700008B1FFE7FFE7169890F8980040B9FFE7F7
:105780001699002081F89900169800F0A1F9FFE71A
:1057900016980168886920F01000886100F000FD0B
:1057A0001590FFE71698006880690007002817D554
:1057B000FFE700F0F5FC1599401A0B280FD3FFE71F
:1057C0001699D1F89C0040F00100C1F89C00169990
:1057D000032081F8980001208DF85F0074E1E1E773
:1057E00016980168886940F00100886100F0D8FCD3
:1057F0001590FFE7169800688069C007B8B9FFE701
:1058000000F0CEFC1599401A0B280FD3FFE716992C
:10581000D1F89C0040F00100C1F89C0016990320CB
:1058200081F8980001208DF85F004DE1E2E71698BD
:105830000168886940F0020088611698007C0128A0
:1058400007D1FFE716980168886920F04000886159
:1058500006E016980168886940F040008861FFE71B
:105860001698407C012807D1FFE7169801688869DF
:1058700040F48040886106E016980168886920F449
:1058800080408861FFE71698807C012807D1FFE7F8
:1058900016980168886920F48050886106E016989F
:1058A0000168886940F480508861FFE716980068B5
:1058B000806920F44070169A1168926810438861DC
:1058C00016980168886920F0A4008861169801681C
:1058D000086920F0100008611698C068012807D1F7
:1058E000FFE716980168886940F0040088612BE0A2
:1058F0001698C06830B3FFE71698C068022819D020
:10590000FFE716980168886940F080008861169862
:105910000168086940F0100008611698C068032803
:1059200007D1FFE716980168886940F02000886178
:10593000FFE706E016980168886940F0200088615A
:10594000FFE700E0FFE7FFE7169A116853699069E7
:10595000D2F81CE0A0F1010C6FF0FF0000EB0E206C
:1059600040EA4C60126A013A10430022CFF6FF72FF
:1059700002EB03421043C86116988068B0F5407F7F
:105980001CD1FFE7169A1168536A906AD2F82CE08E
:1059900001386FF0FF0C0CEB0E2C40EA0C00D2F833
:1059A00030C06FF00F0202EB0C1210430022CFF652
:1059B000FF7202EB03421043C860FFE71698006EC7
:1059C00048B1FFE716980168426ED1F8C000104355
:1059D000C1F8C000FFE71699C86D096E084480B190
:1059E000FFE716980068D0F8C80020F00700169A64
:1059F0001168936E01AA52F823201043C1F8C80021
:105A0000FFE71698006C80B1FFE716980068D0F8A1
:105A1000BC0020F00700169A1168536C01AA52F8D6
:105A200023201043C1F8BC00FFE71698806C88B1B2
:105A3000FFE716980068D0F8BC0020F07000169AB6
:105A40001168D36C01AA52F8232040EA0210C1F871
:105A5000BC00FFE71698006D88B1FFE71698006854
:105A6000D0F8BC0020F4E060169A1168536D01AACA
:105A700052F8232040EA0220C1F8BC00FFE7169844
:105A800000684AF20001C4F20001884207D1FFE732
:105A900016984168886820F003008860FFE716992F
:105AA0000020C1F894001699C1F89C0016990120B5
:105AB00081F898001698FBF707FD8DF853009DF8C4
:105AC00053008DF85F00FFE79DF85F0018B080BDC0
:105AD00080B5C0B03F9000203E903D903C903B9000
:105AE0003A900CA8B821FAF76EFD3F9800684AF288
:105AF0000001C4F2000188425FD1FFE700200D9051
:105B00004FF400400C904FF0805027900CA800F00C
:105B10006BFF18B1FFE7FBF7AFFCFFE740F2C000F7
:105B2000C2F200400168013101600068012810D113
:105B3000FFE7FFE744F2EC40C5F60200016841F4DC
:105B400080710160006800F480700B900B98FFE793
:105B5000FFE7FFE744F2E040C5F60200016841F0CC
:105B600008010160006800F008000A900A98FFE749
:105B700003203A9002203B90002006903C903D90FC
:105B800009203E9040F60040C5F602003AA900F018
:105B90001BF9069A132004900521059100F0ECFBF7
:105BA000049800F0DDFB0599069A1520079000F097
:105BB000E3FB079800F0D4FB68E03F9800684AF2E6
:105BC0000041C4F2000188425FD1FFE700200D9040
:105BD0004FF400400C904FF0805027900CA800F03C
:105BE00003FF18B1FFE7FBF747FCFFE740F2C000F7
:105BF000C2F200400168013101600068012810D143
:105C0000FFE7FFE744F2EC40C5F60200016841F40B
:105C100080710160006800F4807009900998FFE7C6
:105C2000FFE7FFE744F2E040C5F60200016841F0FB
:105C300002010160006800F0020008900898FFE788
:105C400060203A9002203B90002002903C903D90D2
:105C500009203E9040F20040C5F602003AA900F04B
:105C6000B3F8029A142000900521019100F084FB02
:105C7000009800F075FB0199029A1620039000F03D
:105C80007BFB039800F06CFBFFE7FFE740B080BDB3
:105C900081B0009001B0704780B582B00190009152
:105CA0009DF80000C007B8B1FFE7019840F2443109
:105CB000C2F20041884203D1FFE706F049FBFFE74B
:105CC000019840F2E431C2F20041884203D1FFE77B
:105CD00006F042FBFFE7FFE702B080BD00000000D6
:105CE00082B00190009102B07047000000000000F7
:105CF00082B00090009890F89800012811D1FFE739
:105D00000099022081F8980000980168886920F0C5
:105D10000100886100990020C1F89C008DF80700FF
:105D20000AE00099D1F89C0040F00400C1F89C0002
:105D300001208DF80700FFE79DF8070002B07047CB
:105D400082B00190009102B0704700000000000096
:105D500082B00190009102B0704700000000000086
:105D600083B002900191009203B0704700000000E0
:105D700082B00190009102B0704700000000000066
:105D800081B0009001B0704781B0009001B07047C1
:105D900082B00190009102B0704700000000000046
:105DA00082B00190009102B0704700000000000036
:105DB00082B00190009102B0704700000000000026
:105DC00081B0009001B070478FB00E900D9100200F
:105DD0000C908020C5F600000990FFE70D98006840
:105DE0000C99C840002800F0C181FFE70D980068B9
:105DF0000C9A0121914008400B900B98002800F06C
:105E0000B181FFE70D98406800F00300012807D03A
:105E1000FFE70D98406800F0030002282FD1FFE74C
:105E20000E9880680A900C984100032000FA01F156
:105E30000A9888430A900D98C0680C99490000FAA6
:105E400001F10A9808430A900A980E9988600E9802
:105E500040680A900C99012000FA01F10A988843E1
:105E60000A900D984068C0F300100C9900FA01F1F7
:105E70000A9808430A900A980E994860FFE70D981F
:105E8000406800F00300032818D0FFE70E98C068B0
:105E90000A900C984100032000FA01F10A98884307
:105EA0000A900D9880680C99490000FA01F10A984F
:105EB00008430A900A980E99C860FFE70D98406859
:105EC00000F00300022826D1FFE70E980C996FF02E
:105ED000030202EA51010844006A0A900C9800F09B
:105EE000070081000F2000FA01F10A9888430A9008
:105EF0000D9800690C9901F00701890000FA01F181
:105F00000A9808430A900A980E990C9B02EA5302D9
:105F100011440862FFE70E9800680A900C9841004F
:105F2000032000FA01F10A9888430A900D9840680E
:105F300000F003000C99490000FA01F10A980843A7
:105F40000A900A980E9908600D98807980070028B9
:105F500000F00781FFE7FFE744F2F440C5F60200D6
:105F6000016841F002010160006800F00200089041
:105F70000898FFE70C9820F0030040F20841C5F6AE
:105F8000000140580A900C9800F0030081000F2097
:105F900000FA01F10A9888430A900E980021C5F68C
:105FA0000201884203D1FFE7002007906CE00E98C1
:105FB00040F20041C5F60201884203D1FFE701200B
:105FC00006905EE00E9840F60001C5F60201884298
:105FD00003D1FFE70220059050E00E9840F6004103
:105FE000C5F60201884203D1FFE70320049042E096
:105FF0000E9841F20001C5F60201884203D1FFE785
:106000000420039034E00E9841F20041C5F60201ED
:10601000884203D1FFE70520029026E00E9841F662
:106020000001C5F60201884203D1FFE70620019076
:1060300018E00E9841F60041C5F60201884203D1EE
:10604000FFE7072000900AE00E9942F20042C5F6F1
:1060500002020A20914208BF09200090FFE7009841
:106060000190FFE701980290FFE702980390FFE795
:1060700003980490FFE704980590FFE705980690C1
:10608000FFE706980790FFE707980C9901F00301D6
:10609000890000FA01F10A9808430A900A980C99BD
:1060A00021F0030140F20842C5F6000288504FF08B
:1060B000B04000680A900B990A9888430A900D989E
:1060C0008079C006002805D5FFE70B990A98084398
:1060D0000A90FFE70A984FF0B04108600420C5F627
:1060E000000000680A900B990A9888430A900D985E
:1060F00080798006002805D5FFE70B990A980843A8
:106100000A90FFE70A980421C5F600010860099883
:1061100040680A900B990A9888430A900D988079F4
:106120008007002805D5FFE70B990A9808430A90D5
:10613000FFE70A9809994860099800680A900B9946
:106140000A9888430A900D988079C00728B1FFE724
:106150000B990A9808430A90FFE70A980999086082
:10616000FFE7FFE70C9801300C9037E60FB070475F
:1061700082B00190ADF802108DF801209DF8010069
:1061800028B1FFE7BDF802000199886105E0BDF87C
:106190000200000401998861FFE702B07047000027
:1061A00044F26C70C2F200400068704700000000CA
:1061B00040F21400C2F20040027844F26C71C2F264
:1061C00000410868104408607047000000000000AB
:1061D00080B582B0032000F0E7F801F0E1FE44F260
:1061E0001842C5F602021168C1F303234FF2FC11F5
:1061F000C0F60001CB5C03F01F03D840009000986C
:10620000126802F00F02895C01F01F01C84040F2E1
:106210001001C2F200410860009840F20C01C2F285
:10622000004108600F2000F013F820B1FFE70120C3
:106230008DF8070005E000F077F800208DF80700E2
:10624000FFE79DF8070002B080BD000000000000DD
:1062500080B590B00E900E980F2810D8FFE70E99D9
:106260001C200090002200F087F8009800F078F8D9
:106270000E9840F21801C2F20041086003E00120CC
:106280008DF83F004CE0FFE744F2E840C5F602001D
:10629000016841F001010160006800F00100019017
:1062A0000198FFE706A802A901F0E2FD0B9804900F
:1062B000049820B9FFE701F04BFE059004E001F0DF
:1062C00047FE40000590FFE705984DF68361C4F254
:1062D0001B31A0FB01014FF0FF3000EB9140039018
:1062E00040F28440C2F200404FF08041016040F231
:1062F000E731C1600399416000210161816002F0D2
:10630000F3FC48B9FFE740F28440C2F2004002F0DB
:1063100043FD8DF83F0003E001208DF83F00FFE7CB
:106320009DF83F0010B080BD80B582B0FFE744F219
:10633000F440C5F60200016841F002010160006806
:1063400000F0020001900198FFE76FF001000F21BB
:10635000002200F011F802B080BD00000000000033
:1063600080B582B0ADF80600BDF9060005F0B4FEB8
:1063700002B080BD0000000080B586B0ADF8160008
:106380000491039205F0C0FE0290BDF91600019041
:1063900002980499039A03F0ABFF0146019805F0B7
:1063A000BBFE06B080BD000080B582B001900198B0
:1063B00005F0FAFE02B080BD80B584B0029044F6CC
:1063C0000C00C5F60200006800F004010020B0EBEC
:1063D000910F13D1FFE744F60C00C5F602000068E8
:1063E00000F007000299884204D0FFE701208DF8F1
:1063F0000F002EE000208DF80F002AE044F60C017B
:10640000C5F60201086820F00700029A10430860F0
:10641000FFF7C6FE0190FFE744F60400C5F6020050
:10642000006800F400510020B0EB513F0DD1FFE7B0
:10643000FFF7B6FE0199401AB0F57A7F04D9FFE75D
:1064400001208DF80F0004E0E6E700208DF80F0032
:10645000FFE79DF80F0004B080BD000000000000C1
:1064600080B501F049FD44F22041C5F602010968FA
:10647000C1F302124FF2FC11C0F60001895C01F079
:106480001F01C84080BD000088B0079044F228403A
:10649000C5F60200016801F0030106910068C0F32F
:1064A0000530059044F22C40C5F602000068C0F3A8
:1064B00000100490049844F23C41C5F602010968BA
:1064C00089B2C908484300EE100AB8EE400A8DEDC3
:1064D000020A0598002800F01B81FFE7069800904B
:1064E00048B1FFE70098012869D0FFE7009802282B
:1064F00000F08980ABE044F20040C5F6020000687D
:1065000000F020010020B0EB511F33D0FFE744F230
:106510000040C5F602000068C0F3C10149F2000066
:10652000C0F2D030C84003909DED030AB8EE400A97
:106530009DED051AB8EE411A80EE010A44F238408A
:10654000C5F6020000686FF35F2001EE100AB8EE96
:10655000411A9DED022A9FED743A82EE032A31EE34
:10656000021AB7EE002A31EE021A20EE010A8DED72
:10657000010A23E09DED050AB8EE401A9FED6C0A72
:1065800080EE010A44F23840C5F6020000686FF35D
:106590005F2001EE100AB8EE411A9DED022A9FED30
:1065A000623A82EE032A31EE021AB7EE002A31EE89
:1065B000021A20EE010A8DED010AFFE76BE09DED66
:1065C000050AB8EE401A9FED590A80EE010A44F21E
:1065D0003840C5F6020000686FF35F2001EE100A34
:1065E000B8EE411A9DED022A9FED4F3A82EE032A42
:1065F00031EE021AB7EE002A31EE021A20EE010A3D
:106600008DED010A47E09DED050AB8EE401A9FEDB9
:10661000450A80EE010A44F23840C5F602000068DF
:106620006FF35F2001EE100AB8EE411A9DED022AC9
:106630009FED3D3A82EE032A31EE021AB7EE002AB0
:1066400031EE021A20EE010A8DED010A23E09DEDE4
:10665000050AB8EE401A9FED350A80EE010A44F2B1
:106660003840C5F6020000686FF35F2001EE100AA3
:10667000B8EE411A9DED022A9FED2B3A82EE032AD5
:1066800031EE021AB7EE002A31EE021A20EE010AAC
:106690008DED010AFFE79DED010A44F23840C5F691
:1066A0000200016889B2490A01EE101AB8EE411AD7
:1066B000B7EE002A31EE021A80EE010A0799BCEE0D
:1066C000C00A81ED000A9DED010A0168C1F306418F
:1066D00001EE101AB8EE411A31EE021A80EE010AEC
:1066E0000799BCEEC00A81ED010A9DED010A006820
:1066F000C0F3066001EE100AB8EE411A31EE021A3C
:1067000080EE010A0798BCEEC00A80ED020A07E09D
:106710000799002008600799486007998860FFE79B
:1067200008B07047001BB74B000000460024744AB5
:106730000024744C0000000088B0079044F2284008
:10674000C5F60200016801F0030106910068C0F37C
:106750000550059044F22C40C5F602000068C0F3D5
:1067600000200490049844F24441C5F602010968EF
:1067700089B2C908484300EE100AB8EE400A8DED10
:10678000020A0598002800F01B81FFE70698009098
:1067900048B1FFE70098012869D0FFE70098022878
:1067A00000F08980ABE044F20040C5F602000068CA
:1067B00000F020010020B0EB511F33D0FFE744F27E
:1067C0000040C5F602000068C0F3C10149F20000B4
:1067D000C0F2D030C84003909DED030AB8EE400AE5
:1067E0009DED051AB8EE411A80EE010A44F24040D0
:1067F000C5F6020000686FF35F2001EE100AB8EEE4
:10680000411A9DED022A9FED743A82EE032A31EE81
:10681000021AB7EE002A31EE021A20EE010A8DEDBF
:10682000010A23E09DED050AB8EE401A9FED6C0ABF
:1068300080EE010A44F24040C5F6020000686FF3A2
:106840005F2001EE100AB8EE411A9DED022A9FED7D
:10685000623A82EE032A31EE021AB7EE002A31EED6
:10686000021A20EE010A8DED010AFFE76BE09DEDB3
:10687000050AB8EE401A9FED590A80EE010A44F26B
:106880004040C5F6020000686FF35F2001EE100A79
:10689000B8EE411A9DED022A9FED4F3A82EE032A8F
:1068A00031EE021AB7EE002A31EE021A20EE010A8A
:1068B0008DED010A47E09DED050AB8EE401A9FED07
:1068C000450A80EE010A44F24040C5F60200006825
:1068D0006FF35F2001EE100AB8EE411A9DED022A17
:1068E0009FED3D3A82EE032A31EE021AB7EE002AFE
:1068F00031EE021A20EE010A8DED010A23E09DED32
:10690000050AB8EE401A9FED350A80EE010A44F2FE
:106910004040C5F6020000686FF35F2001EE100AE8
:10692000B8EE411A9DED022A9FED2B3A82EE032A22
:1069300031EE021AB7EE002A31EE021A20EE010AF9
:106940008DED010AFFE79DED010A44F24040C5F6D6
:106950000200016889B2490A01EE101AB8EE411A24
:10696000B7EE002A31EE021A80EE010A0799BCEE5A
:10697000C00A81ED000A9DED010A0168C1F30641DC
:1069800001EE101AB8EE411A31EE021A80EE010A39
:106990000799BCEEC00A81ED010A9DED010A00686D
:1069A000C0F3066001EE100AB8EE411A31EE021A89
:1069B00080EE010A0798BCEEC00A80ED020A07E0EB
:1069C0000799002008600799486007998860FFE7E9
:1069D00008B07047001BB74B000000460024744A03
:1069E0000024744C0000000080B59AB0189000207C
:1069F0008DF857008DF856001898C07800070028C9
:106A000048D5FFE71898406E149078B1FFE71498C6
:106A1000B0F5801F13D0FFE71498B0F5001F16D013
:106A2000FFE71498B0F5401F19D019E044F22C414B
:106A3000C5F60201086840F40030086014E01898B8
:106A40000830022103F0C0FC8DF857000CE01898C4
:106A50002830022103F0A0FD8DF8570004E003E088
:106A600001208DF85700FFE79DF8570060B9FFE758
:106A700044F25041C5F60201086820F44010189A0B
:106A8000526E1043086004E09DF857008DF85600E0
:106A9000FFE7FFE718984078C007002840D0FFE7DD
:106AA0001898806D1390042820D81399DFE801F01E
:106AB000030C141C1D0044F22C41C5F602010868A9
:106AC00040F40030086015E018980830002103F009
:106AD0007BFC8DF857000DE018982830002103F05A
:106AE0005BFD8DF8570005E004E003E001208DF820
:106AF0005700FFE79DF8570060B9FFE744F25041A7
:106B0000C5F60201086820F00700189A926D10433C
:106B1000086004E09DF857008DF85600FFE7FFE796
:106B2000189840784007002856D5FFE71898D0F805
:106B3000A4001290C8B1FFE71298B0F5001F1DD055
:106B4000FFE71298B0F5800F20D0FFE71298B0F55C
:106B5000C00F23D0FFE71298B0F5000F1FD0FFE75A
:106B60001298B0F5200F1BD01BE044F22C41C5F663
:106B70000201086840F40030086016E018980830F8
:106B8000002103F021FC8DF857000EE01898283002
:106B9000002103F001FD8DF8570006E005E004E058
:106BA00003E001208DF85700FFE79DF8570068B912
:106BB000FFE744F25841C5F60201086820F460007E
:106BC000189AD2F8A4201043086004E09DF85700FA
:106BD0008DF85600FFE7FFE7189840780007002877
:106BE00056D5FFE71898D0F8A8001190C8B1FFE774
:106BF0001198B0F1807F1DD0FFE71198B0F1007FB0
:106C000020D0FFE71198B0F1407F23D0FFE7119823
:106C1000B0F1806F1FD0FFE71198B0F1A06F1BD0CB
:106C20001BE044F22C41C5F60201086840F4003034
:106C3000086016E018980830002103F0C5FB8DF8B5
:106C400057000EE018982830002103F0A5FC8DF8BD
:106C5000570006E005E004E003E001208DF857004E
:106C6000FFE79DF8570068B9FFE744F25841C5F6C1
:106C70000201086820F0E060189AD2F8A8201043BA
:106C8000086004E09DF857008DF85600FFE7FFE725
:106C90001898C078800700283ED5FFE71898C06C88
:106CA0001090F0B1FFE71098102808D0FFE7109877
:106CB00020280DD0FFE71098302811D012E044F2C0
:106CC0002C41C5F60201086840F4003008600DE070
:106CD00018980830022103F077FB8DF8570005E083
:106CE00004E003E001208DF85700FFE79DF857000E
:106CF00060B9FFE744F24C41C5F60201086820F094
:106D00003000189AD26C1043086004E09DF85700D8
:106D10008DF85600FFE7FFE718984078C006002876
:106D20004ED5FFE71898C06D0F90A0B1FFE70F9800
:106D3000B0F5805F18D0FFE70F98B0F5005F1BD06B
:106D4000FFE70F98B0F5405F1ED0FFE70F98B0F552
:106D5000804F1AD01AE044F22C41C5F602010868AF
:106D600040F40030086015E018980830002103F066
:106D70002BFB8DF857000DE018982830002103F008
:106D80000BFC8DF8570005E004E003E001208DF8CE
:106D90005700FFE79DF8570060B9FFE744F2504104
:106DA000C5F60201086820F4E040189AD26D10433D
:106DB000086004E09DF857008DF85600FFE7FFE7F4
:106DC00018984078800600284CD5FFE71898006E88
:106DD0000E90C8B1FFE70E98B0F5803F15D0FFE7E1
:106DE0000E98B0F5003F18D0FFE70E98B0F5403F81
:106DF0001BD0FFE70E98B0F5802F17D0FFE70E9855
:106E0000B0F5A02F13D013E016E018980830012138
:106E100003F0DAFA8DF857000EE0189828300121B7
:106E200003F0BAFB8DF8570006E005E004E003E04C
:106E300001208DF85700FFE79DF8570060B9FFE784
:106E400044F25041C5F60201086820F4E020189A87
:106E5000126E1043086004E09DF857008DF856004C
:106E6000FFE7FFE718984078400600284ED5FFE777
:106E70001898D0F8AC000D90C8B1FFE70D98B0F1AC
:106E8000805F15D0FFE70D98B0F1005F18D0FFE7E5
:106E90000D98B0F1405F1BD0FFE70D98B0F1804F27
:106EA00017D0FFE70D98B0F1A04F13D013E016E014
:106EB00018980830012103F087FA8DF857000EE08A
:106EC00018982830012103F067FB8DF8570006E081
:106ED00005E004E003E001208DF85700FFE79DF88E
:106EE000570068B9FFE744F25841C5F60201086847
:106EF00020F0E040189AD2F8AC201043086004E07B
:106F00009DF857008DF85600FFE7FFE71898407886
:106F1000000600283BD5FFE71898C06E0C90D8B14A
:106F2000FFE70C98B0F1805F05D0FFE70C98B0F157
:106F3000005F09D011E044F22C41C5F60201086857
:106F400040F4003008600CE018980830012103F08C
:106F50003BFA8DF8570004E003E001208DF857005C
:106F6000FFE79DF8570060B9FFE744F25041C5F6CE
:106F70000201086820F04050189AD26E1043086051
:106F800004E09DF857008DF85600FFE7FFE71898DA
:106F9000C078C007002837D0FFE71898806C0B90A6
:106FA000032817D80B99DFE801F014020B1344F201
:106FB0002C41C5F60201086840F4003008600DE07D
:106FC00018980830022103F0FFF98DF8570005E00A
:106FD00004E003E001208DF85700FFE79DF857001B
:106FE00060B9FFE744F24C41C5F60201086820F0A1
:106FF0000300189A926C1043086004E09DF8570053
:107000008DF85600FFE7FFE71898807840060028C3
:1070100040F1B480FFE744F60001C5F602010868BC
:1070200040F480700860FFF7BBF81690FFE744F665
:107030000000C5F602000068C00500280CD4FFE778
:10704000FFF7AEF81699401A652804D3FFE703202E
:107050008DF8570000E0EAE79DF85700002840F05F
:107060008780FFE744F27040C5F60200006800F434
:1070700040701899D1F8B01001F44071884213D0D3
:10708000FFE744F27041C5F60201086820F4407041
:107090001790086840F480300860086820F4803059
:1070A000086017980860FFE71898D0F8B000B0F5AE
:1070B000807F1FD1FFE7FFF773F81690FFE744F2D8
:1070C0007040C5F60200006800F002010020B0EB3D
:1070D000510F0ED1FFE7FFF763F81699401A41F2FE
:1070E0008931884204D3FFE703208DF8570000E080
:1070F000E5E7FFE79DF85700A0BBFFE7FFE718981B
:10710000D0F8B00000F44070B0F5407F13D1FFE735
:1071100044F21041C5F60201086820F47C50189A28
:10712000D2F8B0204FF6F043C0F6FF731A4040EAA1
:107130001210086008E044F21041C5F60201086828
:1071400020F47C500860FFE71898D0F8B0206FF367
:107150001F3244F27041C5F602010868104308600E
:10716000FFE704E09DF857008DF85600FFE704E0C4
:107170009DF857008DF85600FFE7FFE71898006864
:10718000C007002800F04C80FFE71898806F0A9035
:1071900028282BD80A99DFE801F01529292929295F
:1071A000292916292929292929291E29292929296D
:1071B0002929262929292929292927292929292944
:1071C0002929280016E018980830012103F0FCF85E
:1071D0008DF857000EE018982830012103F0DCF9F3
:1071E0008DF8570006E005E004E003E001208DF88B
:1071F0005700FFE79DF8570060B9FFE744F254419C
:10720000C5F60201086820F03800189A926F104302
:10721000086004E09DF857008DF85600FFE7FFE78F
:10722000189800788007002839D5FFE71898406F34
:107230000990052819D80999DFE801F003040C1416
:10724000151616E018980830012103F0BDF88DF8E6
:1072500057000EE018982830012103F09DF98DF8B1
:10726000570006E005E004E003E001208DF8570038
:10727000FFE79DF8570060B9FFE744F25441C5F6B7
:107280000201086820F00700189A526F1043086046
:1072900004E09DF857008DF85600FFE7FFE71898C7
:1072A0000078400700283BD5FFE71898D0F89000F9
:1072B0000890052819D80899DFE801F003040C1498
:1072C000151616E018980830012103F07DF88DF8A6
:1072D00057000EE018982830012103F05DF98DF871
:1072E000570006E005E004E003E001208DF85700B8
:1072F000FFE79DF8570068B9FFE744F25841C5F62B
:107300000201086820F00700189AD2F89020104374
:10731000086004E09DF857008DF85600FFE7FFE78E
:1073200018980078800600284ED5FFE71898D0F806
:107330008C000790C8B1FFE70798B0F1805F15D0C7
:10734000FFE70798B0F1005F18D0FFE70798B0F1AA
:10735000405F1BD0FFE70798B0F1804F17D0FFE7E1
:107360000798B0F1A04F13D013E016E0189808303A
:10737000002103F029F88DF857000EE01898283006
:10738000022103F009F98DF8570006E005E004E05A
:1073900003E001208DF85700FFE79DF8570068B91A
:1073A000FFE744F25441C5F60201086820F0E040CE
:1073B000189AD2F88C201043086004E09DF857001A
:1073C0008DF85600FFE7FFE7189800784006002880
:1073D0004ED5FFE71898D0F898000690C8B1FFE79F
:1073E0000698B0F5806F15D0FFE70698B0F5006FEE
:1073F00018D0FFE70698B0F5406F1BD0FFE706985E
:10740000B0F5805F17D0FFE70698B0F5A05F13D006
:1074100013E016E018980830002102F0D5FF8DF82F
:1074200057000EE018982830022103F0B5F88DF8C7
:10743000570006E005E004E003E001208DF8570066
:10744000FFE79DF8570068B9FFE744F25841C5F6D9
:107450000201086820F4E050189AD2F898201043EE
:10746000086004E09DF857008DF85600FFE7FFE73D
:1074700018980078000600284ED5FFE71898D0F835
:107480009C000590C8B1FFE70598B0F5005F15D0E6
:10749000FFE70598B0F5804F18D0FFE70598B0F5E5
:1074A000C04F1BD0FFE70598B0F5004F17D0FFE79E
:1074B0000598B0F5204F13D013E016E01898083067
:1074C000002102F081FF8DF857000EE01898283057
:1074D000022103F061F88DF8570006E005E004E0B2
:1074E00003E001208DF85700FFE79DF8570068B9C9
:1074F000FFE744F25841C5F60201086820F46040F5
:10750000189AD2F89C201043086004E09DF85700B8
:107510008DF85600FFE7FFE718980078000700286D
:1075200020D5FFE71898D0F88000B0F5805F0CD127
:10753000FFE718982830022103F02EF820B1FFE76A
:1075400001208DF85600FFE7FFE744F25441C5F6ED
:107550000201086820F44050189AD2F880201043A5
:107560000860FFE718980078C006002820D5FFE7DC
:107570001898D0F89400B0F5807F0CD1FFE71898E8
:107580002830022103F008F820B1FFE701208DF830
:107590005600FFE7FFE744F25841C5F602010868CC
:1075A00020F44070189AD2F8942010430860FFE746
:1075B00018988078000700283CD5FFE71898D0F885
:1075C000A000049050B1FFE70498B0F5803F0DD0C3
:1075D000FFE70498B0F5003F10D010E0189808308D
:1075E000002102F0F1FE8DF857000CE018982830C9
:1075F000022102F0D1FF8DF8570004E003E00120E2
:107600008DF85700FFE79DF8570068B9FFE744F28F
:107610005841C5F60201086820F44030189AD2F8A3
:10762000A0201043086004E09DF857008DF8560034
:10763000FFE7FFE718988078400700283FD5FFE76D
:107640001898D0F884000390B0F5801F0AD0FFE7A7
:107650000398B0F5001F0ED0FFE70398B0F5401F68
:1076600011D011E044F22C41C5F60201086840F443
:10767000003008600CE018982830012102F08CFFDF
:107680008DF8570004E003E001208DF85700FFE774
:107690009DF8570068B9FFE744F25441C5F602016E
:1076A000086820F44010189AD2F88420104308602B
:1076B00004E09DF857008DF85600FFE7FFE71898A3
:1076C0008078C007A8B3FFE71898006D029028B132
:1076D000FFE70298B0F5803F09D010E044F22C415A
:1076E000C5F60201086840F4003008600BE0189805
:1076F0000830022102F068FE8DF8570003E00120F7
:107700008DF85700FFE79DF8570060B9FFE744F296
:107710004C41C5F60201086820F48030189A126DB9
:107720001043086004E09DF857008DF85600FFE70D
:10773000FFE71898C078800600280CD5FFE7189856
:107740002830022102F028FF20B1FFE701208DF848
:107750005600FFE7FFE718988078800700283AD5A1
:10776000FFE71898C06F0190D0B1FFE70198B0F51E
:10777000807F0AD0FFE70198B0F5007F0ED0FFE7C9
:107780000198B0F5407F0AD00BE044F22C41C5F6D9
:107790000201086840F40030086006E005E004E0FB
:1077A00003E001208DF85700FFE79DF8570060B90E
:1077B000FFE744F25441C5F60201086820F4407026
:1077C000189AD26F1043086004E09DF857008DF8B6
:1077D0005600FFE7FFE718988078C00600280CD510
:1077E000FFE744F25041C5F60201086820F000406E
:1077F000189A126F10430860FFE718988078800687
:1078000000280CD5FFE744F25041C5F60201086894
:1078100020F08070189A926E10430860FFE7189865
:10782000C0784006002811D5FFE7FFE744F2104179
:10783000C5F60201086820F4004008601898D0F8E6
:10784000B420086810430860FFE7FFE71898C07885
:10785000000600280CD5FFE744F24C41C5F60201B2
:10786000086820F04050189A526D10430860FFE7F6
:1078700018988078000600280DD5FFE744F254419F
:10788000C5F60201086820F44000189AD2F8882052
:1078900010430860FFE718980079C00790B1FFE730
:1078A00018980830002102F08FFD8DF857009DF8E0
:1078B000570008B9FFE704E09DF857008DF856001F
:1078C000FFE7FFE7189800798007002812D5FFE747
:1078D00018980830012102F077FD8DF857009DF8C7
:1078E000570008B9FFE704E09DF857008DF85600EF
:1078F000FFE7FFE7189800794007002812D5FFE757
:1079000018980830022102F05FFD8DF857009DF8AD
:10791000570008B9FFE704E09DF857008DF85600BE
:10792000FFE7FFE7189800790007002812D5FFE766
:1079300018982830002102F02FFE8DF857009DF88E
:10794000570008B9FFE704E09DF857008DF856008E
:10795000FFE7FFE718980079C006002812D5FFE777
:1079600018982830012102F017FE8DF857009DF875
:10797000570008B9FFE704E09DF857008DF856005E
:10798000FFE7FFE7189800798006002812D5FFE787
:1079900018982830022102F0FFFD8DF857009DF85D
:1079A000570008B9FFE704E09DF857008DF856002E
:1079B000FFE7FFE79DF8560020B9FFE700208DF8AC
:1079C000670003E001208DF86700FFE79DF867007E
:1079D0001AB080BD0000000080B586B0049003910D
:1079E000049820B9FFE701208DF817003CE20398C6
:1079F00042F20001C5F20021096801F00F0188423E
:107A000016D9FFE742F20000C5F20020016821F01C
:107A10000F01039A11430160006800F00F00039901
:107A2000884204D0FFE701208DF817001CE2FFE731
:107A3000049800784007002819D5FFE704980069EA
:107A400044F21841C5F60201096801F0700188424C
:107A50000CD9FFE744F21841C5F60201086820F08E
:107A60007000049A126910430860FFE7FFE704986A
:107A700000780007002819D5FFE70498406944F210
:107A80001C41C5F60201096801F0700188420CD959
:107A9000FFE744F21C41C5F60201086820F07000BF
:107AA000049A526910430860FFE7FFE704980078E2
:107AB000C006002819D5FFE70498806944F21C41EC
:107AC000C5F60201096801F4E06188420CD9FFE7BC
:107AD00044F21C41C5F60201086820F4E060049AF3
:107AE000926910430860FFE7FFE70498007880067A
:107AF000002819D5FFE70498C06944F22041C5F673
:107B00000201096801F0700188420CD9FFE744F2D4
:107B10002041C5F60201086820F07000049AD2697D
:107B200010430860FFE7FFE704980078800700280B
:107B300019D5FFE70498C06844F21841C5F6020160
:107B4000096801F00F0188420CD9FFE744F218419F
:107B5000C5F60201086820F00F00049AD2681043AD
:107B60000860FFE7FFE704980078C007002800F0EE
:107B70008C80FFE744F21841C5F60201086820F442
:107B80007060049A92681043086004984068022864
:107B900011D1FFE744F20040C5F60200006800F48E
:107BA00000310020B0EB514F04D1FFE701208DF8E8
:107BB000170059E13EE004984068032811D1FFE71F
:107BC00044F20040C5F60200006800F00071002099
:107BD000B0EB516F04D1FFE701208DF8170043E1AE
:107BE00027E004984068012811D1FFE744F20040E3
:107BF000C5F60200006800F480710020B0EB112F80
:107C000004D1FFE701208DF817002DE110E044F2C8
:107C10000040C5F60200006800F004010020B0EB4F
:107C2000910F04D1FFE701208DF817001CE1FFE759
:107C3000FFE7FFE744F21041C5F60201086820F0B3
:107C40000700049A526810430860FEF7A9FA0190F1
:107C5000FFE744F21040C5F60200006800F038006B
:107C600004994968B0EBC10F0ED0FFE7FEF798FA10
:107C70000199401A41F28931884204D3FFE7032079
:107C80008DF81700F0E0E4E7FFE70498007880073C
:107C9000002819D5FFE70498C06844F21841C5F6DA
:107CA0000201096801F00F0188420CD2FFE744F29B
:107CB0001841C5F60201086820F00F00049AD26846
:107CC00010430860FFE7FFE7039842F20001C5F2A6
:107CD0000021096801F00F01884216D2FFE742F245
:107CE0000000C5F20020016821F00F01039A114342
:107CF0000160006800F00F000399884204D0FFE79C
:107D000001208DF81700AFE0FFE7049800784007E6
:107D1000002819D5FFE70498006944F21841C5F618
:107D20000201096801F0700188420CD2FFE744F2B9
:107D30001841C5F60201086820F07000049A126923
:107D400010430860FFE7FFE7049800780007002869
:107D500019D5FFE70498406944F21C41C5F60201B9
:107D6000096801F0700188420CD2FFE744F21C411F
:107D7000C5F60201086820F07000049A52691043A9
:107D80000860FFE7FFE704980078C006002819D5CF
:107D9000FFE70498806944F21C41C5F602010968B6
:107DA00001F4E06188420CD2FFE744F21C41C5F6C1
:107DB0000201086820F4E060049A926910430860A8
:107DC000FFE7FFE7049800788006002819D5FFE751
:107DD0000498C06944F22041C5F60201096801F027
:107DE000700188420CD2FFE744F22041C5F602013F
:107DF000086820F07000049AD26910430860FFE719
:107E0000FFE700F0CDF844F21842C5F6020211680F
:107E1000C1F303234FF2FC11C0F60001CB5C03F069
:107E20001F03D84000900098126802F00F02895C8E
:107E300001F01F01C84040F21001C2F20041086089
:107E4000009840F20C01C2F20041086040F21800B4
:107E5000C2F200400068FEF7FBF98DF80B009DF8B8
:107E60000B008DF81700FFE79DF8170006B080BDE6
:107E700082B00190009101993F20086044F21040C7
:107E8000C5F60200006800F007000199486044F25E
:107E90001840C5F60200016801F47061019A916012
:107EA000016801F00F01019AD160006800F07000D4
:107EB0000199086144F21C40C5F60200016801F016
:107EC0007001019A5161006800F4E06001998861D5
:107ED00044F22040C5F60200006800F070000199ED
:107EE000C86142F20000C5F20020006800F00F00F7
:107EF0000099086002B0704780B582B000F050F879
:107F000044F21842C5F602021168C1F303234FF28E
:107F1000FC11C0F60001CB5C03F01F03D8400190B8
:107F20000198126802F00F02895C01F01F0120FA2B
:107F300001F140F21000C2F200400160019940F2EC
:107F40000C02C2F200421160006802B080BD000065
:107F500080B5FFF7D1FF44F21C41C5F60201096864
:107F6000C1F302124FF2FC11C0F60001895C01F06E
:107F70001F01C84080BD000080B5FFF7BDFF44F27F
:107F80001C41C5F602010968C1F302224FF2FC113F
:107F9000C0F60001895C01F01F01C84080BD0000EF
:107FA0008AB044F21040C5F60200006800F03800C4
:107FB00001460191182800F269810199DFE811F06A
:107FC00019006601660166016601660166016601C7
:107FD0003A00660166016601660166016601660196
:107FE0004000660166016601660166016601660180
:107FF000460044F20040C5F60200006800F020018F
:108000000020B0EB511F0ED0FFE744F20040C5F650
:1080100002000068C0F3C10149F20000C0F2D03094
:10802000C840029005E049F20000C0F2D030029052
:10803000FFE731E140F60010C0F23D0002902BE175
:1080400043F20060C0F26E10029025E144F2284035
:10805000C5F60200016801F0030108910068C0F351
:108060000510079044F22C40C5F60200006800F0AD
:1080700001000690069844F23441C5F602010968F1
:1080800089B2C908484300EE100AB8EE400A8DEDE7
:10809000040A0798002800F0F580FFE70898009090
:1080A00048B1FFE70098012869D0FFE7009802284F
:1080B00000F08980ABE044F20040C5F602000068A1
:1080C00000F020010020B0EB511F33D0FFE744F255
:1080D0000040C5F602000068C0F3C10149F200008B
:1080E000C0F2D030C84005909DED050AB8EE400AB8
:1080F0009DED071AB8EE411A80EE010A44F23040B5
:10810000C5F6020000686FF35F2001EE100AB8EEBA
:10811000411A9DED042A9FED633A82EE032A31EE67
:10812000021AB7EE002A31EE021A20EE010A8DED96
:10813000030A23E09DED070AB8EE401A9FED5B0AA3
:1081400080EE010A44F23040C5F6020000686FF389
:108150005F2001EE100AB8EE411A9DED042A9FED52
:10816000513A82EE032A31EE021AB7EE002A31EEBE
:10817000021A20EE010A8DED030AFFE76BE09DED88
:10818000070AB8EE401A9FED480A80EE010A44F251
:108190003040C5F6020000686FF35F2001EE100A60
:1081A000B8EE411A9DED042A9FED3E3A82EE032A75
:1081B00031EE021AB7EE002A31EE021A20EE010A61
:1081C0008DED030A47E09DED070AB8EE401A9FEDDA
:1081D000340A80EE010A44F23040C5F6020000681D
:1081E0006FF35F2001EE100AB8EE411A9DED042AEC
:1081F0009FED2C3A82EE032A31EE021AB7EE002AE6
:1082000031EE021A20EE010A8DED030A23E09DED06
:10821000070AB8EE401A9FED240A80EE010A44F2E4
:108220003040C5F6020000686FF35F2001EE100ACF
:10823000B8EE411A9DED042A9FED1A3A82EE032A08
:1082400031EE021AB7EE002A31EE021A20EE010AD0
:108250008DED030AFFE744F23040C5F602000068E6
:1082600081B2012000EB512009909DED030A9DEDA4
:10827000091AB8EE411A80EE010ABCEEC00A8DED73
:10828000020A02E000200290FFE705E040F600103D
:10829000C0F23D000290FFE702980AB0704700BFAD
:1082A000001BB74B000000460024744A0024744CA5
:1082B00080B58CB00A900A9828B9FFE701208DF8A4
:1082C0002F0000F001BD0A980078C007002800F0D8
:1082D000B980FFE744F21040C5F60200006800F0E4
:1082E0003800069044F22840C5F602000068059068
:1082F000069810280AD0FFE7069818281CD1FFE737
:10830000059800F00300022816D1FFE744F2004070
:10831000C5F60200006800F400310020B0EB514FB8
:1083200009D0FFE70A98406828B9FFE701208DF8D7
:108330002F0000F0C9BC84E0FFE70A984068B0F560
:10834000803F09D1FFE744F20041C5F60201086809
:1083500040F48030086032E00A98406868B9FFE76E
:1083600044F20041C5F60201086820F4803008603C
:10837000086820F48020086020E00A984068B0F582
:10838000A02F0DD1FFE744F20041C5F602010868B5
:1083900040F480200860086840F4803008600CE0F9
:1083A00044F20041C5F60201086820F480300860FC
:1083B000086820F480200860FFE7FFE7FFE7FFE799
:1083C0000A984068F0B1FFE7FDF7EAFE0990FFE781
:1083D00044F20040C5F60200006800F400310020BD
:1083E000B0EB514F0DD1FFE7FDF7DAFE0999401AC6
:1083F000652805D3FFE703208DF82F0000F064BC4B
:10840000E6E71DE0FDF7CCFE0990FFE744F20040EF
:10841000C5F60200006800F400310020B0EB514FB7
:108420000DD0FFE7FDF7BCFE0999401A652805D37A
:10843000FFE703208DF82F0000F046BCE6E7FFE7DA
:10844000FFE7FFE70A9800788007002840F1C58021
:10845000FFE744F21040C5F60200006800F0380063
:10846000049044F22840C5F6020000680390049886
:1084700050B1FFE70498182850D1FFE79DF80C0091
:10848000800700284AD1FFE744F20040C5F6020009
:10849000006800F004010020B0EB910F09D0FFE765
:1084A0000A98C06828B9FFE701208DF82F0000F076
:1084B0000BBC44F20041C5F60201086820F0190027
:1084C0000A9AD26810430860FDF76AFE0990FFE738
:1084D00044F20040C5F60200006800F004010020EC
:1084E000B0EB910F0CD1FFE7FDF75AFE0999401A46
:1084F000032804D3FFE703208DF82F00E4E3E7E728
:1085000044F20441C5F60201086820F0FE400A9AD0
:10851000126940EA02600860FFE75DE00A98C068FF
:10852000A0B3FFE744F20041C5F60201086820F05D
:1085300019000A9AD26810430860FDF731FE0990CD
:10854000FFE744F20040C5F60200006800F00401B5
:108550000020B0EB910F0CD1FFE7FDF721FE099948
:10856000401A032804D3FFE703208DF82F00ABE364
:10857000E7E744F20441C5F60201086820F0FE4036
:108580000A9A126940EA0260086024E044F200415D
:10859000C5F60201086820F001000860FDF700FE42
:1085A0000990FFE744F20040C5F60200006800F0C1
:1085B00004010020B0EB910F0CD0FFE7FDF7F0FDB8
:1085C0000999401A032804D3FFE703208DF82F00F0
:1085D0007AE3E7E7FFE7FFE7FFE70A980078C006DE
:1085E000002840F1A080FFE744F21040C5F60200E9
:1085F000006800F03800029044F22840C5F60200FE
:1086000000680190029808280AD0FFE7029818280D
:108610002BD1FFE7019800F00300012825D1FFE7E7
:1086200044F20040C5F60200006800F480710020AA
:10863000B0EB112F09D0FFE70A98C069802804D059
:10864000FFE701208DF82F003EE3FFE744F20C41E5
:10865000C5F60201086820F07C500A9A126A40EAC6
:1086600002600860FFE7FFE75CE00A98C06998B322
:10867000FFE744F20041C5F60201086840F08000BF
:108680000860FDF78DFD0990FFE744F20040C5F654
:108690000200006800F480710020B0EB112F0CD1B3
:1086A000FFE7FDF77DFD0999401A032804D3FFE792
:1086B00003208DF82F0007E3E7E7FFE744F20C41C2
:1086C000C5F60201086820F07C500A9A126A40EA56
:1086D00002600860FFE724E044F20041C5F60201B1
:1086E000086820F080000860FDF75AFD0990FFE758
:1086F00044F20040C5F60200006800F480710020DA
:10870000B0EB112F0CD0FFE7FDF74AFD0999401A95
:10871000032804D3FFE703208DF82F00D4E2E7E716
:10872000FFE7FFE7FFE70A980078000700284FD52A
:10873000FFE70A98406928B3FFE744F27441C5F6A1
:108740000201086840F001000860FDF729FD09906A
:10875000FFE744F27440C5F60200006800F0020131
:108760000020B0EB510F0CD1FFE7FDF719FD09997F
:10877000401A032804D3FFE703208DF82F00A3E25B
:10878000E7E724E044F27441C5F60201086820F0EE
:1087900001000860FDF704FD0990FFE744F2744012
:1087A000C5F60200006800F002010020B0EB510F96
:1087B0000CD0FFE7FDF7F4FC0999401A032804D315
:1087C000FFE703208DF82F007EE2E7E7FFE7FFE7F2
:1087D0000A980078800600284FD5FFE70A9880693C
:1087E00028B3FFE744F20041C5F60201086840F4EF
:1087F00080500860FDF7D4FC0990FFE744F2004088
:10880000C5F60200006800F400510020B0EB513FB3
:108810000CD1FFE7FDF7C4FC0999401A032804D3E3
:10882000FFE703208DF82F004EE2E7E724E044F253
:108830000041C5F60201086820F480500860FDF789
:10884000AFFC0990FFE744F20040C5F60200006863
:1088500000F400510020B0EB513F0CD0FFE7FDF7D2
:108860009FFC0999401A032804D3FFE703208DF8E1
:108870002F0029E2E7E7FFE7FFE70A9800784007C3
:10888000002840F1A780FFE744F60001C5F6020189
:10889000086840F480700860FDF782FC0990FFE7EB
:1088A00044F60000C5F602000068C00500280CD49C
:1088B000FFE7FDF775FC0999401A652804D3FFE727
:1088C00003208DF82F00FFE1EAE7FFE70A988068B0
:1088D000012809D1FFE744F27041C5F6020108689A
:1088E00040F00100086031E00A98806868B9FFE74D
:1088F00044F27041C5F60201086820F001000860EA
:10890000086820F0040008601FE00A9880680528C5
:108910000DD1FFE744F27041C5F60201086840F04E
:1089200004000860086840F0010008600CE044F2B0
:108930007041C5F60201086820F00100086008686F
:1089400020F004000860FFE7FFE7FFE7FFE70A9871
:108950008068F8B1FFE7FDF723FC0990FFE744F2D8
:108960007040C5F60200006800F002010020B0EB84
:10897000510F0ED1FFE7FDF713FC0999401A41F2A0
:108980008931884204D3FFE703208DF82F009BE153
:10899000E5E71EE0FDF704FC0990FFE744F27040B4
:1089A000C5F60200006800F002010020B0EB510F94
:1089B0000ED0FFE7FDF7F4FB0999401A41F2893127
:1089C000884204D3FFE703208DF82F007CE1E5E720
:1089D000FFE7FFE70A98406A002800F07181FFE78F
:1089E00044F21040C5F60200006800F03800182874
:1089F00000F0E080FFE70A98406A022840F0B48067
:108A0000FFE744F20041C5F60201086820F08070DB
:108A10000860FDF7C5FB0990FFE744F20040C5F68A
:108A20000200006800F000710020B0EB516F0CD024
:108A3000FFE7FDF7B5FB0999401A032804D3FFE7C8
:108A400003208DF82F003FE1E7E7FFE744F22841DC
:108A5000C5F60201086840F2F33290430A9B9A6A15
:108A6000DB6A42EA0312104308600A99086BD1F8E6
:108A700034C08B6BCA6B01386FF35F204FF6006117
:108A8000CFF6FF7101EB4C2189B208440021CFF6EB
:108A9000FF7101EB034101F4FE0108444FF07F41F7
:108AA00001EB026101F0FE41084444F23041C5F699
:108AB00002010860FFE744F22C41C5F60201009173
:108AC000086820F00100086044F23442C5F6020252
:108AD00010684FF6F87398430A9B9B6C40EAC300FA
:108AE0001060086820F00C000A9A126C10430860AD
:108AF000086820F002000A9A526C10430860086867
:108B000040F480300860086840F40030086008686D
:108B100040F480200860086840F00100086044F2DA
:108B20000041C5F60201086840F080700860FDF75A
:108B300037FB0990FFE744F20040C5F602000068E9
:108B400000F000710020B0EB516F0CD1FFE7FDF792
:108B500027FB0999401A032804D3FFE703208DF867
:108B60002F00B1E0E7E724E044F20041C5F602013E
:108B7000086820F080700860FDF712FB0990FFE79D
:108B800044F20040C5F60200006800F000710020C9
:108B9000B0EB516F0CD0FFE7FDF702FB0999401ACB
:108BA000032804D3FFE703208DF82F008CE0E7E7CC
:108BB000FFE784E044F22840C5F602000068089010
:108BC00044F23040C5F60200006807900A98406AF7
:108BD000012837D0FFE7089800F003000A99896A56
:108BE00088422FD1FFE7089800F47C710A98C06A88
:108BF000B0EB111F26D1FFE707986FF35F200A99AA
:108C0000096B013988421DD1FFE7BDF81C100A9895
:108C1000406B0138B0EB512F14D1FFE7079800F4F7
:108C2000FE010A98806B0138B0EB114F0AD1FFE7C3
:108C3000079800F0FE410A98C06B0138B0EB116F45
:108C400004D0FFE701208DF82F003DE044F23440CE
:108C5000C5F60200006880B2C00808900A98806CCF
:108C60000899884229D0FFE744F22C41C5F6020159
:108C7000086820F001000860FDF792FA0990FFE70C
:108C8000FDF78EFA0999401A08B9FFE7F8E744F2B0
:108C90003441C5F6020108684FF6F87290430A9A0B
:108CA000926C40EAC200086044F22C41C5F6020111
:108CB000086840F001000860FFE7FFE7FFE7FFE713
:108CC00000208DF82F00FFE79DF82F000CB080BD2D
:108CD00081B0009001B0704781B0009001B0704742
:108CE00081B0009001B0704780B582B000900098CC
:108CF00020B9FFE701208DF8070045E0009890F8C3
:108D00003D0040B9FFE70099002081F83C00009841
:108D100000F03EF8FFE70099022081F83D0000993D
:108D200051F8040B01F068FF0099012081F8480018
:108D3000FFE70099012081F83E00009981F83F008B
:108D4000009981F84000009981F84100009981F86C
:108D50004200009981F84300FFE7FFE700990120F6
:108D600081F84400009981F84500009981F8460097
:108D7000009981F84700FFE70099012081F83D0044
:108D800000208DF80700FFE79DF8070002B080BDC6
:108D900081B0009001B0704783B00190019890F8C5
:108DA0003D00012804D0FFE701208DF80B0083E08F
:108DB0000199022081F83D0001980168C86840F0DF
:108DC0000100C860019800680021C4F201018842D6
:108DD0004ED0FFE701980068B0F1804F48D0FFE720
:108DE0000198006840F20041C4F2000188423FD07F
:108DF000FFE70198006840F60001C4F200018842D4
:108E000036D0FFE70198006840F60041C4F2000147
:108E100088422DD0FFE70198006840F20041C4F27B
:108E20000101884224D0FFE70198006841F6000163
:108E3000C4F2000188421BD0FFE70198006844F2A9
:108E40000001C4F20101884212D0FFE701980068D6
:108E50004EF20001C4F20001884209D0FFE70198F8
:108E600000684EF20041C4F20001884219D1FFE7C8
:108E70000198006880680721C0F201010840009055
:108E8000009806280CD0FFE70098B0F5803F07D087
:108E9000FFE701980168086840F001000860FFE7FB
:108EA00006E001980168086840F001000860FFE7EB
:108EB00000208DF80B00FFE79DF80B0003B0704712
:108EC00081B0009001B0704780B584B003900398E2
:108ED0000068C068029003980068006901909DF8DE
:108EE00004008007002824D5FFE79DF808008007CC
:108EF00000281DD5FFE7039801686FF002000861A4
:108F0000039901200877039800688069800720B1E1
:108F1000FFE70398FFF7D4FF06E0039800F0FCF8A2
:108F2000039800F0FDF8FFE7039900200877FFE7BA
:108F3000FFE79DF804004007002825D5FFE79DF8CE
:108F40000800400700281ED5FFE7039801686FF06E
:108F5000040008610399022008770398006880697B
:108F600010F4407F04D0FFE70398FFF7A9FF06E065
:108F7000039800F0D1F8039800F0D2F8FFE70399C6
:108F800000200877FFE7FFE79DF8040000070028AE
:108F900024D5FFE79DF80800000700281DD5FFE74E
:108FA000039801686FF008000861039904200877AE
:108FB00003980068C069800720B1FFE70398FFF7B6
:108FC0007FFF06E0039800F0A7F8039800F0A8F8E8
:108FD000FFE7039900200877FFE7FFE79DF804000B
:108FE000C006002825D5FFE79DF80800C006002828
:108FF0001ED5FFE7039801686FF010000861039920
:109000000820087703980068C06910F4407F04D0F6
:10901000FFE70398FFF754FF06E0039800F07CF8A1
:10902000039800F07DF8FFE7039900200877FFE739
:10903000FFE79DF80400C00778B1FFE79DF808003E
:10904000C00748B1FFE7039801686FF001000861AD
:10905000039800F069F8FFE7FFE7019800F080004F
:10906000802806D0FFE79DF805008006002810D56F
:10907000FFE79DF808000006002809D5FFE70398E0
:1090800001686FF4025008610398FFF725FEFFE7BF
:10909000FFE79DF80500C00780B1FFE79DF80800D5
:1090A0000006002809D5FFE7039801686FF4807077
:1090B00008610398FFF70CFEFFE7FFE79DF8040047
:1090C0004006002810D5FFE79DF80800400600285C
:1090D00009D5FFE7039801686FF040000861039825
:1090E00000F032F8FFE7FFE79DF804008006002853
:1090F00010D5FFE79DF808008006002809D5FFE796
:10910000039801686FF0200008610398FFF7E8FDFD
:10911000FFE7FFE704B080BD81B0009001B0704769
:1091200081B0009001B0704780B582B00190019885
:109130000068B0F1804F03D1FFE7FDF739F8FFE792
:1091400002B080BD0000000081B0009001B0704707
:1091500083B00190FFE7019890F88400012804D1C2
:10916000FFE702208DF80B002CE00199012081F827
:109170008400FFE7FFE701992420C1F888000198E7
:1091800000680068009001980168086820F00100FC
:109190000860009820F00050009001990020486677
:1091A000009801990968086001992020C1F8880099
:1091B000FFE70199002081F88400FFE700208DF887
:1091C0000B00FFE79DF80B0003B0704700000000A4
:1091D00080B586B004900391ADF80A200498D0F8C9
:1091E0008C00202844D1FFE7039820B1FFE7BDF8A9
:1091F0000A0020B9FFE701208DF817003CE0049930
:109200000120C86604990020086704980399BDF8F6
:109210000A2002F035FE8DF809009DF8090010BB08
:10922000FFE70498C06E012818D1FFE70498016891
:1092300010200862FFE7FFE70498006850E8000F7D
:1092400040F010000190FFE701990498026842E89D
:1092500000100028F0D1FFE7FFE703E001208DF8C0
:109260000900FFE7FFE79DF809008DF8170003E00C
:1092700002208DF81700FFE79DF8170006B080BDAB
:1092800080B582B00190ADF802100198006845F2F7
:109290000001C4F20001884223D1FFE740F2F00050
:1092A000C2F2004040F20A11C2F200411922F7F75F
:1092B0000BF9F7F785FA012812D1FFE740F20911FF
:1092C000C2F200410120087040F26450C2F2004036
:1092D00040F20A11C2F200411922FFF779FFFFE7BD
:1092E000FFE702B080BD000081B0009001B0704780
:1092F00080B584B002900191FFE7029890F8840055
:10930000012804D1FFE702208DF80F0032E0029916
:10931000012081F88400FFE7FFE702992420C1F8CB
:109320008800029800680068009002980168086848
:1093300020F00100086002980068806820F06060FA
:1093400001990843029909688860029801F054FD68
:10935000009802990968086002992020C1F88800E5
:10936000FFE70299002081F88400FFE700208DF8D4
:109370000F00FFE79DF80F0004B080BD0000000063
:1093800080B584B002900191FFE7029890F88400C4
:10939000012804D1FFE702208DF80F0032E0029986
:1093A000012081F88400FFE7FFE702992420C1F83B
:1093B00088000298006800680090029801680868B8
:1093C00020F00100086002980068806820F060408A
:1093D00001990843029909688860029801F00CFD20
:1093E000009802990968086002992020C1F8880055
:1093F000FFE70299002081F88400FFE700208DF844
:109400000F00FFE79DF80F0004B080BD00000000D2
:1094100081B0009001B0704781B0009001B07047FA
:1094200081B0009001B0704780B592B01190119852
:109430000068C06910901198006800680F9011983A
:10944000006880680E90109840F60F0108400D905B
:109450000D98E0B9FFE79DF840008006002815D57B
:10946000FFE79DF83C008006002806D4FFE79DF842
:109470003B00C006002809D5FFE71198406F20B1D6
:10948000FFE71198416F8847FFE72FE3FFE70D984B
:10949000002800F00C81FFE70E980121C1F20001C5
:1094A000084209D1FFE70F9840F22011C0F20041B5
:1094B000084200F0FC80FFE79DF84000C00788B13B
:1094C000FFE79DF83D00C00760B1FFE71198016814
:1094D000012008621199D1F8900040F00100C1F814
:1094E0009000FFE79DF840008007002811D5FFE7B6
:1094F0009DF83800C00760B1FFE7119801680220AD
:1095000008621199D1F8900040F00400C1F8900071
:10951000FFE79DF840004007002811D5FFE79DF8C0
:109520003800C00760B1FFE71198016804200862A5
:109530001199D1F8900040F00200C1F89000FFE7C7
:109540009DF840000007002819D5FFE79DF83C0072
:109550008006002807D4FFE70E980121C1F2000120
:1095600008420CD0FFE711980168082008621199A1
:10957000D1F8900040F00800C1F89000FFE79DF896
:1095800041000007002813D5FFE79DF83F00400782
:1095900000280DD5FFE7119801684FF400600862BC
:1095A0001199D1F8900040F02000C1F89000FFE739
:1095B0001198D0F89000002878D0FFE79DF840007F
:1095C0008006002815D5FFE79DF83C00800600289E
:1095D00006D4FFE79DF83B00C006002809D5FFE749
:1095E0001198406F20B1FFE71198416F8847FFE75E
:1095F000FFE71198D0F890000C90119800688068EF
:1096000000F04000402806D0FFE79DF8300010F041
:10961000280F42D0FFE7119801F066FE119800680C
:1096200080684006002833D5FFE7FFE7FFE7119881
:10963000006850E8020F20F040000B90FFE70B9904
:109640001198026842E802100028F0D1FFE7FFE716
:109650001198D0F88000B0B1FFE71198D0F88010D1
:109660004BF21110C0F6000008651198D0F8800088
:10967000F8F7A6FD30B1FFE71198D0F88000016D32
:109680008847FFE703E01198FFF7CAFEFFE703E012
:109690001198FFF7C5FEFFE707E01198FFF7C0FE3E
:1096A00011990020C1F89000FFE7FFE71EE2119832
:1096B000C06E012840F0BB81FFE79DF84000C00666
:1096C000002840F1B481FFE79DF83C00C006002867
:1096D00040F1AD81FFE711980168102008621198F0
:1096E000006880684006002840F13F81FFE711983C
:1096F000D0F8800000681021C4F20201884200F016
:10970000A280FFE71198D0F8800000682821C4F2F9
:109710000201884200F09780FFE71198D0F880009E
:1097200000684021C4F20201884200F08C80FFE70B
:109730001198D0F8800000685821C4F202018842D4
:1097400000F08180FFE71198D0F880000068702158
:10975000C4F20201884276D0FFE71198D0F8800069
:1097600000688821C4F2020188426CD0FFE711989A
:10977000D0F880000068A021C4F20201884262D0C3
:10978000FFE71198D0F880000068B821C4F2020108
:10979000884258D0FFE71198D0F88000006840F266
:1097A0001041C4F2020188424DD0FFE71198D0F871
:1097B0008000006840F22841C4F20201884242D091
:1097C000FFE71198D0F88000006840F24041C4F2F1
:1097D0000201884237D0FFE71198D0F88000006876
:1097E00040F25841C4F2020188422CD0FFE71198A0
:1097F000D0F88000006840F27041C4F20201884253
:1098000021D0FFE71198D0F88000006840F288412D
:10981000C4F20201884216D0FFE71198D0F8800008
:10982000006840F2A041C4F2020188420BD0FFE779
:109830001198D0F88000006840F2B841C4F20201EB
:10984000884207D1FFE71198D0F88000006840688F
:10985000019006E01198D0F88000006840680190FF
:10986000FFE70198ADF82A00BDF82A0000287BD058
:10987000FFE7BDF82A001199B1F85C10884273DA4D
:10988000FFE7BDF82A001199A1F85E001198D0F801
:109890008000C069B0F5807F59D0FFE7FFE7FFE7A0
:1098A0001198006850E8000F20F480700990FFE7DD
:1098B00009991198026842E800100028F0D1FFE7EA
:1098C000FFE7FFE7FFE71198006850E8020F20F07C
:1098D00001000890FFE708991198026842E8021019
:1098E0000028F0D1FFE7FFE7FFE7FFE711980068E6
:1098F00050E8020F20F040000790FFE70799119809
:10990000026842E802100028F0D1FFE7FFE7119952
:109910002020C1F88C0011990020C866FFE7FFE7FE
:109920001198006850E8000F20F010000690FFE743
:1099300006991198026842E800100028F0D1FFE76C
:10994000FFE71198D0F88000F7F77EFFFFE7119945
:10995000022008671198B0F85C10B0F85E20891AF0
:1099600089B2FFF78DFCFFE7C0E01199B1F85C0008
:10997000B1F85E10401AADF816001198B0F85E000C
:10998000002853D0FFE7BDF8160000284ED0FFE7AF
:10999000FFE7FFE71198006850E8000F20F490708F
:1099A0000490FFE704991198026842E8001000282B
:1099B000F0D1FFE7FFE7FFE7FFE71198006850E805
:1099C000020F4FF6FE71CEF6FF7108400390FFE7DD
:1099D00003991198026842E802100028EDD1FFE7D0
:1099E000FFE711992020C1F88C0011990020C8666A
:1099F00011994867FFE7FFE71198006850E8000FEA
:109A000020F010000290FFE702991198026842E8E6
:109A100000100028F0D1FFE7FFE711990220086746
:109A20001198BDF81610FFF72BFCFFE75EE09DF8DC
:109A30004200C00600280FD5FFE79DF83A00400617
:109A4000002809D5FFE7119801684FF480100862DB
:109A50001198FFF7E1FC49E09DF84000000600285E
:109A600015D5FFE79DF83C000006002806D4FFE767
:109A70009DF83A000006002809D5FFE71198806F8D
:109A800020B1FFE71198816F8847FFE72EE09DF82E
:109A90004000400600280AD5FFE79DF83C0040063C
:109AA000002804D5FFE7119801F06EFC1EE09DF838
:109AB0004200000600280AD5FFE79DF83F00400657
:109AC000002804D5FFE71198FFF7A2FC0EE09DF8EF
:109AD0004300C00750B1FFE79DF83F000006002893
:109AE00004D5FFE71198FFF7FFFBFFE712B080BD39
:109AF00080B582B00090009820B9FFE701208DF872
:109B0000070046E00098806908B1FFE700E0FFE742
:109B10000098D0F8880040B9FFE70099002081F84C
:109B20008400009800F03CF8FFE700992420C1F879
:109B3000880000980168086820F00100086000981B
:109B4000806A20B1FFE7009801F09AF9FFE70098DA
:109B500001F06EFC012804D1FFE701208DF8070019
:109B600017E000980168486820F490404860009829
:109B70000168886820F02A008860009801680868F9
:109B800040F001000860009801F01EFA8DF807000F
:109B9000FFE79DF8070002B080BD00000000000054
:109BA00080B5C6B0459000204490439042904190CB
:109BB000409012A8B821F6F706FD4598006845F2D6
:109BC0000001C4F20001884240F0BF80FFE700209E
:109BD0001390022112912F9012A8FCF705FF18B1E3
:109BE000FFE7F7F749FCFFE7FFE744F2E840C5F677
:109BF0000200016841F480110160006800F48010E7
:109C000011901198FFE7FFE744F2E040C5F602002B
:109C1000016841F002010160006800F0020010904C
:109C20001098FFE7FFE744F2E040C5F60200016844
:109C300041F008010160006800F008000F900F98E3
:109C4000FFE74FF40050409002200990419000201F
:109C50000B90429043900E20449040F20040C5F695
:109C6000020040A90A91FCF7AFF8099A0A990B98EB
:109C7000042340934192429043900820449040F640
:109C80000040C5F60200FCF79FF80B9940F2641003
:109C9000C2F200400C9040F28842C4F2020202601C
:109CA000412242608160C1604FF480620261416183
:109CB0008161C1614FF4003202624162F9F7B8FE7E
:109CC00018B1FFE7F7F7D8FBFFE7FFE7459840F249
:109CD0006411C2F20041C0F8801045988863FFE724
:109CE00040F2DC10C2F20040089040F2A041C4F201
:109CF0000201016042214160402181600021C16078
:109D00004FF48062026141618161C1614FF40032B0
:109D100002624162F9F78CFE18B1FFE7F7F7ACFB7E
:109D2000FFE7FFE7459840F2DC11C2F20041C1674E
:109D300045988863FFE73520079005210022FCF74E
:109D40001BFB0798FCF70CFBB7E04598006841F651
:109D50000041C4F20101884240F0AE80FFE70020DC
:109D6000139001211291309012A8FCF73DFE18B11A
:109D7000FFE7F7F781FBFFE7FFE744F2F040C5F6A6
:109D80000200016841F080010160006800F080007D
:109D90000E900E98FFE7FFE744F2E040C5F60200A0
:109DA000016841F010010160006800F010000D90A2
:109DB0000D98FFE70420409002210291419100217B
:109DC000059142914391449041F20000C5F6020092
:109DD000039040A90491FBF7F7FF029B03980499B5
:109DE000059A4FF0080CCDF800C14193429243927E
:109DF0000B224492FBF7E8FF059940F2CC20C2F217
:109E00000040069040F21042C4F202020260772243
:109E1000426040228260C1604FF480620261416111
:109E20008161C1614FF4003202624162F9F700FEC4
:109E300018B1FFE7F7F720FBFFE7FFE7459840F28F
:109E4000CC21C2F20041C16745988863FFE740F228
:109E50005420C2F20040019040F25841C4F2020185
:109E600001607621416000218160C1604FF4806211
:109E7000026141618161C1614FF40032026241625D
:109E8000F9F7D6FD18B1FFE7F7F7F6FAFFE7FFE7B6
:109E9000459840F25421C2F20041C0F88010459824
:109EA0008863FFE79C20009005210022FCF764FAFC
:109EB0000098FCF755FAFFE7FFE746B080BD0000C9
:109EC00081B0009001B0704781B0009001B0704740
:109ED00081B0009001B07047FFE7FEE7000000008E
:109EE00080B588B0FFE744F2D840C5F602000168AB
:109EF00041F002010160006800F00200079007983D
:109F0000FFE7382001900521049100220592FCF71B
:109F100033FA0198FCF724FA0499059A3B20029041
:109F2000FCF72AFA0298FCF71BFA0499059A4420D8
:109F30000390FCF721FA0398FCF712FA0499059AAA
:109F400045200690FCF718FA0698FCF709FA08B0C5
:109F500080BD00000000000080B582B040F24430B7
:109F6000C2F2004000904AF20001C4F20001016018
:109F7000002201928260C2600121017442748174E6
:109F80004FF0030EC0F814E00A2383614FF01D0C5C
:109F9000C0F81CC00362C0F824E08362C0F82CC083
:109FA000036342638163C263042101644164826488
:109FB000C164026541658265C2650166426681666B
:109FC000FBF796FB18B1FFE7F7F756FAFFE702B089
:109FD00080BD00000000000080B582B040F2E43097
:109FE000C2F2004000904AF20041C4F20001016058
:109FF000002201928260C260012101744274817466
:10A000004FF0030EC0F814E00A2383614FF01D0CDB
:10A01000C0F81CC00362C0F824E08362C0F82CC002
:10A0200003634FF4A06343638163C263042101644B
:10A0300041648264C164026541658265C2650166EE
:10A0400042668166FBF754FB18B1FFE7F7F714FA95
:10A05000FFE702B080BD000080B582B04AF669100B
:10A06000C0F600004FF27022C0F6000200210191FC
:10A0700002F086FA019940F26012C2F200421060CA
:10A080004AF67910C0F600004FF22422C0F6000212
:10A0900002F076FA019940F2EC02C2F2004210603E
:10A0A0004AF62910C0F600004FF2D812C0F600029E
:10A0B00002F066FA40F28001C2F20041086002B08C
:10A0C00080BD00000000000080B58EB000200D9023
:10A0D0000C900B900A900990FFE744F2E040C5F61F
:10A0E0000200016841F010010160006800F01000FA
:10A0F00008900898FFE7FFE744F2E040C5F6020049
:10A10000016841F004010160006800F0040007905C
:10A110000798FFE7FFE744F2E040C5F60200016858
:10A1200041F080010160006800F080000690069810
:10A13000FFE7FFE744F2E040C5F60200016841F0A6
:10A1400002010160006800F0020005900598FFE739
:10A15000FFE744F2E040C5F60200016841F0080163
:10A160000160006800F0080004900498FFE740F6E2
:10A170000000C5F6020003904FF400410191012256
:10A180000292FBF7F5FF019A0299039809920A914E
:10A1900000210B910C9109A9FBF716FE0EB080BDB2
:10A1A00080B582B040F26450C2F20040019045F2A6
:10A1B0000001C4F20001016048F2A061C0F2010197
:10A1C00041604FF4805181604FF40051C1604FF401
:10A1D000806101610C21416100218161C1610162E5
:10A1E00041628162FFF784FC18B1FFE7F7F744F999
:10A1F000FFE740F26450C2F200400021FFF7C0F8D0
:10A2000018B1FFE7F7F738F9FFE740F26450C2F200
:10A2100000400021FFF76CF818B1FFE7F7F72CF9C1
:10A22000FFE740F26450C2F20040FEF791FF18B120
:10A23000FFE7F7F721F9FFE702B080BD000000005B
:10A2400080B582B040F2D040C2F20040019041F6A9
:10A250000041C4F20101016048F2A061C0F20101B5
:10A2600041604FF4805181604FF40051C1604FF460
:10A27000806101610C21416100218161C161016244
:10A2800041628162FFF734FC18B1FFE7F7F7F4F899
:10A29000FFE740F2D040C2F200400021FFF770F823
:10A2A00018B1FFE7F7F7E8F8FFE740F2D040C2F255
:10A2B00000400021FFF71CF818B1FFE7F7F7DCF8C2
:10A2C000FFE740F2D040C2F20040FEF741FF18B174
:10A2D000FFE7F7F7D1F8FFE702B080BD000000000C
:10A2E000FFE7FEE700000000FFE7FEE700000000D8
:10A2F00088B0079006910592079800F00700049037
:10A300000498C0F10700052803D3FFE7042001905B
:10A3100004E00498C0F107000190FFE70198039062
:10A3200004980430062803D8FFE70020009003E0DB
:10A33000049803380090FFE700980290069803996C
:10A34000012202FA01F101390840029B9840059967
:10A350009A40013A1140084308B0704700000000DD
:10A36000EFF30980BFF36F8F154B1A681EF0100FC3
:10A3700008BF20ED108A20E9F04F10602DE9090098
:10A380004FF0500080F31188BFF34F8FBFF36F8FF2
:10A3900003F0B2FD4FF0000080F31188BDE8090022
:10A3A00019680868B0E8F04F1EF0100F08BFB0EC55
:10A3B000108A80F30988BFF36F8F704700BF00BF1A
:10A3C000EC0600240000000080B586B004900391E4
:10A3D00000208DF8070044F22840C5F6020000680E
:10A3E00000F00300032804D1FFE701208DF81700D7
:10A3F000CBE044F20041C5F60201086820F080601D
:10A400000860FBF7CDFE0290FFE744F20040C5F67E
:10A410000200006800F000610020B0EBD16F0CD0AA
:10A42000FFE7FBF7BDFE0299401A032804D3FFE7BC
:10A4300003208DF81700A8E0E7E7FFE744F2284182
:10A44000C5F60201086820F47C30049A126840EADC
:10A450000230086004994868D1F808C0CB680A69DE
:10A4600001386FF35F204FF60061CFF6FF7101EB0B
:10A470004C2189B208440021CFF6FF7101EB034162
:10A4800001F4FE0108444FF07F4101EB026101F04D
:10A49000FE41084444F23841C5F602010860FFE776
:10A4A00044F22C41C5F602010091086820F0C0007A
:10A4B000049A526910430860086820F02000049A4A
:10A4C000926910430860086820F01000086044F2A8
:10A4D0003C42C5F6020210684FF6F8739843049B9D
:10A4E000DB6940EAC3001060086840F010000860B3
:10A4F000039848B9FFE744F22C41C5F60201086809
:10A5000040F40020086016E00398012809D1FFE715
:10A5100044F22C41C5F60201086840F4801008603E
:10A5200008E044F22C41C5F60201086840F400102E
:10A530000860FFE7FFE744F20041C5F60201086842
:10A5400040F080600860FBF72BFE0290FFE744F2CA
:10A550000040C5F60200006800F000610020B0EB8A
:10A56000D16F0CD1FFE7FBF71BFE0299401A0328BD
:10A5700004D3FFE703208DF8170006E0E7E7FFE7C5
:10A580009DF807008DF81700FFE79DF8170006B04B
:10A5900080BD00000000000080B586B004900391EB
:10A5A00000208DF8070044F22840C5F6020000683C
:10A5B00000F00300032804D1FFE701208DF8170005
:10A5C000CBE044F20041C5F60201086820F080505B
:10A5D0000860FBF7E5FD0290FFE744F20040C5F696
:10A5E0000200006800F000510020B0EB517F0CD059
:10A5F000FFE7FBF7D5FD0299401A032804D3FFE7D4
:10A6000003208DF81700A8E0E7E7FFE744F22841B0
:10A61000C5F60201086820F07C70049A126840EACE
:10A620000250086004994868D1F808C0CB680A69EC
:10A6300001386FF35F204FF60061CFF6FF7101EB39
:10A640004C2189B208440021CFF6FF7101EB034190
:10A6500001F4FE0108444FF07F4101EB026101F07B
:10A66000FE41084444F24041C5F602010860FFE79C
:10A6700044F22C41C5F602010091086820F44060C4
:10A68000049A526910430860086820F40070049A24
:10A69000926910430860086820F48070086044F2F2
:10A6A0004442C5F6020210684FF6F8739843049BC3
:10A6B000DB6940EAC3001060086840F480700860FD
:10A6C000039848B9FFE744F22C41C5F60201086837
:10A6D00040F48000086016E00398012809D1FFE7E4
:10A6E00044F22C41C5F60201086840F400000860FD
:10A6F00008E044F22C41C5F60201086840F0807081
:10A700000860FFE7FFE744F20041C5F60201086870
:10A7100040F080500860FBF743FD0290FFE744F2F1
:10A720000040C5F60200006800F000510020B0EBC8
:10A73000517F0CD1FFE7FBF733FD0299401A032844
:10A7400004D3FFE703208DF8170006E0E7E7FFE7F3
:10A750009DF807008DF81700FFE79DF8170006B079
:10A7600080BD00000000000080B540F26450C2F2DD
:10A77000004040F20A11C2F200411922FEF728FD02
:10A7800080BD00000000000082B040F20910C2F25B
:10A7900000400078012840F0A480FFE740F2091152
:10A7A000C2F200410020087040F2F000C2F2004006
:10A7B0000090027840F2C801C2F2004101910A7093
:10A7C0004278837803F0070342EA03224A808278C2
:10A7D000C378D20803F03F0342EA43128A80C2786A
:10A7E00090F804C04379920942EA8C0203F0010315
:10A7F00042EA8322CA8042798379520803F00F0328
:10A8000042EAC3120A818279C379120903F07F03F5
:10A8100042EA03124A81C27990F808C0437AD20909
:10A8200042EA4C0203F0030342EA43228A81427A5D
:10A83000837A920803F01F0342EA8312CA81827A64
:10A84000C37A520942EAC3020A82027B437B03F0C5
:10A85000070342EA03224A82427B837BD20803F049
:10A860003F0342EA43128A82827B90F80FC0037C46
:10A87000920942EA8C0203F0010342EA8322CA826F
:10A88000027C437C520803F00F0342EAC3120A839E
:10A89000427C837C120903F07F0342EA03124A835D
:10A8A000827C90F813C0037DD20942EA4C0203F087
:10A8B000030342EA43228A83027D437D920803F028
:10A8C0001F0342EA8312CA83427D837D520942EA12
:10A8D000C3020A84C27D81F82220007E81F8230011
:10A8E000FFE702B07047000080B5FFF74DFF80BD65
:10A8F000074B19680868B0E8F04F80F30988BFF388
:10A900006F8F4FF0000080F31188704700BF00BFC9
:10A91000EC0600240000000080B56FF00400002168
:10A9200001F01EFC80BD000080B582B00190FFE701
:10A93000F6F7FAFC40F22810C2F20040009080EDD9
:10A94000000A01F051FCF6F7EFFC009890ED001AB8
:10A9500030EE410A40F22410C2F2004080ED000ABD
:10A96000E6E700000000000080B582B00190FFE73C
:10A97000012001F099FDFBE780B582B00190FFF75F
:10A98000F3FEFFE7F6F7D0FC40F23010C2F20040D1
:10A99000009080ED000AFFF7A7FFF6F7C5FC0098CE
:10A9A00090ED001A30EE410A40F22C10C2F2004045
:10A9B00080ED000A012001F077FDE3E700000000D0
:10A9C00080B54EF21000CEF20000006804F07CF872
:10A9D000012803D0FFE703F09FFBFFE780BD0000E5
:10A9E00080B59EB00BA84C21F5F7EDFD002001903D
:10A9F0000A900990089007900690059004900390A3
:10AA00000220FBF7D9FCFFE70020029044F6180073
:10AA1000C5F60200016821F440410160006800F4BD
:10AA2000404002900298FFE7FFE744F61800C5F6A1
:10AA30000200006800F40050B0F5005F01D0FFE7AD
:10AA4000F3E701210B914FF480300C900220149019
:10AA50001590169014221792189119901A900C20A4
:10AA60001B9000201C901D900BA8FDF721FC18B135
:10AA7000FFE7F6F701FDFFE73F2003900321049174
:10AA80000020059006904020079008904FF48062C7
:10AA900009920A9003A8FCF79FFF18B1FFE7F6F7A9
:10AAA000EBFCFFE71EB080BD4EF68851CEF20001F0
:10AAB000086840F47000086042F20000C5F200200F
:10AAC000006800F00F0006280AD8FFE742F20001F4
:10AAD000C5F200210868072262F303000860FFE75F
:10AAE00044F20041C5F60201086840F00100086028
:10AAF00044F21042C5F602020020106008684EF6CB
:10AB00007F52CEF6F6221040086042F20000C5F2F5
:10AB10000020006800F00F0008280AD3FFE742F287
:10AB20000001C5F200210868072262F303000860F3
:10AB3000FFE744F21841C5F602010020086044F224
:10AB40001C41C5F60201086044F22041C5F602012D
:10AB5000086044F22842C5F6020240F20021C0F229
:10AB60000221116044F22C42C5F602020021C0F21B
:10AB7000FF11116044F23042C5F6020240F280211A
:10AB8000C0F20111116044F23442C5F602021060B5
:10AB900044F23842C5F60202116044F23C42C5F666
:10ABA0000202106044F24042C5F60202116044F213
:10ABB0004441C5F60201086044F20042C5F60202B3
:10ABC000116821F48021116044F26041C5F6020150
:10ABD000086044F20001C5F2002143F2D20008608F
:10ABE000704700000000000080B540F28440C2F2CF
:10ABF0000040FEF769F980BD83B002900191029890
:10AC00000068009002980021C4F20101884225D01A
:10AC1000FFE70298B0F1804F20D0FFE7029840F2A2
:10AC20000041C4F20001884218D0FFE7029840F6C4
:10AC30000001C4F20001884210D0FFE7029840F6FC
:10AC40000041C4F20001884208D0FFE7029840F2B8
:10AC50000041C4F2010188420AD1FFE7009820F0C8
:10AC60007000009001984168009808430090FFE749
:10AC700002980021C4F2010188424DD0FFE70298FA
:10AC8000B0F1804F48D0FFE7029840F20041C4F293
:10AC90000001884240D0FFE7029840F60001C4F26C
:10ACA0000001884238D0FFE7029840F60041C4F224
:10ACB0000001884230D0FFE7029840F20041C4F220
:10ACC0000101884228D0FFE7029844F20001C4F253
:10ACD0000101884220D0FFE7029844F20041C4F20B
:10ACE0000101884218D0FFE7029844F60001C4F23F
:10ACF0000101884210D0FFE702984EF20001C4F231
:10AD00000001884208D0FFE702984EF20041C4F2E9
:10AD1000000188420AD1FFE7009820F440700090BB
:10AD20000198C168009808430090FFE7009820F060
:10AD300080000199496908430090009802990860D1
:10AD4000019880680299C862019800680299886237
:10AD500002980021C4F20101884220D0FFE7029846
:10AD600040F20041C4F20101884218D0FFE7029886
:10AD700044F20001C4F20101884210D0FFE70298BA
:10AD800044F20041C4F20101884208D0FFE7029872
:10AD900044F60001C4F20101884205D1FFE70198A1
:10ADA000006902990863FFE702990120486102984F
:10ADB0000069C00730B1FFE70299086920F001007F
:10ADC0000861FFE703B0704780B540F23C10C2F263
:10ADD000004040F2E431C2F200410222F5F758FC93
:10ADE00080BD00000000000080B540F26450C2F257
:10ADF0000040FEF719FB80BD82B001900198406EC3
:10AE000040B9FFE701990120A1F86A000199A1F872
:10AE1000680032E010208DF803008DF802000198E0
:10AE200000688068C0F342608DF8010001980068F6
:10AE30008068400F8DF800009DF802009DF800200A
:10AE40004FF25023C0F60003995C48434FF248216B
:10AE5000C0F600018A5CB0FBF2F0019AA2F86A0029
:10AE60009DF803009DF801209B5C5843895CB0FB72
:10AE7000F1F00199A1F86800FFE702B07047000007
:10AE800081B00090009890F82800000700280BD5AA
:10AE9000FFE700980068406820F40040009A1168BD
:10AEA000926B10434860FFE7009890F82800C007B5
:10AEB00058B1FFE700980068406820F40030009A1D
:10AEC0001168D26A10434860FFE7009890F82800A4
:10AED000800700280BD5FFE700980068406820F441
:10AEE0008030009A1168126B10434860FFE70098A9
:10AEF00090F82800400700280BD5FFE7009800686D
:10AF0000406820F48020009A1168526B104348601A
:10AF1000FFE7009890F82800C00600280BD5FFE74F
:10AF200000980068806820F48050009A1168D26B05
:10AF300010438860FFE7009890F8280080060028FA
:10AF40000BD5FFE700980068806820F40050009A55
:10AF50001168126C10438860FFE7009890F8280091
:10AF6000400600281CD5FFE700980068406820F4E0
:10AF70008010009A1168526C104348600098406C31
:10AF8000B0F5801F0BD1FFE700980068406820F4FF
:10AF9000C000009A1168926C10434860FFE7FFE719
:10AFA000009890F82800000600280BD5FFE70098CD
:10AFB0000068406820F40020009A1168D26C1043A9
:10AFC0004860FFE701B0704780B588B006900699E9
:10AFD0000020C1F89000FBF7E3F8059006980068A0
:10AFE0000068000700282FD5FFE70698059B6A46F2
:10AFF0006FF07E4111604FF40011002200F0D8FF85
:10B0000008B3FFE7FFE7FFE70698006850E8000F86
:10B0100020F080000490FFE704990698026842E857
:10B0200000100028F0D1FFE7FFE706992020C1F8C3
:10B030008800FFE70699002081F88400FFE70320DD
:10B040008DF81F005FE0FFE7069800680068400782
:10B05000002842D5FFE70698059B6A466FF07E41BF
:10B0600011604FF48001002200F0A2FFA0B3FFE7BF
:10B07000FFE7FFE70698006850E8000F20F49070A3
:10B080000390FFE703990698026842E80010002841
:10B09000F0D1FFE7FFE7FFE7FFE70698006850E819
:10B0A000020F20F001000290FFE702990698026863
:10B0B00042E802100028F0D1FFE7FFE706992020C0
:10B0C000C1F88C00FFE70699002081F88400FFE7B3
:10B0D00003208DF81F0016E0FFE706992020C1F835
:10B0E00088000699C1F88C0006990020C866069968
:10B0F0000867FFE70699002081F88400FFE7002039
:10B100008DF81F00FFE79DF81F0008B080BD00000C
:10B1100080B582B001900198806B0090009900206A
:10B12000A1F85E000099A1F856000098FEF778F9A2
:10B1300002B080BD0000000080B584B00390039889
:10B14000806B02900298D0F8880001900298D0F8A5
:10B150008C000090029800688068000600280CD5DA
:10B16000FFE70198212808D1FFE702990020A1F804
:10B170005600029800F02CF9FFE7029800688068FA
:10B18000400600280CD5FFE70098222808D1FFE7E9
:10B1900002990020A1F85E00029800F0A5F8FFE7F0
:10B1A0000299D1F8900040F01000C1F89000029888
:10B1B000FEF736F904B080BD80B586B005900598DD
:10B1C000806B04900598C069B0F5807F5BD0FFE785
:10B1D00004990020A1F85E00FFE7FFE704980068EB
:10B1E00050E8000F20F480700390FFE70399049863
:10B1F000026842E800100028F0D1FFE7FFE7FFE710
:10B20000FFE70498006850E8020F20F00100029068
:10B21000FFE702990498026842E802100028F0D182
:10B22000FFE7FFE7FFE7FFE70498006850E8020F39
:10B2300020F040000190FFE701990498026842E87D
:10B2400002100028F0D1FFE7FFE704992020C1F8A1
:10B250008C000498C06E012814D1FFE7FFE7FFE7D8
:10B260000498006850E8000F20F010000090FFE7FD
:10B2700000990498026842E800100028F0D1FFE726
:10B28000FFE7FFE7FFE70499002008670498C06E16
:10B29000012806D1FFE70498B0F85C10FDF7F0FF35
:10B2A00003E00498FEF70CFEFFE706B080BD000047
:10B2B00080B582B001900198806B009000990120C8
:10B2C00008670098C06E012807D1FFE70098B0F822
:10B2D0005C104908FDF7D4FF03E00098FEF7F4FD89
:10B2E000FFE702B080BD000084B00390FFE7FFE7F6
:10B2F0000398006850E8000F20F490700290FFE778
:10B3000002990398026842E800100028F0D1FFE794
:10B31000FFE7FFE7FFE70398006850E8020F4FF6EA
:10B32000FE71CEF6FF7108400190FFE70199039886
:10B33000026842E802100028EDD1FFE7FFE703981A
:10B34000C06E012814D1FFE7FFE7FFE7039800680C
:10B3500050E8000F20F010000090FFE700990398DC
:10B36000026842E800100028F0D1FFE7FFE7FFE79E
:10B3700003992020C1F88C0003990020C866039926
:10B38000486704B07047000080B582B00190FFE7C5
:10B39000FFE70198006850E8000F20F0400000909F
:10B3A000FFE700990198026842E800100028F0D1F8
:10B3B000FFE7FFE701992020C1F8880001990020EC
:10B3C00088670198FEF784FD02B080BD0000000090
:10B3D00083B00290FFE7FFE70298006850E8000F93
:10B3E00020F0C0000190FFE701990298026842E84E
:10B3F00000100028F0D1FFE7FFE7FFE7FFE7029822
:10B40000006850E8020F20F400000090FFE7009968
:10B410000298026842E802100028F0D1FFE7FFE737
:10B4200002992020C1F8880003B070470000000096
:10B4300080B59EB01D9000208DF867001D980068B3
:10B4400040F60041C5F60001884201D1FFE700E067
:10B45000FFE71D9988680B694A69C9691843104359
:10B4600008431C901D980068006846F6F311CCF65E
:10B47000FF7108401C9908431D99096808601D98D0
:10B480000068406820F440501D9A1168D26810434B
:10B4900048601D9880691C901D98006840F6004126
:10B4A000C5F60001884206D0FFE71D98016A1C9886
:10B4B00008431C90FFE71D98006880684FF2FF4129
:10B4C000C1F2FF1108401C9908431D990968886062
:10B4D0001D980068C06A20F00F001D9A1168526A1A
:10B4E0001043C862FFE71D98006841F20001C4F2F2
:10B4F0000101884240F04180FFE744F25440C5F624
:10B500000200006800F038000146109128282FD86A
:10B510001099DFE801F0152D2D2D2D2D2D2D192D34
:10B520002D2D2D2D2D2D1D2D2D2D2D2D2D2D212D67
:10B530002D2D2D2D2D2D252D2D2D2D2D2D2D290074
:10B5400001208DF86D0017E004208DF86D0013E0E8
:10B5500008208DF86D000FE010208DF86D000BE0D5
:10B5600020208DF86D0007E040208DF86D0003E08D
:10B5700080208DF86D00FFE76CE21D98006844F2B2
:10B580000041C4F2000188422ED1FFE744F254404A
:10B59000C5F60200006800F0070001460F9105287B
:10B5A0001DD80F99DFE801F003070B0F13170020D8
:10B5B0008DF86D0017E004208DF86D0013E0082071
:10B5C0008DF86D000FE010208DF86D000BE020204D
:10B5D0008DF86D0007E040208DF86D0003E08020BD
:10B5E0008DF86D00FFE734E21D98006844F6000115
:10B5F000C4F2000188422ED1FFE744F25440C5F660
:10B600000200006800F0070001460E9105281DD8D1
:10B610000E99DFE801F003070B0F131700208DF8D8
:10B620006D0017E004208DF86D0013E008208DF800
:10B630006D000FE010208DF86D000BE020208DF8DC
:10B640006D0007E040208DF86D0003E080208DF84C
:10B650006D00FFE7FCE11D98006844F60041C4F26C
:10B66000000188422ED1FFE744F25440C5F60200A3
:10B67000006800F0070001460D9105281DD80D99BE
:10B68000DFE801F003070B0F131700208DF86D00A2
:10B6900017E004208DF86D0013E008208DF86D0090
:10B6A0000FE010208DF86D000BE020208DF86D006C
:10B6B00007E040208DF86D0003E080208DF86D00DC
:10B6C000FFE7C4E11D98006845F20001C4F20001E3
:10B6D00088422ED1FFE744F25440C5F602000068CC
:10B6E00000F0070001460C9105281DD80C99DFE8F1
:10B6F00001F003070B0F131700208DF86D0017E002
:10B7000004208DF86D0013E008208DF86D000FE027
:10B7100010208DF86D000BE020208DF86D0007E003
:10B7200040208DF86D0003E080208DF86D00FFE76C
:10B730008CE11D98006841F20041C4F20101884289
:10B7400040F04180FFE744F25440C5F60200006833
:10B7500000F0380001460B9128282FD80B99DFE81C
:10B7600001F0152D2D2D2D2D2D2D192D2D2D2D2D9E
:10B770002D2D1D2D2D2D2D2D2D2D212D2D2D2D2D15
:10B780002D2D252D2D2D2D2D2D2D290001208DF830
:10B790006D0017E004208DF86D0013E008208DF88F
:10B7A0006D000FE010208DF86D000BE020208DF86B
:10B7B0006D0007E040208DF86D0003E080208DF8DB
:10B7C0006D00FFE741E11D98006847F60001C4F2F3
:10B7D000000188422ED1FFE744F25440C5F6020032
:10B7E000006800F0070001460A9105281DD80A9953
:10B7F000DFE801F003070B0F131700208DF86D0031
:10B8000017E004208DF86D0013E008208DF86D001E
:10B810000FE010208DF86D000BE020208DF86D00FA
:10B8200007E040208DF86D0003E080208DF86D006A
:10B83000FFE709E11D98006847F60041C4F20001E6
:10B8400088422ED1FFE744F25440C5F6020000685A
:10B8500000F007000146099105281DD80999DFE885
:10B8600001F003070B0F131700208DF86D0017E090
:10B8700004208DF86D0013E008208DF86D000FE0B6
:10B8800010208DF86D000BE020208DF86D0007E092
:10B8900040208DF86D0003E080208DF86D00FFE7FB
:10B8A000D1E01D98006841F60001C4F20101884210
:10B8B00040F04180FFE744F25440C5F602000068C2
:10B8C00000F038000146089128282FD80899DFE8B1
:10B8D00001F0152D2D2D2D2D2D2D192D2D2D2D2D2D
:10B8E0002D2D1D2D2D2D2D2D2D2D212D2D2D2D2DA4
:10B8F0002D2D252D2D2D2D2D2D2D290001208DF8BF
:10B900006D0017E004208DF86D0013E008208DF81D
:10B910006D000FE010208DF86D000BE020208DF8F9
:10B920006D0007E040208DF86D0003E080208DF869
:10B930006D00FFE786E01D98006841F60041C4F203
:10B940000101884240F04180FFE744F25440C5F6CF
:10B950000200006800F038000146079128282FD81F
:10B960000799DFE801F0152D2D2D2D2D2D2D192DE9
:10B970002D2D2D2D2D2D1D2D2D2D2D2D2D2D212D13
:10B980002D2D2D2D2D2D252D2D2D2D2D2D2D290020
:10B9900001208DF86D0017E004208DF86D0013E094
:10B9A00008208DF86D000FE010208DF86D000BE081
:10B9B00020208DF86D0007E040208DF86D0003E039
:10B9C00080208DF86D00FFE73BE01D98006840F691
:10B9D0000041C5F6000188422ED1FFE744F25840ED
:10B9E000C5F60200006800F0070001460691052830
:10B9F0001DD80699DFE801F003070B0F131702208B
:10BA00008DF86D0017E004208DF86D0013E008201C
:10BA10008DF86D000FE010208DF86D000BE02020F8
:10BA20008DF86D0007E040208DF86D0003E0802068
:10BA30008DF86D00FFE703E080208DF86D00FFE7D3
:10BA4000FFE7FFE7FFE7FFE7FFE7FFE7FFE7FFE7C6
:10BA5000FFE7FFE7FFE71D98006840F60041C5F6E5
:10BA60000001884240F0B480FFE79DF86D00014678
:10BA70000591022814D0FFE70598042814D0FFE7A9
:10BA80000598082816D0FFE70598102818D0FFE77A
:10BA90000598202835D0FFE70598402837D03AE0B0
:10BAA000FAF7DEFC11903CE015A8FAF7EDFC1698C9
:10BAB000119036E012A8FAF73FFE1398119030E08B
:10BAC00044F20040C5F60200006800F020010020AA
:10BAD000B0EB511F0ED0FFE744F20040C5F6020064
:10BAE0000068C0F3C10149F20000C0F2D030C84084
:10BAF000119005E049F20000C0F2D0301190FFE74C
:10BB00000FE040F60010C0F23D00119009E04FF444
:10BB10000040119005E00020119001208DF8670091
:10BB2000FFE71198002852D0FFE711981D994A6A43
:10BB30004FF25821C0F6000131F81210B0FBF1F0BD
:10BB4000189018981D99496801EB4101884207D364
:10BB5000FFE718981D994968B0EB013F04D9FFE74A
:10BB600001208DF8670031E011981D994A68039211
:10BB70004A6A4FF25821C0F6000131F81220002322
:10BB800004931946F4F728FC039A049B090241EA3E
:10BB90001061000210EB520041F10001F4F71CFCAF
:10BBA0001A901A98B0F5407F0BD3FFE71A9900203E
:10BBB000B0EB115F05D1FFE71A981D990968C860BD
:10BBC00003E001208DF86700FFE7FFE7FFE746E1AC
:10BBD0001D98C069B0F5004F40F0A880FFE79DF8C0
:10BBE0006D0001460291402800F263800299DFE86F
:10BBF00001F021256060296060602F6060606060F6
:10BC0000606035606060606060606060606060605F
:10BC1000606056606060606060606060606060602E
:10BC20006060606060606060606060606060606014
:10BC300060605C00FCF78CF9119040E0FCF79CF927
:10BC400011903CE015A8FAF71FFC1698119036E009
:10BC500012A8FAF771FD1398119030E044F20040F9
:10BC6000C5F60200006800F020010020B0EB511F73
:10BC70000ED0FFE744F20040C5F602000068C0F3B2
:10BC8000C10149F20000C0F2D030C840119005E077
:10BC900049F20000C0F2D0301190FFE70FE040F60B
:10BCA0000010C0F23D00119009E04FF400401190E7
:10BCB00005E00020119001208DF86700FFE7119842
:10BCC00098B3FFE711981D9A5168536A4FF25822B2
:10BCD000C0F6000232F81320B0FBF2F0400000EB97
:10BCE0005100B0FBF1F01A901A98102818D3FFE712
:10BCF000BDF86A00A0B9FFE71A9820F00F00ADF870
:10BD00006E001A9800F00E01BDF86E0040EA510076
:10BD1000ADF86E00BDF86E001D990968C86003E0BB
:10BD200001208DF86700FFE7FFE797E09DF86D00C1
:10BD300001460191402800F263800199DFE801F09B
:10BD400021256060296060602F60606060606060D5
:10BD5000356060606060606060606060606060600E
:10BD600056606060606060606060606060606060DD
:10BD700060606060606060606060606060606060C3
:10BD80005C00FCF7E5F8119040E0FCF7F5F8119045
:10BD90003CE015A8FAF778FB1698119036E012A847
:10BDA000FAF7CAFC1398119030E044F20040C5F64F
:10BDB0000200006800F020010020B0EB511F0ED0FF
:10BDC000FFE744F20040C5F602000068C0F3C1017D
:10BDD00049F20000C0F2D030C840119005E049F2AD
:10BDE0000000C0F2D0301190FFE70FE040F60010E5
:10BDF000C0F23D00119009E04FF40040119005E0C1
:10BE00000020119001208DF86700FFE7119820B302
:10BE1000FFE711981D9A5168536A4FF25822C0F6F5
:10BE2000000232F81320B0FBF2F000EB5100B0FB3F
:10BE3000F1F01A901A9810280AD3FFE7BDF86A00AB
:10BE400030B9FFE7BDF868001D990968C86003E0D4
:10BE500001208DF86700FFE7FFE7FFE7FFE71D9987
:10BE60000120A1F86A001D99A1F868001D99002021
:10BE700048671D9988679DF867001EB080BD000067
:10BE800080B588B006900591ADF812200598069906
:10BE90008865BDF812000699A1F85C00069900209B
:10BEA000C1F8900006992220C1F88C000698D0F8BD
:10BEB0008000B0B3FFE70698D0F880104BF2B910BD
:10BEC000C0F60000C8630698D0F880104BF2B1208D
:10BED000C0F6000008640698D0F880104BF23910C4
:10BEE000C0F60000C8640698D0F8801000200865ED
:10BEF00006980168826DD0F880002431BDF81230B8
:10BF0000F8F746FA60B1FFE706991020C1F89000F3
:10BF100006992020C1F88C0001208DF81F0042E016
:10BF2000FFE706980069A0B1FFE7FFE7FFE7069883
:10BF3000006850E8000F40F480700390FFE7039919
:10BF40000698026842E800100028F0D1FFE7FFE7FA
:10BF5000FFE7FFE7FFE70698006850E8020F40F0B0
:10BF600001000290FFE702990698026842E8021079
:10BF70000028F0D1FFE7FFE7FFE7FFE7069800683A
:10BF800050E8020F40F040000190FFE70199069849
:10BF9000026842E802100028F0D1FFE7FFE7002026
:10BFA0008DF81F00FFE79DF81F0008B080BD00005E
:10BFB00080B586B0DDF820C0049003918DF80B2089
:10BFC0000193FFE704980068C06903990840401A8C
:10BFD000B0FA80F040099DF80B10884266D1FFE767
:10BFE00008980130002860D0FFE7FAF7D9F80199E6
:10BFF000401A0899884203D8FFE7089820B9FFE75C
:10C0000003208DF8170055E0049800680068400789
:10C01000002849D5FFE70398802845D0FFE703981B
:10C02000402841D0FFE704980068C06900F008018B
:10C030000120B0EBD10F16D1FFE70498016808206A
:10C04000009008620498FFF74FF900980499C1F82E
:10C050009000FFE70499002081F88400FFE70120A9
:10C060008DF8170026E004980068C06900F40061AC
:10C070000120B0EBD12F16D1FFE7049801684FF4EF
:10C08000006008620498FFF72FF904992020C1F896
:10C090009000FFE70499002081F88400FFE7032067
:10C0A0008DF8170006E0FFE7FFE78BE700208DF82B
:10C0B0001700FFE79DF8170006B080BD00000000E4
:10C0C00080B540F2D040C2F20040FDF7ADF980BD2E
:10C0D000FFE7FEE70000000081B0ADF80200BDF907
:10C0E000020000280ED4FFE7BDF9021001F01F0284
:10C0F000012090404A094EF20011CEF2000141F8B1
:10C100002200FFE701B070474EF60C50CEF200005F
:10C110000068C0F30220704782B0ADF806000091BD
:10C12000BDF9060000280AD4FFE700980001BDF918
:10C1300006104EF20042CEF2000288540BE0009846
:10C140000001BDF8061001F00F014EF61452CEF2B8
:10C1500000028854FFE702B07047000000000000B2
:10C1600082B0ADF806000091BDF9060000280AD49F
:10C17000FFE700980001BDF906104EF20042CEF232
:10C18000000288540BE000980001BDF8061001F091
:10C190000F014EF61452CEF200028854FFE702B0AF
:10C1A000704700000000000083B00290029800F089
:10C1B000070000904EF60C51CEF200010868019085
:10C1C00001984FF6FF02104001900198009A40EA52
:10C1D00002200022C0F2FA52104301900198086038
:10C1E00003B070470000000080B540F2C801C2F201
:10C1F0000041888800EE100AB8EEC00B9FED263B88
:10C2000030EE430B9FED262B80EE020B9FED261B9D
:10C2100020EE010BBDEEC00B10EE102A40F23C10D8
:10C22000C2F2004002704A8800EE102AB8EEC00B3D
:10C2300030EE430B80EE020B20EE010BBDEEC00B87
:10C2400010EE102A4270CA8800EE102AB8EEC00B19
:10C2500030EE430B80EE020B20EE010BBDEEC00B67
:10C2600010EE102A82700A8AA2F24112B2FA82F209
:10C27000520942710A8AA2F57872B2FA82F2520920
:10C280000271098AA1F27F61B1FA81F149098171D4
:10C29000F4F75AFA80BD00BF0000000000008F4094
:10C2A0000000000000F884400000000000C05F4073
:10C2B00080B584B000F01CF840F24430C2F2004077
:10C2C00002900121009100220192F8F7E5FB00990C
:10C2D000019A40F2E430C2F200400390F8F7DCFB30
:10C2E0000298F9F705FD0398F9F702FD04B080BD47
:10C2F00080B58EB000200490069007900221039133
:10C300000891012109910A900B9040F24430C2F249
:10C310000040029006A90191F8F7AEFC019940F2A5
:10C32000E430C2F200400590F8F7A6FC039A049BA3
:10C33000029869460B601146F8F72AFD039A049BA0
:10C34000059869460B601146F8F722FD0EB080BDD6
:10C35000704700000000000080B540F2E430C2F2F7
:10C36000004000F001F880BD2DE9F04798B016902C
:10C37000169840F2E431C2F2004188423ED1FFE714
:10C3800016980AAA02F128034021F8F73DFDA0BB48
:10C39000FFE70A9801282CD1FFE70A990B9A0C9B1A
:10C3A0000D98DDF838E00F9C109D119E129FDDF86E
:10C3B0004C80DDF85090DDF854A0EC46CDF824C058
:10C3C000CCF820A0CCF81C90CCF81880CCF81470D5
:10C3D000CCF81060CCF80C50CCF80840CCF804E055
:10C3E000CCF8000040F23C10C2F20040F4F77CF9B7
:10C3F000FFE70D988DF85F0004E0FFE700208DF85F
:10C400005F00FFE79DF85F0018B0BDE8F08700000F
:10C4100080B58EB00C90ADF82E100A920993BDF83D
:10C420002E000090002001900290082103910490BA
:10C4300005900690079008900C980A9A6946F8F7BC
:10C44000ABFB20B1FFE701208DF8370003E00020AF
:10C450008DF83700FFE79DF837000EB080BD000073
:10C4600080B582B000200190F9F7B2FEFEF7B8FA6D
:10C47000FDF72AFEFDF734FDFDF7E2FEFDF790FE25
:10C48000FDF7AAFDFDF768FD40F20000C2F2004092
:10C4900000688047FEF798FC00F022F8FDF7DCFD0D
:10C4A00000F042F8FFE7FEE780B584B00290EFF3BA
:10C4B00005800390039820B1FFE76FF0050001901D
:10C4C00009E000200190029820B1FFE7029801F0F6
:10C4D000F7FBFFE7FFE7019804B080BD0000000014
:10C4E00082B0EFF305800190019820B1FFE76FF073
:10C4F0000500009014E040F2C400C2F20040006861
:10C5000048B9FFE740F2C401C2F2004101200860CF
:10C510000020009003E04FF0FF300090FFE7FFE7BE
:10C52000009802B07047000080B582B0EFF305803C
:10C530000190019820B1FFE76FF00500009019E02D
:10C5400040F2C400C2F20040006801280DD1FFE7AC
:10C55000FEF7E2F940F2C401C2F200410220086095
:10C5600001F052FC0020009003E04FF0FF300090FB
:10C57000FFE7FFE7009802B080BD00000000000068
:10C58000B0B58EB00B900A91099200200690EFF39F
:10C5900005800D900D98002840F09980FFE70B98DA
:10C5A000002800F09480FFE7802007901820059075
:10C5B000002008904FF0FF300490099800284DD0DB
:10C5C000FFE70998006820B1FFE709980068089024
:10C5D000FFE70998806920B1FFE709988069059015
:10C5E000FFE7059848B1FFE70598382805D8FFE729
:10C5F00009980079C00718B1FFE700200C9069E0A6
:10C600000998406928B1FFE70998406980080790B8
:10C61000FFE70998806880B1FFE70998C0685C2847
:10C620000BD3FFE70998006938B1FFE70998406923
:10C6300018B1FFE7012004900FE00998806858B90D
:10C64000FFE70998C06838B9FFE70998006918B989
:10C65000FFE700200490FFE7FFE702E000200490DE
:10C66000FFE70498012817D1FFE70B980899079A6C
:10C670000A9BDDF814C0DDF824E0DEF80850DEF88F
:10C680001040EE46CEF80850CEF80440CEF800C078
:10C6900002F0B2F9069019E00498B0B9FFE70B98E0
:10C6A0000899BDF81C200A9BDDF814C0EE4606ACC4
:10C6B000CEF80440CEF800C002F04EF9012803D0B5
:10C6C000FFE700200690FFE7FFE7FFE7FFE7069898
:10C6D0000C90FFE70C980EB0B0BD00000000000009
:10C6E00080B584B00390029144F63870C2F20040E5
:10C6F0000068009040F2EC60C2F200400068043034
:10C7000001F082F808B9FFE700E0FFE70398013085
:10C7100080B9FFE7029868B1FFE740F2EC60C2F22F
:10C7200000400068011D44F61070C2F2004001F0A4
:10C7300017F93DE00098039908440190019840F2F0
:10C74000EC61C2F200410968486001980099884292
:10C750000ED2FFE740F2FC60C2F20040006840F2F7
:10C76000EC61C2F200410968043101F0C1F81EE039
:10C7700040F2F460C2F20040006840F2EC61C2F2A4
:10C7800000410968043101F0B3F8019844F69C6156
:10C79000C2F200410968884207D2FFE7019844F6D7
:10C7A0009C61C2F20041086000E0FFE7FFE7FFE79D
:10C7B00004B080BD0000000080B582B0019001F09F
:10C7C000FBF844F27071C2F2004108680130086061
:10C7D00040F2EC60C2F20040006898B9FFE70198AF
:10C7E00040F2EC61C2F20041086044F27070C2F2A3
:10C7F00000400068012803D1FFE700F005FB00E0DE
:10C80000FFE71CE044F60470C2F200400068A0B9E3
:10C81000FFE740F2EC60C2F200400068C06A019994
:10C82000C96A884207D8FFE7019840F2EC61C2F27A
:10C830000041086000E0FFE700E0FFE7FFE744F2A7
:10C840007C70C2F20040016801310160006801990A
:10C8500048640198C06A44F28071C2F200410968DC
:10C86000884208D9FFE70198C06A44F28071C2F299
:10C8700000410860FFE70199C86A00EB800240F2BE
:10C880000470C2F2004000EB8200043101F068F84D
:10C8900001F0BEF844F60470C2F200400068C8B16E
:10C8A000FFE740F2EC60C2F200400068C06A019904
:10C8B000C96A88420CD2FFE74EF60451CEF200015D
:10C8C0004FF080500860BFF34F8FBFF36F8F00E0D1
:10C8D000FFE700E0FFE702B080BD000000000000BD
:10C8E00080B584B001F068F844F63C70C2F20040B4
:10C8F0000068002840D1FFE744F63C60C2F20040E7
:10C90000029000F0D5FF44F65060C2F20040039060
:10C9100000F0CEFF0299039840F2F062C2F20042AA
:10C92000116040F20071C2F20041086069460020C7
:10C93000086040F2F852C2F2004240F29863C2F23C
:10C9400000430A20102101F007FC014644F63C7028
:10C95000C2F200400160006860B1FFE744F63C703D
:10C96000C2F2004000684FF2BC21C0F6000101F0A5
:10C9700047F900E0FFE700E0FFE701F049F804B005
:10C9800080BD00000000000080B582B0FFE744F2E7
:10C990007470C2F20040006808B3FFE701F00CF8C1
:10C9A00044F62470C2F20040C068C068019001984B
:10C9B000043000F029FF44F27071C2F200410868AF
:10C9C0000138086044F27471C2F20041086801380D
:10C9D000086001F01DF8019800F092F8D7E702B066
:10C9E00080BD00000000000080B582B00190009181
:10C9F0000198006CB8B1FFE70199C8680A6C10444F
:10CA0000C86001988168C068884204D3FFE7019933
:10CA10000868C86000E0FFE70098019AD168126CCE
:10CA2000F3F752FDFFE702B080BD000000000000F8
:10CA300080B586B00590049103920020029005987D
:10CA4000806B01900598006C78B9FFE70598006845
:10CA500048B9FFE70598806802F042F9029005990D
:10CA60000020886000E0FFE741E00398B8B9FFE7E5
:10CA7000059A04995068126CF3F726FD05994868E9
:10CA80000A6C10444860059948688968884204D354
:10CA9000FFE705990868486000E0FFE726E0059A8F
:10CAA0000499D068126CF3F70FFD0599C8680A6CF9
:10CAB000801AC86005980168C068884206D2FFE7FE
:10CAC000059988680A6C801AC86000E0FFE703983F
:10CAD000022809D1FFE7019820B1FFE7019801384A
:10CAE000019000E0FFE700E0FFE7FFE7FFE70198C4
:10CAF000013005998863029806B080BD00000000EF
:10CB000080B582B00090009890F8590040B9FFE7D6
:10CB10000098006B00F0A4FF009800F0A1FF1CE05B
:10CB2000009890F85900012804D1FFE7009800F020
:10CB300097FF11E0009890F8590002280BD0FFE70A
:10CB40004FF0500080F31188BFF36F8FBFF34F8F0A
:10CB50000190FFE7FEE7FFE7FFE702B080BD0000BE
:10CB600082B0019040F2F060C2F2004000680068BC
:10CB7000B0FA80F04009019908600198006848B94E
:10CB8000FFE740F2F060C2F200400068C068006851
:10CB9000009002E000200090FFE7009802B070478C
:10CBA00084B04FF47050009040F66430C2F2004000
:10CBB00001909DF80400400788B1FFE70198073015
:10CBC0000190019820F007000190019A40F664312D
:10CBD000C2F200410098891A08440090FFE70198CA
:10CBE0000290029944F60870C2F2004001600021F0
:10CBF00041600298009A1044019001980838019011
:10CC0000019820F007000190019A40F2F860C2F20A
:10CC1000004002600268516002681160029903914D
:10CC20000199039A891A5160006803990860039872
:10CC3000406844F69861C2F2004108600398406879
:10CC400044F69061C2F20041086044F66461C2F2A9
:10CC500000414FF00040086004B070470000000041
:10CC600080B582B00190FFE7FFF78EFE40F20470BE
:10CC7000C2F20040006802280CD3FFE74EF60451D0
:10CC8000CEF200014FF080500860BFF34F8FBFF32A
:10CC90006F8F00E0FFE7E7E780B584B0DDF818C0EC
:10CCA0000390029101928DF80330029818B9FFE7C2
:10CCB0000698006003E0019806990860FFE7039872
:10CCC0000699C8630298069908640698012101F044
:10CCD000CBFA9DF80300069981F84C0004B080BDA2
:10CCE00080B588B0DDF834C0DDF830C0DDF82CC088
:10CCF000DDF828C006900591049203930C98006B10
:10CD000004998900A522F3F756FC0C98006B04994E
:10CD100000EB810004380290029820F00700029096
:10CD20009DF80800400758B1FFE74FF0500080F32E
:10CD30001188BFF36F8FBFF34F8F0790FFE7FEE7B8
:10CD40000598F8B1FFE700200190FFE701980F2850
:10CD500013D8FFE70598019A805C0C99114481F87B
:10CD6000340005980199405C08B9FFE705E0FFE74A
:10CD7000FFE7019801300190E8E70C99002081F865
:10CD8000430004E00C99002081F83400FFE70A9882
:10CD9000382803D3FFE737200A9000E0FFE70A981E
:10CDA0000C99C8620A980C99C8640C9900200090EC
:10CDB00008650C98043000F093FD0C98183000F0D2
:10CDC0008FFD00980C9909610A99C1F138010C9AFC
:10CDD00091610C9949620C9948650C9981F8580049
:10CDE00002980699039A00F0DFFC0C9908600B98F2
:10CDF00020B1FFE70C980B99086000E0FFE708B04E
:10CE000080BD00000000000080B584B000200390C9
:10CE1000FFE70398372810D8FFE7039800EB80015D
:10CE200040F20470C2F2004000EB810000F040FDCF
:10CE3000FFE7039801300390EBE744F66860C2F225
:10CE40000040019000F034FD44F67C60C2F20040E6
:10CE5000029000F02DFD44F6B060C2F2004000F0F8
:10CE600027FD44F62470C2F2004000F021FD44F694
:10CE70001070C2F2004000F01BFD0199029840F2D0
:10CE8000F462C2F20042116040F2FC61C2F2004161
:10CE9000086004B080BD000083B0029044F60870C2
:10CEA000C2F200400190FFE70198006802998842B1
:10CEB00005D2FFE7FFE7019800680190F4E70198C9
:10CEC000009000980199496808440299884209D164
:10CED000FFE7029842680199486810444860019849
:10CEE000029000E0FFE702980090009802994968DC
:10CEF000084401990968884220D1FFE70198006839
:10CF000040F2F861C2F20041096888420DD0FFE7A3
:10CF10000198006842680299486810444860019886
:10CF2000006800680299086007E040F2F860C2F209
:10CF30000040006802990860FFE704E0019800687B
:10CF400002990860FFE701980299884204D0FFE740
:10CF500002980199086000E0FFE703B07047000005
:10CF600080B586B005900491039202930020019051
:10CF700004980599486005980061049803998842CF
:10CF800016D8FFE703980299401A059989698842E3
:10CF900003D3FFE70120019009E040F20070C2F2E4
:10CFA000004000680599043100F0A2FCFFE717E09B
:10CFB00003980299884208D2FFE7049802998842B0
:10CFC00003D3FFE70120019009E040F2F060C2F2D4
:10CFD000004000680599043100F08AFCFFE7FFE794
:10CFE000019806B080BD000080B582B0019000F0CD
:10CFF000E3FC0198806B18B9FFE70120009002E084
:10D0000000200090FFE700F003FD009802B080BD13
:10D0100080B582B0019000F0CFFC0198806B01993F
:10D02000C96B884203D1FFE70120009002E0002095
:10D030000090FFE700F0ECFC009802B080BD00001B
:10D0400008480068006880F308884FF0000080F30B
:10D05000148862B661B6BFF34F8FBFF36F8F00DFE6
:10D0600000BF000008ED00E080B586B00490039199
:10D0700040F2F060C2F200400068C068C0680190F1
:10D080000198043000F0C0FB019890F82800400798
:10D09000002823D5FFE70198049B81691944039A6E
:10D0A000FFF75EFFC0B1FFE70198049A69460023CD
:10D0B0000B60194602F004F80290029858B9FFE795
:10D0C0004FF0500080F31188BFF36F8FBFF34F8F85
:10D0D0000590FFE7FEE700E0FFE707E0019991F820
:10D0E000280000F0FE0081F82800FFE70198016A9F
:10D0F000884706B080BD000080B58EB0FFE744F6DB
:10D100003C70C2F20040006807A9002201F0CCFA8E
:10D11000002800F0B880FFE70798B0F1FF3F17DC68
:10D12000FFE707A804300290029858B9FFE74FF0D4
:10D13000500080F31188BFF36F8FBFF34F8F0D90B6
:10D14000FFE7FEE702990A6848688968904700E0AF
:10D15000FFE70798002800F19580FFE709980690FF
:10D160000698406928B1FFE70698043000F04CFBB0
:10D1700000E0FFE705A800F0FFF803900798019092
:10D18000092800F27D800199DFE801F00505053DE1
:10D19000456605053D45069991F8280040F00100D7
:10D1A00081F828000698089B81691944039AFFF7C3
:10D1B000D7FE30B3FFE70698016A8847069890F8D3
:10D1C0002800400700281AD5FFE7069808998269C9
:10D1D0000A44694600230B60194601F071FF049070
:10D1E000049858B9FFE74FF0500080F31188BFF35F
:10D1F0006F8FBFF34F8F0C90FFE7FEE700E0FFE774
:10D2000000E0FFE73DE0069991F8280000F0FE00FD
:10D2100081F8280035E0069991F8280040F00100D7
:10D2200081F828000898069988610698806958B99D
:10D23000FFE74FF0500080F31188BFF36F8FBFF30B
:10D240004F8F0B90FFE7FEE70698039B8169194417
:10D250001A46FFF785FE14E0069890F8280080072C
:10D26000002804D4FFE7069800F0FAFB07E00699CF
:10D2700091F8280000F0FE0081F82800FFE700E0A8
:10D28000FFE7FFE73BE70EB080BD000000000000B5
:10D2900080B584B00390029100F026FE684600F04D
:10D2A0006BF801900098D8BBFFE7029860B9FFE7E0
:10D2B00003980199884207D8FFE701F0F1FD039830
:10D2C0000199FFF7D1FE2AE0029858B1FFE740F23A
:10D2D0000070C2F2004000680068B0FA80F04009B7
:10D2E0000290FFE744F63C70C2F2004000680399E8
:10D2F000019A891A029A00F0AFFC01F0D1FD60B9E1
:10D30000FFE74EF60451CEF200014FF08050086066
:10D31000BFF34F8FBFF36F8F00E0FFE7FFE702E03F
:10D3200001F0BEFDFFE704B080BD0000000000007A
:10D3300081B040F2F460C2F200400068006840B979
:10D34000FFE744F69C61C2F200414FF0FF300860F5
:10D350000FE040F2F460C2F200400068C068C068AC
:10D3600000900098406844F69C61C2F20041086059
:10D37000FFE701B07047000080B582B0019001F076
:10D38000BFFB0090009840F2E861C2F200410968DA
:10D39000884206D2FFE700F013F8019901200860E7
:10D3A00003E0019900200860FFE7009840F2E8617F
:10D3B000C2F200410860009802B080BD0000000089
:10D3C00080B588B0FFE740F2F060C2F2004000682C
:10D3D000006800284ED0FFE740F2F060C2F2004043
:10D3E0000168C968096806910068C068C068039050
:10D3F0000398043000F008FA0398016A88470398FC
:10D4000090F828004007002832D5FFE706980399D6
:10D410008969084405900598069988420FD9FFE765
:10D420000598039948600398006140F2F060C2F2E9
:10D43000004000680399043100F05AFA17E003989D
:10D44000069A694600230B60194601F039FE0290E6
:10D45000029858B9FFE74FF0500080F31188BFF3EE
:10D460006F8FBFF34F8F0790FFE7FEE7FFE700E006
:10D47000FFE7A8E740F2F062C2F2004210680490B1
:10D4800040F20071C2F20041086810600498086020
:10D4900008B080BD0000000083B00020009040F282
:10D4A0001C00C2F200400068013058B1FFE74FF0A5
:10D4B000500080F31188BFF36F8FBFF34F8F02903E
:10D4C000FFE7FEE74FF0500080F31188BFF36F8F46
:10D4D000BFF34F8F0190FFE7009808B9FFE7FBE724
:10D4E00003B070470000000080B584B00390FFE7F0
:10D4F00001A8FFF735FB029002980199FFF7C8FEDB
:10D50000FFF7FAFDF4E7000080B582B0019000F06B
:10D5100053FA019890F845008DF80300FFE79DF954
:10D520000300012816DBFFE70198406A58B1FFE7C6
:10D530000198243001F04CFC18B1FFE700F00CFC1E
:10D5400000E0FFE700E005E09DF8030001388DF8FA
:10D550000300E4E70199FF2081F8450000F058FA44
:10D5600000F02AFA019890F844008DF80200FFE7D5
:10D570009DF90200012816DBFFE70198006980B1E0
:10D58000FFE70198103001F023FC18B1FFE700F02D
:10D59000E3FB00E0FFE79DF8020001388DF8020090
:10D5A00000E000E0E4E70199FF2081F8440000F08A
:10D5B0002FFA02B080BD000080B58AB0069000202E
:10D5C000029000F091FC40F2F860C2F20040006866
:10D5D00018B9FFE7FFF7E4FA00E0FFE7069844F622
:10D5E0006461C2F200410968084240F0C580FFE76B
:10D5F000069800B3FFE70698083006909DF81800DB
:10D600004007B0B1FFE7069820F007000830069009
:10D610009DF81800400758B1FFE74FF0500080F325
:10D620001188BFF36F8FBFF34F8F0990FFE7FEE7BD
:10D6300000E0FFE700E0FFE70698002800F09A808E
:10D64000FFE7069844F69061C2F2004109688842FB
:10D6500000F29080FFE744F60870C2F200400490A8
:10D6600000680590FFE705984168069A00209142FE
:10D67000019007D2FFE705980068002818BF012035
:10D680000190FFE70198C00730B1FFE705980490CB
:10D69000059800680590E6E7059840F2F861C2F247
:10D6A00000410968884263D0FFE7049800680830A9
:10D6B00002900598006804990860059840680699EA
:10D6C000401A112821D3FFE70598069908440390D2
:10D6D0009DF80C00400758B1FFE74FF0500080F371
:10D6E0001188BFF36F8FBFF34F8F0890FFE7FEE7FE
:10D6F000059840680699401A03994860069805996C
:10D7000048600398FFF7C8FB00E0FFE70598426810
:10D7100044F69060C2F200400168891A0160006816
:10D7200044F69861C2F20041096888420BD2FFE7D3
:10D7300044F69060C2F20040006844F69861C2F27C
:10D740000041086000E0FFE744F66460C2F2004078
:10D7500002680599486810434860059900200860F0
:10D7600044F6A461C2F2004108680130086000E09C
:10D77000FFE700E0FFE700E0FFE701F091FB9DF825
:10D780000800400758B1FFE74FF0500080F31188C0
:10D79000BFF36F8FBFF34F8F0790FFE7FEE702984D
:10D7A0000AB080BD0000000083B002900191009299
:10D7B00002980438029002994FF080700860029835
:10D7C00004380290019820F0010002990860029844
:10D7D0000438029002994DF29940C0F600000860AA
:10D7E0000298143802900098029908600298043850
:10D7F000029002996FF002000860029820380290AF
:10D80000029803B07047000082B00190019800694F
:10D81000009001984168806888600199486889682B
:10D820004860009840680199884205D1FFE7019857
:10D8300080680099486000E0FFE7019900200861D6
:10D8400000990868013808600098006802B07047C5
:10D8500083B0029001910092029944F68410C2F2C2
:10D8600000400860019944F28470C2F200400860F0
:10D8700000998020086003B070470000000000009D
:10D8800083B0029001910092029944F6E050C2F2F6
:10D8900000400860019944F6E010C2F200400860C0
:10D8A00000994FF48070086003B0704700000000DA
:10D8B00081B00090009901F10800486000994FF094
:10D8C000FF308860009901F10800C860009901F1FB
:10D8D0000800086100990020086001B0704700004E
:10D8E00081B0009000990020086101B070470000ED
:10D8F00084B0039002910298006800900098013073
:10D9000020B9FFE703980069019010E00398083000
:10D910000190FFE70198406800680099884205D8A7
:10D92000FFE7FFE7019840680190F3E7FFE7019800
:10D93000406802994860029841688860019802999D
:10D9400088600298019948600398029908610399D8
:10D9500008680130086004B0704700000000000053
:10D9600083B002900191029840680090009801995C
:10D9700048600098806801998860019800998968DA
:10D98000486001980099886002980199086102999D
:10D9900008680130086003B0704700000000000014
:10D9A000DFF80C00016841F470010160704700006D
:10D9B00088ED00E00000000082B04FF0500080F3DE
:10D9C0001188BFF36F8FBFF34F8F019040F21C009F
:10D9D000C2F200400168013101600068012814D1E1
:10D9E000FFE74EF60450CEF200000068000658B182
:10D9F000FFE74FF0500080F31188BFF36F8FBFF344
:10DA00004F8F0090FFE7FEE7FFE702B0704700008E
:10DA100082B040F21C00C2F20040006858B9FFE733
:10DA20004FF0500080F31188BFF36F8FBFF34F8F1B
:10DA30000090FFE7FEE740F21C00C2F200400168E0
:10DA400001390160006830B9FFE7002001900198BA
:10DA500080F31188FFE702B070470000000000006B
:10DA600080B586B0039003980290039800285CD09C
:10DA7000FFE70298083802900298019001984068E8
:10DA800044F66461C2F20041096808420BD1FFE725
:10DA90004FF0500080F31188BFF36F8FBFF34F8FAB
:10DAA0000590FFE7FEE70198006858B1FFE74FF0E7
:10DAB000500080F31188BFF36F8FBFF34F8F049036
:10DAC000FFE7FEE70198406844F66461C2F2004156
:10DAD0000968084227D0FFE70198006808BBFFE704
:10DAE00044F66460C2F200400268019948689043BD
:10DAF000486000F0F9F90198426844F69061C2F27A
:10DB000000410868104408600198FFF7C5F944F621
:10DB1000A861C2F2004108680130086001F0C0F954
:10DB200000E0FFE700E0FFE7FFE706B080BD000090
:10DB30004EF21001CEF20001002008604EF21802F1
:10DB4000CEF20002106040F20C00C2F20040006809
:10DB500044F6D352C1F26202A0FB02024FF0FF3042
:10DB600000EB92104EF21402CEF200021060072079
:10DB7000086070470000000084B0EFF3058001905A
:10DB8000019810281ED3FFE701984EF2F031CEF233
:10DB90000001405C8DF803009DF8030044F26471BD
:10DBA000C2F20041097888420BDAFFE74FF05000DB
:10DBB00080F31188BFF36F8FBFF34F8F0390FFE7A0
:10DBC000FEE7FFE74EF60C50CEF20000006800F4CE
:10DBD000E06044F26871C2F20041096888420BD9E2
:10DBE000FFE74FF0500080F31188BFF36F8FBFF352
:10DBF0004F8F0290FFE7FEE704B07047000000007F
:10DC000083B00290019100200090FFE70098072860
:10DC10001DD8FFE7009944F6C460C2F2004050F8F6
:10DC2000310070B9FFE70198009A44F6C461C2F26E
:10DC3000004141F832000298009A01EBC2014860AD
:10DC400005E0FFE7FFE7009801300090DEE703B052
:10DC5000704700000000000080B584B0039002917E
:10DC6000019203980090FFF7A7FE009890F94400F6
:10DC7000013028B9FFE70099002081F84400FFE750
:10DC8000009890F94500013028B9FFE7009900207D
:10DC900081F84500FFE7FFF7BBFE0098806B38B9BD
:10DCA000FFE7009824300299019A00F081F800E023
:10DCB000FFE70098FFF728FC04B080BD00000000DB
:10DCC00080B584B00290002001900298E0B1FFE797
:10DCD00044F27870C2F20040006858B1FFE74FF09C
:10DCE000500080F31188BFF36F8FBFF34F8F039005
:10DCF000FFE7FEE700F0F8F802980021FEF7F0FCDD
:10DD000001F0CEF8019000E0FFE7019860B9FFE76D
:10DD10004EF60451CEF200014FF080500860BFF380
:10DD20004F8FBFF36F8F00E0FFE704B080BD0000AE
:10DD300081B0009044F6A060C2F2004000680099F3
:10DD4000086044F63870C2F20040006800994860EC
:10DD500001B070470000000044F64471C2F2004177
:10DD6000012008607047000080B584B002900191E6
:10DD7000029858B9FFE74FF0500080F31188BFF3C5
:10DD80006F8FBFF34F8F0390FFE7FEE7029840F2DB
:10DD9000EC61C2F2004109681831FFF7A9FD019852
:10DDA0000121FEF79DFC04B080BD000000000000D2
:10DDB00080B584B0029001910092029858B9FFE7B3
:10DDC0004FF0500080F31188BFF36F8FBFF34F8F78
:10DDD0000390FFE7FEE7029840F2EC61C2F20041D7
:10DDE00009681831FFF7BCFD009820B1FFE74FF03C
:10DDF000FF300190FFE701980099FEF771FC04B035
:10DE000080BD00000000000080B58AB000200390B3
:10DE10000690059006A805A904AAFFF719FD039B23
:10DE2000049A0599DDF818C06846C0F808C041603A
:10DE300003604CF66140C0F600004FF2B721C0F617
:10DE4000000100F0D9FD014644F69460C2F20040A2
:10DE50000160006818B1FFE70120079002E0002090
:10DE60000790FFE70798012804D1FFE701F0DCF8ED
:10DE7000079000E0FFE70798012823D1FFE74FF064
:10DE8000500080F31188BFF36F8FBFF34F8F09905D
:10DE900044F69C61C2F200414FF0FF30086044F646
:10DEA0000471C2F200410120086044F63871C2F2E8
:10DEB00000410020086000F083F808B1FFE700E0AF
:10DEC000FFE70FE00798013058B9FFE74FF0500027
:10DED00080F31188BFF36F8FBFF34F8F0890FFE778
:10DEE000FEE7FFE70AB080BD44F27871C2F200415C
:10DEF000086801300860704783B044F27870C2F25D
:10DF00000040006838B1FFE744F64471C2F20041B6
:10DF10000120086051E044F64471C2F20041002043
:10DF2000086044F28070C2F2004000680190FFE790
:10DF3000019800EB800140F20470C2F2004050F8FA
:10DF4000210090B9FFE7019858B9FFE74FF0500062
:10DF500080F31188BFF36F8FBFF34F8F0290FFE7FD
:10DF6000FEE7019801380190E2E7019800EB80019B
:10DF700040F20470C2F2004000EB81000090009972
:10DF8000486840684860009948680831884205D16F
:10DF9000FFE70099486840684860FFE700984068DC
:10DFA000C06840F2EC61C2F200410860019844F29E
:10DFB0008071C2F200410860FFE703B070470000C3
:10DFC00080B588B04EF60050CEF2000000684CF2EA
:10DFD0007121C4F20F1188420BD1FFE74FF05000BE
:10DFE00080F31188BFF36F8FBFF34F8F0790FFE768
:10DFF000FEE74EF60050CEF2000000684CF27021B1
:10E00000C4F20F1188420BD1FFE74FF0500080F3AC
:10E010001188BFF36F8FBFF34F8F0690FFE7FEE7C6
:10E020004EF20040CEF20000039001780491FF21EF
:10E03000017000788DF80B009DF80B0000F0500087
:10E0400044F26471C2F20041087044F26871C2F295
:10E05000004107200860FFE79DF80B00000600283C
:10E060000DD5FFE744F26871C2F20041086801383B
:10E0700008609DF80B0040008DF80B00ECE744F2BF
:10E080006870C2F20040006803280BD0FFE74FF031
:10E09000500080F31188BFF36F8FBFF34F8F05904F
:10E0A000FFE7FEE744F26871C2F20041086800022F
:10E0B0000860086800F4E060086004984EF20041CF
:10E0C000CEF2000108704EF62051CEF20001086831
:10E0D00040F470000860086840F070400860FFF786
:10E0E00027FD40F21C01C2F20041002001900860AF
:10E0F000FFF756FC4EF63471CEF20001086840F08E
:10E1000040400860FEF79CFFFFF7F6FEFFF7C4F9FA
:10E11000019808B080BD000080B582B04FF050007B
:10E1200080F31188BFF36F8FBFF34F8F009000F023
:10E13000F3FC40B1FFE74EF60451CEF200014FF080
:10E1400080500860FFE700200190019880F311885B
:10E1500002B080BD0000000080B590B084461298E7
:10E16000CDF828C00991089207938DF81B000A98F2
:10E1700058B9FFE74FF0500080F31188BFF36F8F5D
:10E18000BFF34F8F0F90FFE7FEE7079858B9FFE7FF
:10E190004FF0500080F31188BFF36F8FBFF34F8FA4
:10E1A0000E90FFE7FEE708990020039031B1FFE7EA
:10E1B0000998B0FA80F040090390FFE70398C00780
:10E1C00058B1FFE74FF0500080F31188BFF36F8F15
:10E1D000BFF34F8F0D90FFE7FEE7089900200290F4
:10E1E00031B9FFE70998002818BF01200290FFE726
:10E1F0000298C00758B1FFE74FF0500080F3118834
:10E20000BFF36F8FBFF34F8F0C90FFE7FEE75020F7
:10E210000490049850280BD0FFE74FF0500080F393
:10E220001188BFF36F8FBFF34F8F0B90FFE7FEE7AF
:10E23000049807980590059888B1FFE70599012093
:10E2400081F846000A980999089A9DF81B30DDF874
:10E2500014C0EE46CEF800C0FEF71EFD00E0FFE75A
:10E26000059810B080BD000080B584B00290019187
:10E2700002980090009858B9FFE74FF0500080F3E3
:10E280001188BFF36F8FBFF34F8F0390FFE7FEE757
:10E29000FFF792FB00990B68C86B0A6C00FB023019
:10E2A0008860009900208863009908684860009998
:10E2B0000B68C86B0A6C013800FB0230C86000991B
:10E2C000FF2081F84400009981F845000198D0B9F9
:10E2D000FFE700980069A0B1FFE70098103000F058
:10E2E00077FD60B1FFE74EF60451CEF200014FF02A
:10E2F00080500860BFF34F8FBFF36F8F00E0FFE7E0
:10E3000000E0FFE708E000981030FFF7D1FA00982E
:10E310002430FFF7CDFAFFE7FFF77AFB012004B0C6
:10E3200080BD00000000000080B592B00C900B9101
:10E330000A920993002008900C980490049858B908
:10E34000FFE74FF0500080F31188BFF36F8FBFF3EA
:10E350004F8F1190FFE7FEE70B990020039039B92A
:10E36000FFE70498006C002818BF01200390FFE726
:10E370000398C00758B1FFE74FF0500080F31188B1
:10E38000BFF36F8FBFF34F8F1090FFE7FEE7099940
:10E3900000200229029007D1FFE70498C06B0138E2
:10E3A00018BF01200290FFE70298C00758B1FFE7AD
:10E3B0004FF0500080F31188BFF36F8FBFF34F8F82
:10E3C0000F90FFE7FEE700F07FFB01460020019081
:10E3D00031B9FFE70A98002818BF01200190FFE734
:10E3E0000198C00758B1FFE74FF0500080F3118843
:10E3F000BFF36F8FBFF34F8F0E90FFE7FEE7FFE78E
:10E40000FFF7DAFA0498806B0499C96B884204D349
:10E41000FFE70998022834D1FFE704980B99099A7D
:10E42000FEF706FB07900498406AA0B1FFE7049846
:10E43000243000F0CDFC60B1FFE74EF60451CEF27F
:10E4400000014FF080500860BFF34F8FBFF36F8F14
:10E4500000E0FFE710E0079860B1FFE74EF60451D7
:10E46000CEF200014FF080500860BFF34F8FBFF332
:10E470006F8F00E0FFE7FFE7FFF7CAFA01200D907A
:10E4800065E00A9828B9FFE7FFF7C2FA00200D906F
:10E490005DE0089830B9FFE705A8FFF749FC0120C7
:10E4A000089000E0FFE7FFE7FFE7FFF7B1FAFFF7AB
:10E4B0001BFDFFF781FA049890F94400013028B958
:10E4C000FFE70499002081F84400FFE7049890F9E1
:10E4D0004500013028B9FFE70499002081F8450084
:10E4E000FFE7FFF795FA05A80AA900F0CDF928BBC8
:10E4F000FFE70498FEF78CFDC8B1FFE704981030E1
:10E500000A99FFF731FC0498FEF7FEFF00F0C8FC03
:10E5100060B9FFE74EF60451CEF200014FF0805093
:10E520000860BFF34F8FBFF36F8FFFE705E00498DC
:10E53000FEF7EAFF00F0B4FCFFE707E00498FEF7FF
:10E54000E3FF00F0ADFC00200D9000E058E70D98CF
:10E5500012B080BD0000000080B592B00B900A910F
:10E56000099208930B980590059858B9FFE74FF06A
:10E57000500080F31188BFF36F8FBFF34F8F0E9061
:10E58000FFE7FEE70A990020029039B9FFE70598F6
:10E59000006C002818BF01200290FFE70298C00716
:10E5A00058B1FFE74FF0500080F31188BFF36F8F31
:10E5B000BFF34F8F0D90FFE7FEE708990020022977
:10E5C000019007D1FFE70598C06B013818BF012003
:10E5D0000190FFE70198C00758B1FFE74FF05000E6
:10E5E00080F31188BFF36F8FBFF34F8F0C90FFE75D
:10E5F000FEE7FFF7C1FAEFF311814FF0500080F30F
:10E600001188BFF36F8FBFF34F8F10910F90109849
:10E6100006900598806B0599C96B884204D3FFE783
:10E620000898022833D1FFE7059890F845008DF847
:10E6300013000598806B039005980A99089AFEF7D5
:10E64000F7F99DF913000130B8B9FFE70598406A62
:10E6500088B1FFE70598243000F0BAFB48B1FFE726
:10E66000099820B1FFE709990120086000E0FFE761
:10E6700000E0FFE700E0FFE706E09DF8130001304F
:10E68000059981F84500FFE70120079002E000208E
:10E690000790FFE706981190119880F3118807986A
:10E6A00012B080BD0000000080B58EB009900891C6
:10E6B00007920020069009980390039858B9FFE745
:10E6C0004FF0500080F31188BFF36F8FBFF34F8F6F
:10E6D0000D90FFE7FEE708990020019039B9FFE7A8
:10E6E0000398006C002818BF01200190FFE70198F3
:10E6F000C00758B1FFE74FF0500080F31188BFF317
:10E700006F8FBFF34F8F0C90FFE7FEE700F0DCF94F
:10E7100001460020009031B9FFE70798002818BF94
:10E7200001200090FFE70098C00758B1FFE74FF0C5
:10E73000500080F31188BFF36F8FBFF34F8F0B90A2
:10E74000FFE7FEE7FFE7FFF737F90398806B0290DA
:10E75000029830B3FFE703980899FEF745F902984D
:10E7600001380399886303980069A0B1FFE7039813
:10E77000103000F02DFB60B1FFE74EF60451CEF2F1
:10E7800000014FF080500860BFF34F8FBFF36F8FD1
:10E7900000E0FFE700E0FFE7FFF73AF901200A9009
:10E7A0006DE0079828B9FFE7FFF732F900200A90DB
:10E7B00065E0069830B9FFE704A8FFF7B9FA012031
:10E7C000069000E0FFE7FFE7FFE7FFF721F9FFF71B
:10E7D0008BFBFFF7F1F8039890F94400013028B95A
:10E7E000FFE70399002081F84400FFE7039890F9C0
:10E7F0004500013028B9FFE70399002081F8450062
:10E80000FFE7FFF705F904A807A900F03DF830BBC2
:10E81000FFE70398FEF7E8FBD0B1FFE70398243049
:10E820000799FFF7A1FA0398FEF76EFE00F038FB98
:10E8300060B9FFE74EF60451CEF200014FF0805070
:10E840000860BFF34F8FBFF36F8F00E0FFE705E075
:10E850000398FEF759FE00F023FBFFE70EE0039854
:10E86000FEF752FE00F01CFB0398FEF7BDFB18B14B
:10E87000FFE700200A9002E0FFE7FFE763E70A985E
:10E880000EB080BD0000000080B588B005900491F6
:10E89000059858B9FFE74FF0500080F31188BFF397
:10E8A0006F8FBFF34F8F0790FFE7FEE7049858B9CB
:10E8B000FFE74FF0500080F31188BFF36F8FBFF375
:10E8C0004F8F0690FFE7FEE7FFF776F844F63870C3
:10E8D000C2F2004000680290029805994968401A07
:10E8E000019004980068013018B9FFE700200390F8
:10E8F0002BE044F6A060C2F2004000680599096868
:10E90000884209D0FFE7029805994968884203D3F5
:10E91000FFE70120039017E00198049909688842F5
:10E920000BD2FFE7019A04990868801A08600598DD
:10E93000FFF7FEF90020039005E00499002008602D
:10E9400001200390FFE7FFE7FFE7FFF761F8039877
:10E9500008B080BD0000000070B58CB0DDF844C088
:10E96000DDF840C00B900A91ADF826200893BDF861
:10E9700026008000FEF720FE0590059880B1FFE795
:10E980005C20FEF719FE0790079820B1FFE7059875
:10E990000799086303E00598FFF762F8FFE702E0D4
:10E9A00000200790FFE70798F0B1FFE707980026DF
:10E9B00080F859600B980A99BDF82620089BDDF86D
:10E9C00040C0119C079DEE46CEF80C60CEF8085072
:10E9D000CEF80440CEF800C0FEF782F90798FDF7A4
:10E9E000EBFE0120069003E04FF0FF300690FFE7BA
:10E9F00006980CB070BD0000B0B58EB0DDF850C008
:10EA0000DDF84CC0DDF848C00A90099108920793E0
:10EA1000139858B9FFE74FF0500080F31188BFF307
:10EA20006F8FBFF34F8F0D90FFE7FEE7149858B933
:10EA3000FFE74FF0500080F31188BFF36F8FBFF3F3
:10EA40004F8F0C90FFE7FEE75C20049004985C2851
:10EA50000BD0FFE74FF0500080F31188BFF36F8FAA
:10EA6000BFF34F8F0B90FFE7FEE70498149820B395
:10EA7000FFE7139808B3FFE71498069013980699D8
:10EA800008630699022081F859000A980999089AA2
:10EA9000079BDDF848C0069CEE460025CEF80C50DA
:10EAA000CEF8084005ACCEF80440CEF800C0FEF722
:10EAB00017F90698FDF780FE02E000200590FFE7B9
:10EAC00005980EB0B0BD000081B044F60470C2F2EB
:10EAD0000040006818B9FFE7012000900DE044F203
:10EAE0007870C2F20040006818B9FFE70220009079
:10EAF00002E000200090FFE7FFE7009801B07047B8
:10EB000081B044F63870C2F200400068009000986E
:10EB100001B070470000000080B586B00020029070
:10EB200044F27870C2F200400068002840F0CB80C8
:10EB3000FFE744F63871C2F20041086801300190E5
:10EB400001980860019858BBFFE740F2F460C2F2F8
:10EB500000400068006858B1FFE74FF0500080F3B4
:10EB60001188BFF36F8FBFF34F8F0590FFE7FEE76C
:10EB700040F2F462C2F200421068009040F2FC6180
:10EB8000C2F20041086810600098086044F6A06175
:10EB9000C2F20041086801300860FEF7C9FB00E0DE
:10EBA000FFE7019844F69C61C2F20041096888427F
:10EBB00068D3FFE7FFE740F2F460C2F2004000686C
:10EBC000006840B9FFE744F69C61C2F200414FF093
:10EBD000FF30086055E040F2F460C2F20040006887
:10EBE000C068C06804900498406803900198039935
:10EBF000884207D2FFE7039844F69C61C2F20041C5
:10EC000008603EE0FFE704980430FEF7FDFD04983D
:10EC1000806A28B1FFE704981830FEF7F5FD00E0A0
:10EC2000FFE70498C06A44F28071C2F200410968AB
:10EC3000884208D9FFE70498C06A44F28071C2F2A2
:10EC400000410860FFE70499C86A00EB800240F2C7
:10EC50000470C2F2004000EB82000431FEF780FE37
:10EC60000498C06A40F2EC61C2F200410968C96AC6
:10EC7000884203D3FFE70120029000E0FFE7FFE7AF
:10EC800099E7FFE740F2EC60C2F200400068C06A1A
:10EC900000EB800140F20470C2F2004050F8210005
:10ECA000022803D3FFE70120029000E0FFE744F6CB
:10ECB0004470C2F20040006818B1FFE701200290E2
:10ECC00000E0FFE707E044F6AC61C2F200410868EB
:10ECD00001300860FFE7029806B080BD0000000028
:10ECE00080B586B0039003980290002001900398AD
:10ECF000002867D0FFE7029840F2EC61C2F20041C1
:10ED0000096888420BD0FFE74FF0500080F311886C
:10ED1000BFF36F8FBFF34F8F0590FFE7FEE70298B9
:10ED2000006D58B9FFE74FF0500080F31188BFF332
:10ED30006F8FBFF34F8F0490FFE7FEE70299086DD6
:10ED4000013808650299C86AC96C884238D0FFE763
:10ED50000298006D90BBFFE702980430FEF754FD67
:10ED600008B9FFE700E0FFE70299C86CC8620299A2
:10ED7000C86AC0F1380088610298C06A44F28071A4
:10ED8000C2F200410968884208D9FFE70298C06AC8
:10ED900044F28071C2F200410860FFE70299C86A3C
:10EDA00000EB800240F20470C2F2004000EB8200EF
:10EDB0000431FEF7D5FD0120019000E0FFE700E0FF
:10EDC000FFE700E0FFE7019806B080BD000000000B
:10EDD00080B584B002900298C068C0680190019824
:10EDE00058B9FFE74FF0500080F31188BFF36F8FE1
:10EDF000BFF34F8F0390FFE7FEE701981830FEF74F
:10EE000003FD44F27870C2F20040006820BBFFE7C7
:10EE100001980430FEF7F8FC0198C06A44F2807152
:10EE2000C2F200410968884208D9FFE70198C06A28
:10EE300044F28071C2F200410860FFE70199C86A9C
:10EE400000EB800240F20470C2F2004000EB82004E
:10EE50000431FEF785FD09E0019800F1180144F640
:10EE6000B060C2F20040FEF77BFDFFE70198C06A88
:10EE700040F2EC61C2F200410968C96A884208D9CF
:10EE8000FFE70120009044F64471C2F2004108609F
:10EE900002E000200090FFE7009804B080BD000071
:10EEA00080B584B000200290019044F27870C2F2E4
:10EEB0000040006858B9FFE74FF0500080F3118818
:10EEC000BFF36F8FBFF34F8F0390FFE7FEE7FEF7AF
:10EED00073FD44F27870C2F20040016801390160AC
:10EEE0000068002840F09980FFE744F27070C2F299
:10EEF00000400068002800F08F80FFE7FFE744F63D
:10EF0000B060C2F200400068002842D0FFE744F63B
:10EF1000B060C2F20040C068C06802900298183029
:10EF2000FEF772FC02980430FEF76EFC0298C06A8D
:10EF300044F28071C2F200410968884208D9FFE7B3
:10EF40000298C06A44F28071C2F200410860FFE793
:10EF50000299C86A00EB800240F20470C2F20040DD
:10EF600000EB82000431FEF7FBFC0298C06A40F21D
:10EF7000EC61C2F200410968C96A884207D3FFE721
:10EF800044F64471C2F200410120086000E0FFE74E
:10EF9000B5E7029818B1FFE7FEF7CAF9FFE744F6B4
:10EFA000AC60C2F20040006800900098E0B1FFE75A
:10EFB000FFE7FFF7B1FD38B1FFE744F64471C2F255
:10EFC00000410120086000E0FFE700980138009050
:10EFD000FFE700980028ECD1FFE744F6AC61C2F2ED
:10EFE00000410020086000E0FFE744F64470C2F2F0
:10EFF0000040006870B1FFE7012001904EF6045117
:10F00000CEF200014FF080500860BFF34F8FBFF386
:10F010006F8F00E0FFE7FFE700E0FFE7FEF7F8FC97
:10F02000019804B080BD000080B58AB0002008902F
:10F03000FDF756FC44F63C70C2F20040006858B33D
:10F04000FFE7002004900790069007A806A905AAEC
:10F05000FEF716FC049B059A0698DDF81CC069466D
:10F06000C1F808C04860022008604DF2E940C0F6CF
:10F0700000004FF2C121C0F60001FFF7BDFC0146C0
:10F0800044F64070C2F200400160006818B1FFE72A
:10F0900001200890FFE700E0FFE7089858B9FFE774
:10F0A0004FF0500080F31188BFF36F8FBFF34F8F85
:10F0B0000990FFE7FEE708980AB080BD0000000055
:10F0C00080B58AB0DDF830C00890079106920593AC
:10F0D00000200490089858B9FFE74FF0500080F3E3
:10F0E0001188BFF36F8FBFF34F8F0990FFE7FEE7E3
:10F0F00044F63C70C2F200400068A8B3FFE70798EE
:10F1000000900698019008980290079805281EDC48
:10F11000FFE7FFF7D9FC02280CD1FFE744F63C706B
:10F12000C2F2004000680C9A69460023FFF7FCF821
:10F1300004900BE044F63C70C2F20040006869465F
:10F1400000231A46FFF7F0F80490FFE70BE044F6BF
:10F150003C70C2F200400068059A69460023FFF740
:10F16000FBF90490FFE700E0FFE704980AB080BDD8
:10F17000F1EE100A4FF6FF71C0F2C03120EA010033
:10F1800040F04070E1EE100A7047000000000000FF
:10F19000000000000000000000000000000000006F
:10F1A0000100000002000000030000000400000055
:10F1B000000000000500000000000000000000004A
:10F1C0000000000006000000000000000000000039
:10F1D00000000000070000009DF200080000000091
:10F1E000000000000000000000000000000200001D
:10F1F00030000000000000000000000000000000DF
:10F2000001020304010203040607080900010203C6
:10F2100004050607080C10141820304000061016CC
:10F220000006101694F20008000000000000000024
:10F23000000000000000000000020000300000009C
:10F2400000000000000000000804020408010101A1
:10F250000101010307010000010002000400060093
:10F2600008000A000C00100020004000800000018F
:10F27000ABF20008000000000000000000000000E9
:10F280000000000000020000180000000000000064
:10F2900000000000534255535461736B00426F618C
:10F2A0007264636F6D6D5461736B00646566617544
:10F2B0006C745461736B0049444C4500546D725139
:10F2C00000546D72205376630000000000F30008C4
:10F2D000000000242000000030030008FCF20008B9
:10F2E00000000020000002005003000820F3000886
:10F2F00020000024285300005003000800000000F4
:10F30000B1C2000811C4000869C300080090D0030E
:10F310000090D0030100000010000000AAAAAAAAD1
:04000005080002CD20
:00000001FF
