:020000040800F2
:100000000074002439040008558300086B77000849
:1000100049820008890A0008EDC1000800000000BC
:10002000000000000000000000000000790300084C
:100030002116000800000000D503000849920008BE
:100040005304000853040008530400085304000834
:100050005304000853040008530400085304000824
:10006000530400085304000853040008990E0008C4
:10007000A50E0008530400085304000853040008A8
:1000800053040008530400085304000881160008B4
:10009000991600088D160008A516000853040008DC
:1000A00053040008530400085304000853040008D4
:1000B00053040008530400085304000853040008C4
:1000C00053040008530400085304000853040008B4
:1000D00053040008B5A10008C1A10008CDA1000883
:1000E00053040008530400080000000053040008F3
:1000F0005304000853040008530400085304000884
:100100005304000853040008530400085304000873
:100110005304000853040008530400085304000863
:1001200053040008B10E00085304000853040008EB
:100130005304000853040008530400085304000843
:1001400000000000000000000000000000000000AF
:10015000BD0E0008C90E0008D50E0008D9A1000880
:100160005304000853040008530400085304000813
:100170005304000853040008530400080000000062
:1001800053040008530400085304000853040008F3
:1001900053040008530400085304000853040008E3
:1001A00053040008530400085304000853040008D3
:1001B00053040008530400085304000853040008C3
:1001C00053040008530400085304000853040008B3
:1001D000530400085983000853040008530400081E
:1001E0005304000853040008530400085304000893
:1001F0005304000853040008530400085304000883
:100200005304000853040008530400085304000872
:100210005304000853040008530400085304000862
:1002200053040008530400085304000800000000B1
:1002300053040008530400080000000053040008A1
:100240005304000853040008530400085304000832
:100250005304000853040008530400085304000822
:100260005304000853040008530400085304000812
:100270005304000853040008530400080000000061
:100280005304000853040008530400080000000051
:10029000000000005304000800F002F800F05CF8D1
:1002A0000AA090E8000C82448344AAF10107DA45D1
:1002B00001D100F051F8AFF2090EBAE80F0013F0C7
:1002C000010F18BFFB1A43F00103184734DA00008E
:1002D00054DA00000A444FF0000C10F8013B13F010
:1002E000070408BF10F8014B1D1108BF10F8015B8F
:1002F000641E05D010F8016B641E01F8016BF9D182
:1003000013F0080F1EBF10F8014BAD1C0C1B09D1D8
:100310006D1E58BF01F801CBFAD505E014F8016B4A
:1003200001F8016B6D1EF9D59142D6D370470000DC
:100330000023002400250026103A28BF78C1FBD8EE
:10034000520728BF30C148BF0B6070471FB50DF082
:100350008FFA1FBD10B510BD00F0A6F91146FFF7CA
:10036000F5FF0CF02BF800F0C4F903B4FFF7F2FF2F
:1003700003BC00F0CBF900002C4B19680868B0E80A
:10038000F04F80F30988BFF36F8F4FF0000080F3C8
:10039000118870470000000008480068006880F37A
:1003A00008884FF0000080F3148862B661B6BFF38E
:1003B0004F8FBFF36F8F00DF00BF00BF08ED00E07D
:1003C000DFF80C00016841F470010160704700BF64
:1003D00088ED00E0EFF30980BFF36F8F134B1A68CD
:1003E0001EF0100F08BF20ED108A20E9F04F1060BA
:1003F00009B44FF0500080F31188BFF34F8FBFF363
:100400006F8F0CF053FD4FF0000080F3118809BC92
:1004100019680868B0E8F04F1EF0100F08BFB0EC84
:10042000108A80F30988BFF36F8F70474C00002457
:10043000EFF30580704700000948804709480047EE
:10044000FEE7FEE7FEE7FEE7FEE7FEE7FEE7FEE784
:10045000FEE7FEE704480549054A064B70470000E1
:100460004593000899020008006E002400740024DF
:10047000007000240070002453EA020C00F0698030
:100480002DE9F04B4FF00006002B1FBFB3FA83F5A8
:1004900003FA05F424FA05F65E4012BF1643B2FAD9
:1004A00082F502FA05F4C5F120051EBF22FA05FC0B
:1004B00044EA0C04203556EA044C4FEA144418BFB1
:1004C000641C4FF000084FF00009904271EB030CE0
:1004D00039D3002919BFB1FA81F701FA07F6B0FA4A
:1004E00080F700FA07F6C7F120071EBF20FA07FCC5
:1004F00046EA0C062037B6FBF4FCA7EB0507103FD5
:1005000007F01F0BCBF120060CFA0BFB2CFA06F6BA
:1005100044BFB3460026202FA4BF5E464FF0000B19
:100520005BEA060C08BF4FF0010B19EB0B09ABFBA4
:10053000027C48EB0608C01B06FB02CC0BFB03CC7D
:1005400071EB0C01C1E70B46024641464846BDE847
:10055000F08B13B54FF000004FF00001AFF30080B7
:10056000BDE81C407047032A40F2308010F0030CB5
:1005700000F0158011F8013BBCF1020F624498BFF6
:1005800011F801CB00F8013B38BF11F8013BA2F193
:10059000040298BF00F801CB38BF00F8013B11F00E
:1005A000030300F02580083AC0F0088051F8043BAE
:1005B000083A51F804CBA0E80810F5E7121D5CBF1B
:1005C00051F8043B40F8043BAFF30080D20724BF4E
:1005D00011F8013B11F801CB48BF11F8012B24BFE2
:1005E00000F8013B00F801CB48BF00F8012B704731
:1005F00010B5203AC0F00B80B1E81850203AA0E8BE
:100600001850B1E81850A0E81850BFF4F5AF5FEAF1
:10061000027C24BFB1E81850A0E8185044BF18C9A4
:1006200018C0BDE810405FEA827C24BF51F8043B4B
:1006300040F8043B08BF7047D20728BF31F8023B9F
:1006400048BF11F8012B28BF20F8023B48BF00F833
:10065000012B70474FF0000200B5134694469646B2
:10066000203922BFA0E80C50A0E80C50B1F12001C5
:10067000BFF4F7AF090728BFA0E80C5048BF0CC073
:100680005DF804EB890028BF40F8042B08BF7047D1
:1006900048BF20F8022B11F0804F18BF00F8012B43
:1006A0007047704770477047754600F02BF8AE46AC
:1006B00005006946534620F00700854618B020B56E
:1006C000FFF7C8FEBDE820404FF000064FF00007DE
:1006D0004FF000084FF0000B21F00701AC46ACE8EA
:1006E000C009ACE8C009ACE8C009ACE8C0098D4657
:1006F000704710B50446AFF300802046BDE81040B7
:10070000FFF733BE004870479C6D00240149182054
:10071000ABBEFEE726000200704700002DED0E8BF9
:100720006E4CDFED6FAADFED6F8A4FF47A7542F2FF
:1007300010769FED6DBADFED6DBADFED6D9A9FED2E
:100740006DCA9FED6DAA9FED6D9A9FED6D8ADFEDED
:100750006DCA9FED6DDADFED6DDA9FED6DEA0CF09D
:10076000C3F9236801216B489847236802216A482E
:1007700098476A48B0EE082AF0EE6A1AB1EE001AFD
:10078000FBEE0E0AB3EE0E0A0BF076FD6448B0EEF7
:10079000082AF0EE6A1AB1EE001AFBEE0E0AB3EE6A
:1007A0000E0A0BF069FD5F48B0EE082AF0EE6A1AF7
:1007B000B1EE041AFBEE0E0AB3EE0E0A0BF05CFD6E
:1007C0005948B7EE002AF0EE6A1AB0EE681AFAEE4F
:1007D000040AB2EE040A0BF04FFD54482A46B3EE69
:1007E000081AF6EE000AB3EE0E0A314606F0BEFF16
:1007F0004F482A46B3EE061AF6EE000AB3EE090A8F
:10080000314606F0B3FF4B48B0EE4B3AF0EE6B2AA0
:10081000B0EE692AF6EE001AB6EE001AF0EE4C0AB7
:10082000B6EE000A08F088F843482A46B0EE081AE7
:10083000F6EE000AB2EE090A314606F097FF3F488D
:10084000B0EE4A3AF0EE492AB0EE692AF0EE481AC4
:10085000B0EE6C1AF7EE080AB0EE4D0A08F06CF82C
:100860003748B0EE4A3AF0EE492AB0EE692AF0EE87
:10087000681AB0EE6D1AF0EE4E0AB1EE000A08F0FA
:100880005BF83348B0EE483AF0EE492A9FED2D2A46
:10089000F2EE041A9FED2C1AF0EE480A9FED2B0A97
:1008A00008F04AF82C48B0EE493AF0EE492AB0EE8A
:1008B000692AF7EE001AB0EE681AF0EE480A9FEDCA
:1008C000250A08F039F800F033F900F09FFE2348BC
:1008D000006B0CF021FA0CF027F940E7200100240E
:1008E0000AD7233CCDCCCC3D00002F440000FA4574
:1008F00000409C466F12833A00803B4500401C46F6
:10090000000000000000A04200001643CDCC8C3F48
:100910000AD7A33BA805002448060024C4490024A4
:10092000044A0024444A0024844A002478500024C5
:10093000C8500024185100246C510024C84E0024D3
:100940001C4F002400803B46000016440080A24457
:10095000704F00247F6A3C3DC44F002400000024F7
:100960008CB0084C0AAE6D464FF0FF3769463A46E8
:1009700020680CF0D5FC0098291D324602F068FC76
:10098000F4E7000008000024F0B585B000200390D3
:10099000049001900290234C2088010A8DF80C10DD
:1009A0008DF80D006088010A8DF80E108DF80F008B
:1009B000A088010A8DF810108DF811002089010A15
:1009C0008DF812108DF8130003A8174F0022184E4F
:1009D00040F20F13009015497D683068A847608980
:1009E000010A8DF804108DF80500E07D8DF80600F1
:1009F000607E8DF80700207B8DF80800207E8DF842
:100A00000900A07D8DF80A00A07F8DF80B0001A8D9
:100A1000009000227C6840F21F1304493068A04710
:100A200005B0F0BDF44A002420010024480600244B
:100A3000080000240FB49DF828109DF8290040EA12
:100A400001210F48C1819DF82A209DF82B1041EA11
:100A5000022181839DF82C209DF82D1041EA02216E
:100A600009B200EE101AB8EEC00ADFED060A80EEF9
:100A7000201A80ED041A9DF82E10817604B070477C
:100A8000F44A002400007A44FEE704284FF00000F6
:100A9000704700207047000010B505490022054846
:100AA00009F0B2FD0449034809F0A0FD002010BD83
:100AB000985E0024BC5100249856002438B50446A2
:100AC0000C48214609F092FD0A4809F063FD0A48E6
:100AD00000236A46214600680CF0C2FB009838B13A
:100AE00006494FF080500860BFF34F8FBFF36F8F00
:100AF000002038BDBC5100240C00002404ED00E0AF
:100B0000002070470A4610B50849D1F8BC12D1F848
:100B10001412002901D0012010BD0146034809F03C
:100B200073FDBDE81040014809F004BEBC5100242B
:100B300010B52DED028B19489FED170A80ED010AC3
:100B400080ED030A164981ED080A9FED160A80ED33
:100B5000040A9FED158AB7EE080A00F5B270F0EEB0
:100B6000480A07F051FC1148F2EE040AB7EE000AF9
:100B700007F04AFC0E48F0EE480AB1EE0C0A07F006
:100B800043FC0C48002101760222C2754176C176F1
:100B9000BDEC028B10BD000000E06145B44E0024A6
:100BA000A40100240000000000002042C44A0024E8
:100BB00048500024F44A0024FEB5874E337BDFED15
:100BC000871A3046864C874D002BB0F906208648A0
:100BD000218895ED041A90ED080A20D000EE902AA5
:100BE000B8EEE02AD0ED030A42EE210AC0ED030A76
:100BF00001EE901AB0F90020F8EE611A71EE811A38
:100C000071EEA01A00EE902AF8EEE00A71EEA00A4A
:100C1000C5ED030AC0ED070A0122826019E000EE6B
:100C2000902AB8EEE02AD0ED040A42EE210AC0ED87
:100C3000040AB6F91C2090ED012A01EE902AF8EE84
:100C4000E11A61EE821AC0ED091A70EE200AC5EDB4
:100C5000030A9FED662A644AD0ED041A72EE400A38
:100C600092ED080ADFED622AF4EEE10A32EEC00AE4
:100C7000F1EE10FA02D2C0ED040A06E0B4EEE10A89
:100C8000F1EE10FA01DD80ED040AD0ED031A31EE29
:100C9000211AB4EEE01AF1EE10FA02DDC0ED030AFB
:100CA00006E0B4EEC01AF1EE10FA01D280ED030AAC
:100CB000504AE868904202DD85ED032A04E04E4A7E
:100CC000904201DAC5ED032A00EE101AD5ED030AB1
:100CD000B8EE400A30EEC00A10EE100ADFED470A07
:100CE000B0F18B4F02DD30EE600A06E010EE100A24
:100CF00010F16A5F01D930EE200A10EE100ADFED24
:100D0000400A10F1814F06D210EE100AB0F17E5F5A
:100D100001DAB0EE600A4BB3BDEEC00A3948B8EE56
:100D2000C00A07F0B2FDBDEEC00A84ED040AD4ED9E
:100D3000010A344834495438F8EEE00AB8EEC00AE3
:100D400007F020FEBDEEC00A10EE100A00B22084AB
:100D500000EE100A2B488430B8EEC00A07F06CFB96
:100D6000BDEEC00A10EE100A20841BE0BDEEC00AE2
:100D70001C486830B8EEC00A07F087FDBDEEC00A17
:100D800084ED040AD4ED010A16481F491430F8EE28
:100D9000E00AB8EEC00A07F0F5FDBDEEC00A10EE9D
:100DA000100A208401AD19480095B4F92030194C7F
:100DB000B0F9162016486468B0F92010B0F90000A8
:100DC000A04715480022009540F2FF1313494468DC
:100DD00013480068A047FEBDF44A0024A69BC43B0C
:100DE000204E0024B44E0024A401002400C08545F8
:100DF0000040354500C085450040354500F8FF45B9
:100E000000000000C44F0024B4000024184D00244A
:100E1000CE4D00243C01002420010024A80500241C
:100E2000080000240748818C022907D8008800EEBA
:100E3000100A0548B8EE400A80ED030A0348C0686E
:100E400000470000204E0024B44E0024CC010024B2
:100E500090ED002A90ED011AB7EEC20AB7EEC11A62
:100E6000B0EEC00BB0EEC11BB4EEC10BF1EE10FA48
:100E700004D29FED070A80ED000A7047DFED050AF6
:100E8000B0EE420A02EE600A80ED000A70470000F0
:100E900000000000CDCC4C3E014801F03DBA0000FE
:100EA0006C0B0024014801F037BA0000F40A00245A
:100EB000014801F031BA0000E40B0024014801F0C0
:100EC0002BBA0000040A0024014801F025BA0000F2
:100ED0005C0C0024014801F01FBA00007C0A0024C9
:100EE00010B52C4A016891423AD02A4A18329142F0
:100EF00036D0284A3032914232D0264A4832914286
:100F00002ED0244A603291422AD0224A783291422D
:100F100026D0204A9032914222D01E4AA8329142D5
:100F20001ED01D4A91421BD01B4A1832914217D045
:100F3000194A3032914213D0174A483291420FD0A9
:100F4000154A603291420BD0134A7832914207D051
:100F5000114A9032914203D00F4AA832914214D1E3
:100F6000CAB2103A1823B2FBF3F20C4C02F007039A
:100F7000E35CC365032A04D96FF30901091D816588
:100F800006E06FF30901816502E021F0FF01816550
:100F9000806D10BD100002401004024078D9000896
:100FA00010B501680123224CCAB2A1421BD0204CCB
:100FB0001434A14217D01E4C2834A14213D01C4C2B
:100FC0003C34A1420FD01A4C5034A1420BD0184CE3
:100FD0006434A14207D0164C7834A14203D0144C9B
:100FE0008C34A1420FD1083A1421B2FBF1F1114A1D
:100FF00002EB810202660F4A8032426601F01F0155
:101000008B40836610BD103A1824B2FBF4F20A4CF0
:101010002144A82900D80832084901EB8201016661
:1010200006498031416602F01F018B40836610BD86
:101030000854025800580258F0FBFDBF0008024057
:101040000279521E072A31D8194B016899421BD0E8
:10105000174B1433994217D0154B2833994213D0AC
:10106000134B3C3399420FD0114B503399420BD064
:101070000F4B6433994207D00D4B7833994203D01C
:101080000B4B8C33994207D10A4901EB8201C166AF
:1010900008494031016706E0074901EB8201C1665A
:1010A00005494031016701219140416770470000C7
:1010B000085402580059025800090240014610B570
:1010C00000208B694FF0C0748A6A002B0ED0B3F5F4
:1010D000005F1AD062B3012A2AD0022A28D0032A3C
:1010E00003D1C96AC90100D5012010BD1AB1012A76
:1010F00006D0022AF9D1C96AC901F6D5012010BD6E
:10110000C96AA142FBD1012010BD52B1012A0AD007
:10111000022A06D0032AF7D1C96AA142F4D10120DC
:1011200010BD012010BDC96AC901FBD5012010BD49
:10113000012010BD2DE9F04F856D8A4E894FDFF8F3
:1011400024C2A836DFF81C82DFF818920CF1180CC4
:10115000DFF810A208F13008DFF808B209F14809F9
:1011600004680AF1600A0BF1780BBC426DD064454B
:101170006BD0444569D04C4567D0544565D05C453B
:1011800063D0DFF8E0E10EF1900E74455DD0B4421B
:101190005BD0DFF8D4E1744557D0DFF8CCE10EF135
:1011A000180E744551D0DFF8C0E10EF1300E7445D1
:1011B0004BD0DFF8B4E10EF1480E744545D0DFF8AE
:1011C000A8E10EF1600E74453FD0DFF89CE10EF10E
:1011D000780E744539D0DFF890E10EF1900E744529
:1011E00033D0DFF884E10EF1A80E74452DD0DFF87E
:1011F0007CE1744529D0DFF874E10EF1140E7445DA
:1012000023D0DFF868E10EF1280E74451DD0DFF819
:101210005CE10EF13C0E744517D0DFF850E10EF1A1
:10122000500E744511D0DFF844E10EF1640E7445A0
:101230000BD0DFF838E10EF1780E744505D0DFF8F9
:101240002CE10EF18C0E744509D1D0E919E4CEF8E9
:101250000440C46E1CB1D0E91CE4CEF8044004681C
:10126000BC422ED064452CD044452AD04C4528D0D1
:10127000544526D05C4524D03A4F9037BC4220D00C
:10128000B4421ED0384EB4421BD0374E1836B4424A
:1012900017D0354E3036B44213D0334E4836B442B0
:1012A0000FD0314E6036B4420BD02F4E7836B44258
:1012B00007D02D4E9036B44203D02B4EA836B44200
:1012C0001BD190F85C4004F01F063F24B440AC6092
:1012D0000468256825F480252560046863608368B8
:1012E000402B05D0036899600068C260BDE8F08FAC
:1012F00003689A600068C160F8E71C4EB4421BD0D6
:101300001A4E1436B44217D0184E2836B44213D0B1
:10131000164E3C36B4420FD0144E5036B4420BD069
:10132000124E6436B44207D0104E7836B44203D021
:101330000E4E8C36B442D9D190F85C4004F01F06B2
:101340000124B4406C60046863608368402B04D05F
:10135000036899600068C260C8E703689A60006823
:10136000C160C3E710000240100402400854025854
:101370002DE9F047994F387801287DD100243C7041
:101380009748A0F116054178027842EA0122C2F39B
:101390000A02A2F580622A80CB08817843EA4113D1
:1013A000C3F30A03A3F580636B80C678890941EA19
:1013B0008606017946EA8126C6F30A06A6F5806606
:1013C000AE804FEA510C41794CEAC11CCCF30A0CB7
:1013D000ACF5806CA5F806C0521D0A2A00D82C80F6
:1013E0005B1D0A2B00D86C80761D0A2E00D8AC80BD
:1013F0000CF1050CBCF10A0F00D8EC808A092A72A6
:10140000C1F301116972C279817941EA02216981CE
:10141000427A017A41EA0221A981C27A817A41EABB
:101420000221E981017B2974417B6974C27B817B44
:1014300041EA02216982017C407C41EA0020A0F55A
:10144000806000B2A88200F52570B0F5A56F00D9C4
:10145000AC8206F0C9F9297A4FF00108614ADFF839
:1014600088910329614E33D1687A80B3E988494273
:101470003180A988494200E0AEE07180032804D0A1
:10148000022807D0012810D011E0B475747670736B
:101490007C620CE0B47586F81980796A322902DA28
:1014A000491C796203E0707301E086F81E80347392
:1014B0006888F08028883081A88A4000B08092ED4A
:1014C000000ABDEEC00A10EE100A708159E0FFE775
:1014D000022949D1687AC0B3E98849423180A98894
:1014E000494271807073B5F9021000EE101AB8EE1F
:1014F000C00B9FED3F1B20EE010BBDEEC00B10EEAD
:10150000101AF1802988318186F80C8092ED000A4A
:10151000BDEEC00A10EE101A7181374991ED000A34
:10152000364981ED040A022804D001280ED0032890
:1015300018D026E0A88A798800EB80000844A9F832
:101540000A00B47586F819801BE00DE0B47586F8C2
:101550001980A88A798800EB800008444042A9F8E5
:101560000A000EE074760CE0012902D1687A0328A3
:101570000FD0347334807480B4803481F4800320BD
:101580007073707B1E49022806D06A7A012A03D044
:101590000AE007F0EFFBF4E72A7A032A04D089F87F
:1015A0000C8081F804800DE0022802D12A7A032AF7
:1015B00002D0032805D005E089F80C8081F804806A
:1015C00000E00C710F4800688047BDE8F04704490F
:1015D00012220D4805F097BBBDE8F08758010024A2
:1015E000A24E002408010024EC010024F44A002447
:1015F0009A9999999999C93F0C010024B44E0024F5
:1016000030020024F4000024480800240249122279
:10161000024805F078BB0000A24E002448080024D0
:101620007047000010B51048104C017B012904D10F
:10163000417B012901D14089E080B4F902000C49C5
:1016400000EE100AB4F90600F8EEC00A00EE100A27
:101650000848B8EEC00A07F09BF8BDEEC00A10EECD
:10166000100AE08210BD0000EC010024184D002497
:10167000444A00246C510024704772B6FEE7000013
:10168000014801F051BF0000A8050024014801F005
:101690004BBF0000A8050024014801F045BF000031
:1016A00048060024014801F03FBF0000480600241E
:1016B00030B5426B036853F8844F4FF6FC718C438E
:1016C00044EA82041C60036853F8844F058F24F4B5
:1016D0007F0444EA05441C60836B1A44036853F892
:1016E000884F8C4344EA82041C60036853F8884F97
:1016F000858F24F4FE0444EA05441C60C36B02EBAE
:101700004302036853F8A04F8C4344EA82041C60F0
:10171000036853F8A04FB0F8405024F4FE0444EAA4
:1017200005441C60D0E9103403FB0422036853F81D
:10173000B04F8C4344EA82041C60036853F8B04FF6
:10174000B0F8485024F4FE0444EA05441C60D0E993
:10175000123403FB0422036853F8AC4F8C4344EA71
:1017600082041C60D0E9143403FB0422036853F89C
:10177000F04F8C4344EA82041C60036853F8F04F36
:10178000B0F8585024F47C1444EA05441C60836D7E
:1017900002EB4303026852F8C04F8C4344EA8301D2
:1017A0001160016851F8C02FB0F85C3022F47C124F
:1017B00042EA03420A60016851F8C02F90F8603095
:1017C00022F07C5242EA03620A60416B224A02EB39
:1017D0008101C166826B01EB82020267C36B02EB7F
:1017E000C3024267D0E91034634302EB830282678D
:1017F000D0E91234634302EB8302C267D0E91434A8
:10180000634302EB8302C0F88020836D02EBC302C6
:10181000C0F88420C46D836E5C4302EB8402C0F880
:101820008820046E5C4302EB8402C0F890200B4BCE
:101830009A4208D99830416841F020014160032163
:101840000170012030BD002200E004C1D0F89030CA
:101850008B42FAD8002030BD00AC0040FCD30040E1
:10186000F0B5D1E901650C692C430D68002E1AD042
:1018700045F080452C4391F82070D1E90665354349
:101880004E6946EA076635438E8945EA0645D0F833
:101890008460806E584306EB80031C605D600833F3
:1018A00000200B4E0FE044EA8544E4E71418155C71
:1018B000E77845EA0765A77864783F0447EA042497
:1018C000254320C3001DCC68345D8442EED8F0BDB2
:1018D00080D9000838B50D46002404604460022118
:1018E00081600121C160046144610146284601F024
:1018F000E6FC08B1FFF7C1FE02222846002311468C
:10190000009401F020FD002803D0BDE83840FFF727
:10191000B4BE38BD10B50446491EC8B20C4900EB30
:10192000800001EB00102146FFF7D4FF204602F0B3
:101930009EF908B1FFF7A1FE06480022012101F03F
:1019400045FC002803D0BDE81040FFF796BE10BD4F
:10195000144B0024A805002410B58CB00E9C0091F7
:1019600001930292002103910822049205910691AD
:1019700007910891099121680A9161680B910023F0
:101980001A4669460BF0BAFB0CB010BD94B01C4E61
:101990000CAF4FF0FF3808A9424630680BF0C0FC8E
:1019A000089CA4F2052001280BD82022394668465D
:1019B000FEF71EFE134809A90EC905682046A84770
:1019C000E9E7A4F5007107390ED0B4F5027FE2D142
:1019D000202239466846FEF70BFE0B4809A90EC9BE
:1019E00045682046A847D6E7202239466846FEF7D4
:1019F000FFFD064809A90EC905682046A847CAE7A1
:101A0000000000243C0100244C0100243401002487
:101A100094B00E4D0E4F0DF130084FF0FF3940F2EB
:101A20001F1608A94A4628680BF07AFC089CB442A5
:101A3000F7D1202241466846FEF7DAFD09A9D7F81A
:101A400004C020460EC9E047EBE700000400002474
:101A5000F40000247047000010B500F047F81D485E
:101A60001D4C90ED000AF1EE400AFDEEE00A10EE8A
:101A7000900A00B2E080BDEEC00A10EE101AE184B8
:101A8000B4F9001000EE101A1449F8EEC00A00EE86
:101A9000100A1348B8EEC00A06F07AFEBDEEC00A7E
:101AA00010EE100AA082B4F920000E4900EE100AD0
:101AB000B4F92600F8EEC00A00EE100A0A48B8EEA3
:101AC000C00A06F065FEBDEEC00A10EE100AA08640
:101AD00010BD000014020024BA4D0024C4490024A3
:101AE00078500024044A0024C85000240A480B49B6
:101AF000407E00280BD0012808D1A1F118004088B1
:101B000000EE100AB8EE400A81ED000A70479FED22
:101B1000040A81ED000A7047F44A002414020024EC
:101B200000000000FEB504460020009001900290E5
:101B300004F12001204605F093FE94ED080A04F11B
:101B4000300104F1280006F081FB94ED090A04F14C
:101B50003C0104F1340006F079FB2834444DDDEDFE
:101B6000002AD4ED000A94F9080094ED031AC0EBA2
:101B7000C00294F9140020EE810A05EB820303EB06
:101B80008001D1ED001A40EE212A94F91510D4ED10
:101B9000041A03EB810360EEA10A93ED002A40EEE4
:101BA000822A94F9093094ED012AC3EBC30322EE93
:101BB000011A05EB830505EB800696ED003A41EE30
:101BC000032A05EB810562EE211A95ED002A41EE0C
:101BD000822A274E9DED012AC43606EB820505EBCD
:101BE000800797ED003A00EE032A05EB810595ED9D
:101BF000003A00EE832A06EB830505EB800696ED9E
:101C0000003A01EE032A05EB810595ED003A01EE5D
:101C1000832A184D9DED023A05EB820202EB800605
:101C2000D6ED003A00EE233A02EB810292ED000A73
:101C300000EE803A05EB830202EB800090ED000A93
:101C400001EE003A02EB810090ED000A01EE803ACD
:101C5000B0EE080AC2EE800A44ED0A0AC2EE000A9B
:101C600044ED090AC3EE000A44ED080AFEBD000077
:101C700014DA00089CDB000800220D4B002904D078
:101C8000012907D002290ED109E0D968C14001F02D
:101C9000010208E09968C14001F0010203E01969FE
:101CA000C14001F001020AB10120704700207047D5
:101CB000484E002410B50B480168001D0468001D43
:101CC0000068084400280BD00749082205F06EFD83
:101CD000054904222046BDE81040103105F066BDDC
:101CE00010BD000000E8F11F960200242DE9F84F16
:101CF000044602F0F7F800905CB194F83500022831
:101D000009D080206065002084F834000120BDE8FF
:101D1000F88F0120FBE7D14ED04FD0491836DFF8BD
:101D20003C833037DFF83493DFF830A308F14808FC
:101D3000DFF828B309F1600920680AF1780A0BF18D
:101D4000900B88422ED0B0422CD0B8422AD04045C9
:101D500028D0484526D0504524D0584522D0BF4AE7
:101D6000A83290421ED0BE4A90421BD0BC4A1832C4
:101D7000904217D0BA4A3032904213D0B84A483213
:101D800090420FD0B64A603290420BD0B44A7832BB
:101D9000904207D0B24A9032904203D0B04AA83263
:101DA00090420AD1026822F01E0202602068426955
:101DB00022F080024261256804E0026822F00E02EF
:101DC00002602568206888424DD0B0424BD0B842AE
:101DD00049D0404547D0484545D0504543D0584567
:101DE00041D09E4AA83290423DD09D4A90423AD07E
:101DF0009B4A1832904236D0994A3032904232D0C3
:101E0000974A483290422ED0954A603290422AD06A
:101E1000934A7832904226D0914A9032904222D012
:101E20008F4AA83290421ED08E4A90421BD08D4AD3
:101E30001432904217D08B4A2832904213D0894AEC
:101E40003C3290420FD0874A503290420BD0854AA4
:101E50006432904207D0834A7832904203D0814A5C
:101E60008C32904204D1206E026822F480720260AB
:101E70007A49206888422ED0B0422CD0B8422AD06D
:101E8000404528D0484526D0504524D0584522D03A
:101E90007249A83188421ED0714988421BD07049CE
:101EA0001831884217D06E493031884213D06C49BE
:101EB000483188420FD06A49603188420BD0684966
:101EC0007831884207D066499031884203D064490E
:101ED000A831884204D1016821F00101016013E0BA
:101EE000016821F0010101600EE001F0FBFF0099A3
:101EF000401A052808D9202034342062032060705D
:101F000000202070012002E72868C007EDD1534A65
:101F10000121206890422ED0B0422CD0B8422AD065
:101F2000404528D0484526D0504524D0584522D099
:101F30004A4BA83398421ED0494B98421BD0484B7D
:101F40001833984217D0464B3033984213D0444B45
:101F5000483398420FD0424B603398420BD0404BED
:101F60007833984207D03E4B9033984203D03C4B95
:101F7000A833984208D1A06D94F85C3003F01F0597
:101F80003F23AB40836007E0A06D94F85C3003F022
:101F90001F0301FA03F34360206890424DD0B04222
:101FA0004BD0B84249D0404547D0484545D0504530
:101FB00043D0584541D0294AA83290423DD0284AC2
:101FC00090423AD0264A1832904236D0244A3032D3
:101FD000904232D0224A483290422ED0204A60327B
:101FE00090422AD01E4A7832904226D01C4A903223
:101FF000904222D01A4AA83290421ED0194A9042EA
:102000001BD0184A1432904217D0164A28329042F8
:1020100013D0144A3C3290420FD0124A50329042B0
:102020000BD0104A6432904207D00E4A7832904268
:1020300003D00C4A8C3290420BD1D4E91920506065
:10204000E06E30B1026822F480720260D4E91C2094
:102050005060343461700020207058E61000024057
:1020600010040240085402582DE9F05F002808D0FF
:1020700090F83510022906D0802141650120BDE885
:10208000F09F0120FBE7A14AA04BA04C18329F4DC6
:1020900030339E4E4834DFF874B26035DFF870C2DA
:1020A0007836DFF86C82DFF868920CF1300CDFF8DC
:1020B00060A208F16008016809F17809944F0AF1FB
:1020C000900A594531D091422FD099422DD0A1424A
:1020D0002BD0A94229D0B14227D0DFF830E20EF14F
:1020E000900E714521D0DFF824E20EF1A80E714563
:1020F0001BD0DFF81CE2AEF1180E714515D0B942C5
:1021000013D0DFF80CE20EF1180E71450DD06145C9
:102110000BD0DFF8FCE10EF1480E714505D04145CA
:1021200003D0494501D0514537D14FF0040E80F816
:1021300035E0594527D0914225D0994223D0A1427C
:1021400021D0A9421FD0B1421DD0704890308142A9
:1021500019D06E48A830814215D06D481838814298
:1021600011D0B9420FD06A48183081420BD0614576
:1021700009D067484830814205D0414503D04945E0
:1021800001D0514504D1086820F001000860BAE090
:10219000086820F001000860B5E0D1F800E02EF0FA
:1021A0000E0EC1F800E00168DE46594531D091427B
:1021B0002FD099422DD0A1422BD0A94229D0B14293
:1021C00027D0DFF848B10BF1900B594521D0DFF84B
:1021D0003CB10BF1A80B59451BD0DFF834B1ABF182
:1021E000180B594515D0B94213D0DFF824B10BF1C3
:1021F000180B59450DD061450BD0DFF814B10BF128
:10220000480B594505D0414503D0494501D05145BA
:1022100006D1D1F800B02BF0010BC1F800B005E0F9
:10222000D1F800B02BF0010BC1F800B001684FF0FD
:10223000010B714546D0914244D0994242D0A1420F
:1022400040D0A9423ED0B1423CD0304A9032914277
:1022500038D02E4AA832914234D02D4A183A9142B1
:1022600030D0B9422ED02A4A183291422AD0614544
:1022700028D0274A4832914224D0414522D04945AE
:1022800020D051451ED0234A91421BD0214A1432FE
:10229000914217D01F4A2832914213D01D4A3C3236
:1022A00091420FD01B4A503291420BD0194A6432EE
:1022B000914207D0174A7832914203D0154A8C32A6
:1022C000914218D1016E0A6822F480720A60816D11
:1022D00090F85C2002F01F020BFA02F24A60D0E98B
:1022E00019215160C16E31B10A6822F480720A600E
:1022F000D0E91C21516080F835B0002180F83410FD
:10230000016D01B188470020B9E6000010000240CD
:1023100028040240085402582DE9FF5F04460020BB
:1023200001904FF41651FD480068B0FBF1F00090A9
:10233000A56D2E682968FA4FDFF8E4B3DFF8E08373
:10234000DFF8DC930BF1180BDFF8D4A308F13008A9
:10235000206809F148090AF1600AB8423BD05A46A0
:10236000904238D0404536D0484534D0504532D0E0
:10237000EB4A783290422ED0E94A903290422AD0ED
:10238000E74AA832904226D0E64A904223D0E54A56
:10239000183290421FD0E34B303398421BD0E14BB0
:1023A0004833984217D0DFF87CC30CF1600C6045CD
:1023B00011D0DFF870C30CF1780C60450BD0DFF85A
:1023C00064C30CF1900C604505D0DFF858E30EF1C2
:1023D000A80E70457ED194F85C10082301F01F010F
:1023E00003FA01F232424BD0B84232D0584530D0D5
:1023F00040452ED048452CD050452AD0C849783188
:10240000884226D0C6499031884222D0C449A8319A
:1024100088421ED0C34988421BD0C2491831884225
:1024200017D0C0493031884213D0BE494831884264
:102430000FD0BC49603188420BD0BA49783188420C
:1024400007D0B8499031884203D0B649A8318842B4
:1024500003D1016801F0040102E0016801F0080104
:1024600071B1016821F00401016094F85C0000F092
:102470001F0003FA00F2AA60606D40F00100606581
:1024800094F85C00012100F01F008140314240D0EF
:102490002068B84234D0584532D0404530D0484505
:1024A0002ED050452CD09E4A7832904228D09C4A5B
:1024B0009032904224D09A4AA832904220D0994A31
:1024C00090421DD0974A1832904219D0954A303226
:1024D000904200E0D2E113D0924A483290420FD0AD
:1024E000904A603290420BD08E4A7832904207D0A8
:1024F0008C4A9032904203D08A4AA83290427DD1D1
:10250000406910F0800F04D0A960606D40F00200B7
:10251000606594F85C00042100F01F0081403142A6
:102520003ED02068B84232D0584530D040452ED0F9
:1025300048452CD050452AD0794A7832904226D04E
:10254000774A9032904222D0754AA83290421ED0EB
:10255000744A90421BD0734A1832904217D0714A85
:102560003032904213D06F4A483290420FD06D4AB9
:10257000603290420BD06B4A7832904207D0694A61
:102580009032904203D0674AA83290424ED1006800
:1025900010F0020F04D0A960606D40F00400606587
:1025A00094F85C00102100F01F008140314260D09F
:1025B0002068B84234D0584532D0404530D04845E4
:1025C0002ED050452CD0564A7832904228D0544ACA
:1025D0009032904224D0524AA832904220D0514AA0
:1025E00090421DD04F4A1832904219D04D4A303295
:1025F000904215D04B4A4832904200E014E00FD090
:10260000484A603290420BD0464A7832904207D016
:10261000444A9032904203D0424AA832904207D1B5
:10262000006800F0080006E0006872E70068B7E79D
:10263000006800F0040058B1A960206801684903EF
:102640000CD50068000304D4216C09B120468847EA
:102650000FE0A16C69B1204688470AE00168C9050E
:1026600003D4016821F008010160216C09B1204602
:10267000884794F85C00202100F01F00814031421F
:102680007BD02068B84232D0584530D040452ED05B
:1026900048452CD050452AD0214A7832904226D045
:1026A0001F4A9032904222D01D4AA83290421ED03A
:1026B0001C4A90421BD01B4A1832904217D0194A2C
:1026C0003032904213D0174A483290420FD0154A08
:1026D000603290420BD0134A7832904207D0114AB0
:1026E0009032904203D00F4AA832904203D1006842
:1026F00000F0100002E0006800F00200E8B3A960FA
:1027000094F83500042812D02068016849033DD5AB
:102710000068000335D4616C79B305E044000024FF
:102720001000024010040240204688473FE0206825
:10273000016821F0160101602068416921F08001E3
:102740004161206C08B9A06C20B12068016821F0BB
:102750000801016094F85C0000F01F013F208840F0
:10276000A860012084F83500002084F83400216D31
:10277000002974D004B0204600E018E0BDE8F05F06
:102780000847E16B99B12046884710E00168C90508
:1027900009D4016821F010010160012084F835009E
:1027A000002084F83400E16B09B120468847606D51
:1027B000002854D0606DC00758D0042084F835003C
:1027C0002068B84231D058452FD040452DD04845DB
:1027D0002BD0504529D0B749884226D0B549183169
:1027E000884222D0B349303188421ED0B249884253
:1027F0001BD0B1491831884217D0AF4930318842D7
:1028000013D0AD49483188420FD0AB49603188427E
:102810000BD0A9497831884207D0A7499031884226
:1028200003D0A549A831884204D1016821F00101F3
:10283000016003E0016821F0010101602168019855
:10284000009A401C0190904202D80868C007F6D157
:102850000868C00704D0032084F8350003E087E04F
:10286000012084F83500002084F83400E16C002950
:102870007ED004B02046BDE8F05F08478F4EB042DE
:102880001BD08E4E1436B04217D08C4E2836B04234
:1028900013D08A4E3C36B0420FD0884E5036B042EC
:1028A0000BD0864E6436B04207D0844E7836B042A4
:1028B00003D0824E8C36B0425AD106684FF0040ED7
:1028C00094F85CB00BF01F0B0EFA0BFE1EEA010F22
:1028D000CDF80CE05ED05FEA467E5BD50398686079
:1028E000300411D5F00307D4A16C002940D004B006
:1028F0002046BDE8F05F0847216C002938D004B0BD
:102900002046BDE8F05F0847B0063BD42068B842D7
:102910002DD068496039884229D0404527D04845A4
:1029200025D0504523D06349884220D061491831D1
:1029300088421CD05F493031884218D05E498842B5
:1029400015D0904213D05C49303188420FD0984264
:102950000DD059496031884209D0574978318842B1
:1029600005D0604503D05449A831884206D100E023
:102970007CE0016821F00801016003E0016821F0BA
:1029800004010160216C002970D004B02046BDE82C
:10299000F05F08474FF0020E0EFA0BFE1EEA010F21
:1029A000CDF808E063D05FEA867E60D50298686063
:1029B000300411D5F00307D4616C002978D004B03D
:1029C0002046BDE8F05F0847E16B002970D004B0F5
:1029D0002046BDE8F05F0847B0063FD42068B84203
:1029E0002DD034496039884229D0404527D0484508
:1029F00025D0504523D02F49884220D02D49183169
:102A000088421CD02B493031884218D02A4988424C
:102A100015D0904213D02849303188420FD09842C7
:102A20000DD025496031884209D023497831884248
:102A300005D0604503D02049A831884204D10168FF
:102A400021F01401016003E0016821F00A01016036
:102A5000012084F83500002084F83400E16B00295F
:102A600026D004B02046BDE8F05F084720E00822E9
:102A700002FA0BF20A421BD0310719D5016821F086
:102A80000E01016094F85C0000F01F01012000FAC3
:102A900001F16960606584F83500002084F8340035
:102AA000E16C002904D004B02046BDE8F05F08477F
:102AB000BDE8FF9F880002401004024008540258FD
:102AC0002DE9F05F044601F00DFA0646002C7DD09A
:102AD000F44F0222DFF8CC830025DFF8C893DFF83B
:102AE000C4A308F13008DFF8BCB309F14809206835
:102AF0000AF1600A0BF1780BB84232D0E94918317B
:102B000088422ED040452CD048452AD0504528D068
:102B1000584526D0E3499031884222D0E149A83176
:102B200088421ED0E04988421BD0DF4918318842D4
:102B300017D0DD493031884213D0DB494831884213
:102B40000FD0D949603188420BD0D74978318842BB
:102B500007D0D5499031884203D0D349A831884263
:102B60007ED184F8352084F83450B84234D0CD4931
:102B70001831884230D040452ED048452CD05045A1
:102B80002AD0584528D0C7499031884224D0C54919
:102B9000A831884220D0C44988421DD0C24918318A
:102BA000884219D0C0493031884215D0BE494831D9
:102BB000884211D0BC49603188420DD0BA49783181
:102BC000884209D0B8499031884200E009E003D03A
:102BD000B549A831884207D1016821F0010101609F
:102BE00013E00120BDE8F09F016821F001010160C0
:102BF0000BE001F077F9801B052806D920206065DD
:102C0000032084F835000120ECE720680068C00745
:102C1000EFD122681168A5480140D4E902031843A6
:102C2000D4E9043633431843A3691843E3691843CE
:102C3000236A18430843616A042903D1D4E90B13BA
:102C4000194308439A4909686FF30F01B1F1005F16
:102C500011D36168A1F12903052B0AD9163B00E0C5
:102C60002EE0032B05D9083B012B02D94F3903294C
:102C700001D840F4801010602068406920F00701FE
:102C8000606A40EA010604280DD1A06A0643E06AA2
:102C900048B12046FEF712FA28B1402060650120B5
:102CA00084F835009EE7206846612046FEF718F953
:102CB00094F85C1001F01F023F219140816066E0B2
:102CC0007C4988421BD07B4B1433984217D0794BF8
:102CD0002833984213D0774B3C3398420FD0754B32
:102CE000503398420BD0734B6433984207D0714BEA
:102CF0007833984203D06F4B8C3398427ED1884210
:102D000011D06C49143188420DD06A49283188426B
:102D100009D068493C31884205D066495031884223
:102D200001D06449643184F8352084F83450026855
:102D300061490A40A16840297ED080297DD00021C8
:102D4000E36841EAD301236941EAD301636941EAB7
:102D5000D301A36941EAD301E36941EAD301236ABC
:102D600041EA131111430160524920684942084465
:102D70001421B0FBF1F08000E0652046FEF7B0F8CA
:102D800094F85C1001F01F0201219140416020681D
:102D9000B84256D043491831884252D0404550D0AD
:102DA00048454ED050454CD058454AD03D499031C9
:102DB000884246D03B49A831884242D03A498842AD
:102DC0003FD03949183188423BD0374930318842A9
:102DD00037D035494831884233D033496031884251
:102DE0002FD03149783188422BD02F4990318842F9
:102DF00027D02D49A831884223D000E02DE02D496D
:102E000088421ED02B49143188421AD029492831D2
:102E1000884216D027493C31884212D0254950318A
:102E200088420ED02349643188420AD02149783142
:102E3000884206D01F4901E00AE00BE08C3188424D
:102E400029D12046FEF7ACF8A06880280CD00CE011
:102E5000102175E74FF4804172E740206065032040
:102E600084F835000120BDE66560216E2079086098
:102E7000D4E9191048606068401E072808D8204629
:102E8000FEF7DEF8E06E0560D4E91C10486002E051
:102E9000E566256765676565012084F835000020D3
:102EA000A0E6000010000240100402403F8010FE27
:102EB0000010005C085402580F00FEFF2DE9F84F87
:102EC000044600200090002C15D094F8340001280E
:102ED00013D0012084F8340094F835500020012DDF
:102EE0000DD04FF40061616584F83400012000903A
:102EF0000098BDE8F88F0120FBE70220F9E70225E2
:102F000084F835506065A54DA44EA44F1835DFF800
:102F10008CC23036DFF884824837DFF88092DFF8E1
:102F20007CA208F16008DFF874B209F17809206822
:102F30000AF1900A0BF1A80B60453BD0A84239D0AA
:102F4000B04237D0B84235D0404533D0484531D073
:102F500050452FD058452DD0DFF844C2604529D0C8
:102F6000DFF83CC20CF1180C604523D0DFF830C20A
:102F70000CF1300C60451DD0DFF824C20CF1480C78
:102F8000604517D0DFF818C20CF1600C604511D015
:102F9000DFF80CC20CF1780C60450BD0DFF800C2F2
:102FA0000CF1900C604505D0DFF8F4C10CF1A80CD1
:102FB000604506D1D0F800C02CF0010CC0F800C06C
:102FC00005E0D0F800C02CF0010CC0F800C020468D
:102FD000FEF7B0F87149206888422CD0A8422AD068
:102FE000B04228D0B84226D0404524D0484522D00F
:102FF000504520D058451ED0694A90421BD0684A9F
:103000001832904217D0664A3032904213D0644A48
:10301000483290420FD0624A603290420BD0604AF0
:103020007832904207D05E4A9032904203D05C4A98
:10303000A83290420DD1026822F01E0242F0160220
:103040000260206C90B12068026842F008020260C1
:103050000CE0026822F00E0242F00A020260206CCC
:1030600020B12068026842F00402026020688842B1
:103070004BD0A84249D0B04247D0B84245D0404595
:1030800043D0484541D050453FD058453DD0444AB3
:1030900090423AD0424A1832904236D0404A3032BA
:1030A000904232D03E4A483290422ED03C4A603262
:1030B00090422AD03A4A7832904226D0384A90320A
:1030C000904222D0364AA83290421ED0354A9042D1
:1030D0001BD0344A1432904217D0324A28329042E0
:1030E00013D0304A3C3290420FD02E4A5032904298
:1030F0000BD02C4A6432904207D02A4A7832904250
:1031000003D0284A8C3290420DD1206E0268D2033F
:1031100003D5026842F480720260E06E18B1026862
:1031200042F480720260206888422CD0A8422AD0E3
:10313000B04228D0B84226D0404524D0484522D0BD
:10314000504520D058451ED0154988421BD01449FF
:103150001831884217D012493031884213D01049B3
:10316000483188420FD00E49603188420BD00C495B
:103170007831884207D00A499031884203D0084903
:10318000A831884204D1016841F001010160AFE635
:10319000016841F001010160AAE600001000024050
:1031A000100402400854025870B5044600F09AFE1C
:1031B0000546601C02D004480078044400F092FEEA
:1031C000401BA042FAD370BD3800002410B590F81F
:1031D0009830012B08D0022B06D050F89C1F41F0EC
:1031E00002010160012010BD03689C6D0C4204D1F6
:1031F000DC6D44F00104DC6505E09C6D31EA0404FB
:103200001CD00324DC658B0504D5036853F8E04F1C
:1032100014431C604B0504D5036853F8E44F144372
:103220001C600068426D084B0B401A43426507481A
:10323000026842EA91710160002010BDDC6D44F02B
:103240000204DC65DFE70000FFFFCF3F14A8004069
:1032500070B5044694F89800022806D054F89C0FE4
:1032600040F008002060012070BD2068D0F8C03018
:1032700013F07C5F0AD0D0F8C4309B020DD554F80F
:103280009C0F40F400702060012070BD54F89C0F2A
:1032900040F020002060012070BDD0F8C400C0F3D1
:1032A000044520462B46FEF7DBFA21680120A840A2
:1032B000C1F8D000C4F89400002070BD704710B56C
:1032C00090F89820012A08D0022A06D050F89C1FB6
:1032D00041F002010160012010BDCA680B688BB18A
:1032E000072A0B6943EA42732BD00C7A4A6942EAF7
:1032F00084724968006F00EBC100036042604FF0C8
:10330000000010BD072A10D00C7A4FEAC2624B6948
:1033100043EA84730C8A42EA044243EA020349689E
:10332000C06E00EB81000360E9E70B8A4FF0605448
:103330008A6942EA0343CA6944EA022243EA020371
:10334000EDE78A69D5E730B5039C90F89850012DD8
:1033500006D050F89C1F41F004010160012030BDEF
:103360000068090141EA820141EA43012143C0F8B2
:103370008010002030BD704770470000F0B5002479
:1033800090F89850022D06D050F89C1F41F008018B
:1033900001600120F0BD40290BD0412936D0056DD8
:1033A0008D4260D850F89C1F41F02001016001203F
:1033B000F0BD0568D5F8A06016F4FE0F18D0D5F85A
:1033C000A46076061BD0D5F8A460F60105D5D5F823
:1033D000A06016F0004F00D50124D5F8A450C5F325
:1033E00005252C44456C466F654306EB85063FE09A
:1033F00050F89C1F41F0200101600120F0BD50F801
:103400009C1F41F4807101600120F0BD0568D5F872
:10341000B06016F4FE0F18D0D5F8B46076061BD055
:10342000D5F8B460F60105D5D5F8B06016F0004FB8
:1034300000D50124D5F8B450C5F305252C44C56C3E
:10344000866F654306EB850612E050F89C1F41F03D
:10345000200101600120F0BD50F89C1F41F48071F3
:1034600001600120F0BD456DC66F4D4306EB85063A
:10347000356805F0804555602DB3356825F0604509
:103480001560356805F000559560356805F0004514
:103490001561B588ADB2D5617568C5F30345D560D2
:1034A000756805F480155561756805F4001595611A
:1034B0007568C5F30665156275680836ED0F5562C7
:1034C0000025174F09E03568C5F38A451560D8E730
:1034D00016F805C003F805C06D1CD2F80CC017F82B
:1034E0000CC0AC45F4D8402909D041290BD00122A9
:1034F00020290CD200688A40C0F898200DE00068AE
:10350000C0F8A84009E00068C0F8B84005E00068CD
:1035100001F01F018A40C0F89C200020F0BD00008F
:1035200080D90008704700002DE9FE4F0446B64FD1
:1035300038688007391D096800EA817002902068A8
:10354000016D01F47041D0F854A00AEA010A016D3E
:1035500001F00F01D0F854B00BEA010B016D01F03E
:10356000F001426D0A400192016D01F07151D0F8F5
:10357000548008EA0108016D01F06071426D0A4053
:103580000092416D056D4FF00009CE43F10509D45D
:10359000E943C90506D4B9150165C7F8009020466E
:1035A000FFF7C0FF700510D4E84340050DD4206834
:1035B000D0F8DC20D0F8E41011404FF480620265AE
:1035C000C7F80090204600F070FB029858B18F4970
:1035D00002980840216808650298800F38600299B7
:1035E0002046FFF76BFEBAF1000F0BD02168874829
:1035F0000AEA000008654FEA9A7038605146204692
:1036000000F055FBBBF1000F0BD021687F480BEA9F
:10361000000008654FEA9B7038605946204600F06C
:10362000D7FA019858B1794901980840216808658E
:103630000198800F38600199204600F017FB300593
:103640000BD4E843000508D421684FF400600865F6
:10365000C7F80090204600F02BFBB00510D4E843DB
:1036600080050DD42068D0F8D820D0F8E0101140A3
:103670004FF400720265C7F80090204600F016FB78
:1036800030030BD4E843000308D421684FF4002032
:103690000865C7F80090204600F098FAF0030BD4B4
:1036A000E843C00308D421684FF480300865C7F8A8
:1036B0000090204600F0F8FA70030BD4E843400372
:1036C00008D421684FF480200865C7F80090204690
:1036D00000F0E9FAB0030ED4E84380030BD421686C
:1036E0004FF400300865C7F80090D4F89C0040F013
:1036F0008000C4F89C00009858B1444900980840E4
:10370000216808650098800F386000992046FFF70F
:1037100033FEB8F1000F0DD021683C4808EA0000E4
:1037200008654FEA98703860D4F89C0040EA0800B9
:10373000C4F89C003649206888425BD16068816883
:10374000890757D0016A01F00F02416A1140026AED
:1037500002F03002476A1740026A02F4C072D0F8E1
:10376000248008EA0208026A02F4FC42456A154015
:10377000026A02F4F022466A1640D0F82490D0F88B
:1037800020A019B10162204600F08AFA2FB16068CA
:1037900007623946204600F085FA6FEA09004006C4
:1037A0000ED46FEA0A0040060AD46068C16B090CA7
:1037B000C26B02F03F0240230362204600F071FA20
:1037C000B8F1000F06D06068C0F82080414620465E
:1037D00000F065FA35B160680562D4F89C002843B2
:1037E000C4F89C0036B160680662D4F89C0030438F
:1037F000C4F89C00D4F89C00002802D02046FFF7B3
:10380000BAFDBDE8FE8F000010A80040FFFFCF3FCB
:1038100000A000402DE9F04393B004464C229549A6
:103820006846FCF7E5FE6CB1934F2068B84202D1C0
:1038300000F5807060604FF4407994F8980000269D
:1038400020B108E0012013B0BDE8F08384F899604E
:10385000204600F013F92068816921F01001816190
:1038600000F040FB05464FF003080DE000F03AFB86
:10387000401B0A2808D954F89C0F40F00100206032
:1038800004F8048C0120DEE7206880690007EDD48D
:103890002068816941F00101816100F023FB054648
:1038A0000DE000F01FFB401B0A2808D954F89C0FBC
:1038B00040F00100206004F8048C0120C3E7206878
:1038C0008069C007EDD02068816941F00201816103
:1038D000207C012839D02068816941F04001816154
:1038E000607C012837D02068816921F480418161A2
:1038F000A07C012835D02068816941F48051816124
:1039000020688169A26821F44071114381612068B7
:10391000816921F0A40181612068016921F0100111
:103920000161E068012822D030B302282BD0206842
:10393000816941F0800181612068016941F01001D5
:103940000161E068032818D022E02068816921F035
:1039500040018161C4E72068816941F4804181614F
:10396000C6E72068816921F480518161C8E7206839
:10397000816941F0040181610AE02068816941F0B8
:103980002001816104E02068816941F020018161AA
:10399000207E401E4106E069401E41EA0020216A67
:1039A000491E0843A18A491E40EA01402168C861B6
:1039B000A06848450FD1E16AA06A491E401E40EA4E
:1039C0000121206B401E41EA0011A08C401E41EAFB
:1039D00000402168C860206E28B1206850F8C01FE0
:1039E000626E11430160D4E91701C842694609D0EB
:1039F000206850F8C82FA36E22F0070251F8233038
:103A00001A430260206C48B1206850F8BC2F636CE8
:103A100022F0070251F823301A430260A06C50B123
:103A2000206850F8BC2FE36C22F0700251F823306C
:103A300042EA03120260206D50B1206850F8BC2F9A
:103A4000636D22F4E06251F8231042EA0121016023
:103A50002068B84204D16068816821F00301816068
:103A600044F8946FA66001202071943C2046FDF735
:103A70001FFEE8E690D9000800A000402DE9F043C1
:103A8000B7B00446142132A8FCF7E4FDC02102A817
:103A9000FCF7E0FD494D002646494FF08052206872
:103AA0000C3D454F4FF00208444C88424FF0090945
:103AB0003ED151130020CDE902101E9202A801F060
:103AC0002BFA08B1FDF7D9FD3868401C3860012891
:103AD00007D1206840F480702060206800F4807076
:103AE0000190286840F008002860286800F008006D
:103AF000019003203290CDF8CC8034963596CDF8E5
:103B0000D89032A92E4800F0D5F8002205211320C4
:103B100000F09EFA132000F08DFA002205211520F6
:103B200000F096FA152000F085FA37B0BDE8F08372
:103B300024498842F9D100204FF40041CDE9021018
:103B40001E9202A801F0E8F908B1FDF796FD386869
:103B5000401C3860012807D1206840F48070206044
:103B6000206800F480700190286840F0020028600E
:103B7000286800F0020001904FF440503290CDF8D8
:103B8000CC8034963596CDF8D89032A90E4800F006
:103B900091F800220521142000F05AFA142000F0B8
:103BA00049FA00220521162000F052FA162000F0F2
:103BB00041FABAE700A0004034000024EC44025867
:103BC000000C025800A40040000402587047000096
:103BD000F8B5214B00210268204D9A4201D129708D
:103BE00001E00121297029781D4C01EB810104EBD2
:103BF000011202F1480320324021FFF7BFFB287871
:103C000004F1A006282200EB800100EB400004EB49
:103C10000111203106EB0010FCF7EAFC287800EBDC
:103C2000800200EB400104EB021206EB0111D2E925
:103C30001223C1E90A2330B10A4800236A4600680A
:103C400009F00EFBF8BD0848002331466A460068BB
:103C500009F006FBF8BD000000A000402801002488
:103C6000144B00240400002400000024704790F846
:103C70009810012906D050F89C1F41F00401016002
:103C800001207047022180F8981001688A6922F0AB
:103C900001028A610021C0F89C1000207047704723
:103CA000704770477047704770477047704770475C
:103CB000704700002DE9F84F00227B4D03264FF09E
:103CC00001080F274FF0B04CE6E008FA02F31C4061
:103CD0009A46002C7ED00B7903F00303012B01D010
:103CE000022B1BD1D0F80890530006FA03FB29EAF7
:103CF0000B09D1F80CB00BFA03FB4BEA090BC0F827
:103D000008B0436823EA0A0391F80490C9F3001944
:103D100009FA02F949EA0309C0F804900B79DB4378
:103D20009B070ED0D0F80C90530006FA03FA29EA4C
:103D30000A09D1F808A00AFA03FA4AEA090AC0F8FF
:103D40000CA00B7903F00303022B14D1D30800EB72
:103D50008303D3F820A04FEA42794FEAD96907FAE2
:103D600009FB2AEA0B0AD1F810B00BFA09FB4BEA5F
:103D70000A0BC3F820B0D0F80090530006FA03FAFB
:103D800029EA0A0991F804A00AF0030A0AFA03FAD8
:103D90004AEA090AC0F800A04B6813F4403F7AD001
:103DA000424BD3F8009049F00209C3F800901B6819
:103DB00003F00203009322F0030909F1B049D9F896
:103DC00008B493074FEA137A07FA0AF32BEA030BB6
:103DD000374B00E05FE0984201D100232DE0354BE6
:103DE000984201D1012328E0334B984201D10223AC
:103DF00023E0324B984201D103231EE0304B98421E
:103E000001D1042319E02F4B984201D1052314E07E
:103E10002D4B984201D106230FE02C4B984201D143
:103E200007230AE02A4B984201D1082305E0294BD9
:103E3000984201D1092300E00A2303FA0AF343EA76
:103E40000B03C9F80834DCF80030A343D1F8049020
:103E50005FEAC92900D52343CCF80030DCF80430F0
:103E6000A343D1F804905FEA892900D52343CCF815
:103E700004306B68A343D1F804905FEA893900D518
:103E800023436B602B68A343D1F804905FEAC939E0
:103E900000D523432B60521C0C6834FA02F37FF4E4
:103EA00014AFBDE8F88F000080000058F4440258B9
:103EB000000002580004025800080258000C025882
:103EC000001002580014025800180258001C025832
:103ED000002002580024025801480068000C704776
:103EE0000010005C01488068704700003800002422
:103EF00070B50446002C11D021684CF6CC40086007
:103F000045F2555021680860D4E9001048602168E6
:103F1000A0688860FFF7E6FF05460CE0012070BD51
:103F2000FFF7E0FF401B312805D92068C068400733
:103F300001D0032070BD2068C0684007F0D1206820
:103F40000269E1688A4201D0016102E04AF6AA21D1
:103F50000160002070BD00000248816802781144B1
:103F6000816070473800002410B5032000F090F8FD
:103F700001F058FE0F490A68C2F303230E4AD35CCE
:103F800003F01F03D840096801F00F01515C0B4A90
:103F900001F01F0120FA01F11160094908600F20AA
:103FA00000F010F808B1012010BD00F031F8002039
:103FB00010BD00001844025804DA0008480000242C
:103FC0004400002470B504460F4D2A78002A0CD016
:103FD0004FF47A700D49B0FBF2F00968B1FBF0F0D4
:103FE00002F080FB18B1012070BD012070BD102CC3
:103FF00007D200222146501E00F02AF86C600020F3
:1040000070BD012070BD0000380000244400002471
:1040100082B00748016841F002010160006800F0C9
:104020000200019000220F21901E02B000F010B893
:10403000F4440258002809DB012100F01F029140DE
:104040004009800000F1E020C0F800117047000036
:10405000F0B40D460D4B1B68C3F30223C3F10704F4
:10406000042C00D90424191D072901D2002300E0E3
:10407000DB1E012606FA04F1491E294099409E40A4
:10408000761E16403143F0BC08F0B1B80CED00E0EC
:1040900000F00701054A10684FF6FF03184040EA98
:1040A0000120034908431060704700000CED00E058
:1040B0000000FA0501680122C0F8D824002280F827
:1040C000CC24886940F000608861486D024A104342
:1040D000486500207047000003000010704700682A
:1040E00041620020704770B50368586A002907D004
:1040F0009C6A00EB14440020491E4FF482750AE0CC
:1041000040EA024098620DE005EB80069E5904EB00
:104110001644401CC0B28842F6D305EB810144EA44
:1041200002405850002070BDD0F8E00406F0A2BE56
:1041300001EBC10200EB8202D0F8E004126A06F043
:10414000C6BD01EBC10200EB8202D0F8E004D2F858
:10415000602206F02ABED0F8E00406F08DBE0A0602
:1041600001F00F0101EBC10100EB810101D5143118
:1041700001E001F51571006807F0EABD70B504466D
:104180004FF0010201F00F004FF000050B0600EBAD
:10419000C00104EB810102D514314A7002E001F53F
:1041A00015714D70087094F89404012808D084F8B3
:1041B0009424206807F0E8FA84F89454002070BD35
:1041C000022070BD70B5044601F00F0022799042C4
:1041D00001D9012070BD0B064FF0010201F00F0163
:1041E0004FF0000501EBC10104EB810102D5143150
:1041F0004A7002E001F515714D708D70087094F8E9
:104200009404012808D084F89424206807F022FC44
:1042100084F89454002070BD022070BD01F00F019D
:1042200001EBC10100EB8100D0F8680270472DE975
:10423000F04104464FF0010601F00F004FF0000579
:104240000F0600EBC00104EB810102D514314E7062
:1042500002E001F515714D7008708A600B714A78A3
:1042600002B14883022B00D14D7194F894040128C7
:1042700009D084F89464206807F0C6F9284684F8C9
:104280009454BDE8F0810220FBE710B501F00F0463
:1042900004EBC40100EB810101F51571CA600B61EB
:1042A00000234B614B700C708379012B00D1CA61E4
:1042B0008279006807F026FC002010BD70B5044626
:1042C0000D4605F00F002179884201D9012070BD0B
:1042D00029064FF000064FF0010206D500EBC001A1
:1042E00004EB810114314A7006E005EBC50104EBD3
:1042F000810101F515714E708A70087094F894046C
:10430000012807D084F89424206807F0CFFB280701
:1043100002D007E0022070BDA17904F29C4220681F
:1043200007F06EFB84F89464002070BD10B501F0B6
:104330000F0404EBC40100EB81011431CA600B616E
:1043400000234B6101234B700C708379012B00D14A
:10435000CA618279006807F0D5FB002010BD2DE905
:10436000F84F04462568284607F09CFD00287ED1BA
:10437000206807F0C3FD002879D0D5F80808C0F3FD
:104380000D20C4F8D404206807F0B8FD800704D5D8
:104390002068416901F002014161206807F0AEFD2B
:1043A000C10604F29C40009035D52068816921F057
:1043B000100181612F6A07F00F0000EBC00004EBD1
:1043C000800606F51576C7F34340022802D006287A
:1043D00012D01BE047F6F070074217D0C7F30A125D
:1043E000F1681746284607F08DFDF0683844F06004
:1043F00070693844706109E000990822284607F086
:1044000081FD7069C7F30A110844706120688169F1
:1044100041F010018161206807F070FD00034FF04A
:10442000080B4FF000094FF001085ED50026206808
:1044300007F043FD824655E05FEACA704FD020681E
:10444000F1B207F053FD0746F80707D005EB461019
:10445000C0F8088B3146204604F040F8380709D5EB
:1044600005EB4610C0F808BB3146204600E015E2D7
:1044700004F010F8F80604D505EB46111020C1F839
:10448000080BB8071CD56869000605D5D5F80408DF
:1044900040F48061C5F8041806EBC60004EB800008
:1044A00000F51570C178012905D180F803902046E8
:1044B000F1B200F0F9F905EB46100221C0F8081B33
:1044C000B80604D505EB46102021C0F8081BB80437
:1044D00005D505EB46104FF40051C0F8081B761CBB
:1044E0004FEA5A0ABAF1000FA6D1206807F006FD7C
:1044F00040036CD5206807F0D9FC8246002663E0B3
:104500005FEACA705DD02068F1B207F0DDFC0746B3
:10451000F80723D006F00F0108FA01F0D5F8341897
:104520008143C5F8341805EB4610C0F80889A07916
:1045300001280FD106EBC60004EB8000D0E907216B
:104540001144016236B9606A20B920680121009ADD
:1045500007F056FA2046F1B2FFF7EAFD380703D517
:1045600005EB4610C0F808B9F80604D505EB46116E
:104570001020C1F80809780604D505EB4610402143
:10458000C0F80819B80716D53146284607F058FC78
:1045900006EBC60004EB80001430C178012905D178
:1045A00080F803902046F1B200F07AF905EB46114D
:1045B0000220C1F80809380603D53146204603F029
:1045C000FFFF761C4FEA5A0ABAF1000F98D1206813
:1045D00007F094FC002811DAD5F8040820F0010156
:1045E000C5F8041894F8CC04012839D0204600F00E
:1045F00032FA2068416901F000414161206807F00A
:104600007DFC00050BD5D5F80808C00702D0204670
:1046100000F064FA2068416901F40061416120689A
:1046200007F06CFC00010AD52068416901F00061C7
:10463000416194F8CC04D0B1204600F04FFA2068D4
:1046400007F05CFCC0046ED5D5F8040820F0010129
:10465000C5F804182068102107F0F2FB00212DE0B6
:1046600084F8CC9400212046FFF738FDC1E784F898
:10467000CC842068406DC0F38300C4F8D0040121CD
:104680002046FFF72BFDDAE705EB41104FF67F32AE
:1046900000F510608260036823F400130360C0F823
:1046A0000822D0F8002222F40012C0F80022D0F82C
:1046B000002242F00062C0F80022491C20798842A2
:1046C000E2D8D5F81C0840F00111C5F81C18E07BB1
:1046D00060B1D5F8840840F00B01C5F88418D5F80E
:1046E000440840F00B01C5F844180CE0D5F8140854
:1046F00042F22B010843C5F81408D5F8100840F021
:104700000B01C5F81018D5F8000820F4FE61C5F8B3
:104710000018A1792068009A07F072F920684169B1
:1047200001F480514161206807F0E8FB800415D551
:10473000206806F0ABFF206807F0A4FBE07101F0F1
:104740002BFAE2790146206807F042FC204600F08F
:104750006BF92068416901F400514161206807F05C
:10476000CDFB000707D5204600F079F920684169A4
:1047700001F008014161206807F0C0FB000615D573
:10478000A86920F08001A96101260CE006EBC600B3
:1047900004EB800090F85702012803D12046F1B2C3
:1047A000FFF7DDFC761C2079B042EFD8206807F0D7
:1047B000A5FBC0021FD5012615E005EB4610D0F879
:1047C000001906EBC60004EB8000027E012A09D125
:1047D000002907DA80F81780F0B240F08001204607
:1047E000FFF7BDFC761C2079B042E6D8206841690D
:1047F00001F480114161206807F080FB800230D510
:10480000012026E005EB4011D1F8001B00EBC002AF
:1048100004EB820292F85832012B19D1002917DAE1
:1048200094F8D43401F4803103F0010399420FD19C
:1048300082F85782A96941F08002AA616969090674
:1048400006D4D5F8040840F40070C5F8040803E065
:10485000401C21798142D5D82068416901F40011BA
:104860004161206807F04AFB400007D52046FFF76A
:104870005BFC2068416901F080414161206807F0DC
:104880003DFB40070AD520684568680702D52046E9
:10489000FFF761FC2068416829434160BDE8F88F5B
:1048A000D0F8E00406F03DBBD0F8E00406F04EBBC3
:1048B000F8B50446002C04D094F89504002510B1F6
:1048C00006E00120F8BD84F89454204600F05CF81E
:1048D000032084F89504206807F08CF8207C8DF87C
:1048E000000094E80F0006F0DFFE022618B184F8FD
:1048F00095640120F8BD2068002107F022FB18B163
:1049000084F895640120F8BD002101270CE001EB3B
:10491000C10004EB800047750175C1850576C5614E
:1049200005624562491CC9B220798842EFD800214E
:104930000DE001EBC10004EB800000F5157045703F
:10494000017005718560C5600561491CC9B2207997
:104950008842EED8207C8DF8000094E80F0006F025
:1049600093FF18B184F895640120F8BD657484F84C
:104970009574207B012802D12046FFF79BFB20681D
:1049800006F074FF0020F8BD10B5B8B0044614213D
:1049900032A8FBF75FFEC02102A8FBF75BFE1F49B0
:1049A0002068884238D100204FF48021CDE90210E0
:1049B0004FF44010249002A800F0AEFA08B1FCF7C2
:1049C0005CFE00F0CFF81648016841F0010101607B
:1049D000006800F0010001904FF4C05032900220B6
:1049E00033900020349035900A20369032A90D483B
:1049F000FFF760F90A480838016841F0006101607A
:104A0000006800F000600190002205216520FFF79A
:104A10001FFB6520FFF70EFB38B010BD00000840FB
:104A2000E04402580000025870B504460125E079C0
:104A300000280ED0022801D0FCF71FFED4F8E004B5
:104A4000294606F0F4FAD4F8E004BDE8704006F018
:104A5000A7BA0025F2E7D0F8E00406F0D1BAD0F802
:104A6000E00406F0D7BA10B5044694F8940401287F
:104A70000AD0012084F894046174206807F091FA48
:104A8000002084F8940410BD022010BDD0F8E0246A
:104A900000F29C41104606F0D6BA10B504462068D4
:104AA00094F89414012909D0012184F89414C16860
:104AB000490609D5617B012902D005E0022010BD1D
:104AC000816B41F480318163206807F093F920689D
:104AD00006F0BEFE002084F8940410BD10B5044614
:104AE000D4F8E00406F0F1FA2068D0F8001E41F096
:104AF0000101C0F8001EE07A002804D002480168D5
:104B000041F00601016010BD10ED00E070B51449E0
:104B10000A68D243520708D5096801F007018142AB
:104B200001D0012070BD002070BD0A6822F007028C
:104B300002430A60FFF7D6F90446094D4FF47A762E
:104B4000083D06E0FFF7CEF9001BB04201D9012075
:104B500070BD2868C0438004F4D4002070BD0000FC
:104B60000C4802580248016841F0807101607047AA
:104B70000C48025810B501F00FF805490968054ABC
:104B8000C1F30211515C01F01F01C84010BD0000CB
:104B90002044025804DA000810B569490A6802F096
:104BA00003020968C1F30531654B1B1D1B68C3F384
:104BB0000013634C14342468C4F3CC0414FB03F3D3
:104BC00000EE103AB8EE400A002971D09FED5D1A50
:104BD0005B4BF7EE000A1033F2B39FED5B2A012A1C
:104BE0007FD0022A7CD001EE901A1968F8EE611A83
:104BF000C2EE212AC1F3080101EE901AF8EE611A03
:104C000040EE011A31EEA00A22EE800A1968C1F3C3
:104C1000462101EE101AB8EE411A31EE201AC0EE0C
:104C2000011ABCEEE11A80ED001A1968C1F30641C1
:104C300001EE101AB8EE411A31EE201AC0EE011A38
:104C4000BCEEE11A80ED011A1968C1F3066101EEAC
:104C5000101AB8EE411A00E008E071EE200A80EE6A
:104C6000201ABCEEC10A80ED020A10BD344A283A6F
:104C70001468A4061ED51268C2F3C104334AE24088
:104C800001EE902AF8EE612A01EE901A1968F8EE0A
:104C9000611A82EEA12AC1F3080101EE901AF8EE22
:104CA000611A40EE011A31EEA00A22EE000AADE7C9
:104CB00041E016E001EE901ADFED252A1968F8EEC2
:104CC000611A82EEA12AC1F3080101EE901AF8EEF2
:104CD000611A40EE011A31EEA00A22EE000A95E7B1
:104CE00013E001EE901A1968F8EE611AC2EE212A5B
:104CF000C1F3080101EE901AF8EE611A40EE011AB4
:104D000031EEA00A22EE800A80E701EE901ADFED74
:104D1000112A1968F8EE611A82EEA12AC1F308017E
:104D200001EE901AF8EE611A40EE011A31EEA00A77
:104D300022EE000A6AE7002101604160816010BD37
:104D400028440258000000390024744A0090D0031F
:104D50000024744C001B374B10B569490A6802F0F7
:104D600003020968C1F30551654B1B1D1B68C3F3A2
:104D70000023634C1C342468C4F3CC0414FB03F3F9
:104D800000EE103AB8EE400A002971D09FED5D1A8E
:104D90005B4BF7EE000A1833F2B39FED5B2A012A52
:104DA0007FD0022A7CD001EE901A1968F8EE611AC1
:104DB000C2EE212AC1F3080101EE901AF8EE611A41
:104DC00040EE011A31EEA00A22EE800A1968C1F302
:104DD000462101EE101AB8EE411A31EE201AC0EE4B
:104DE000011ABCEEE11A80ED001A1968C1F3064100
:104DF00001EE101AB8EE411A31EE201AC0EE011A77
:104E0000BCEEE11A80ED011A1968C1F3066101EEEA
:104E1000101AB8EE411A00E008E071EE200A80EEA8
:104E2000201ABCEEC10A80ED020A10BD344A283AAD
:104E30001468A4061ED51268C2F3C104334AE240C6
:104E400001EE902AF8EE612A01EE901A1968F8EE48
:104E5000611A82EEA12AC1F3080101EE901AF8EE60
:104E6000611A40EE011A31EEA00A22EE000AADE707
:104E700041E016E001EE901ADFED252A1968F8EE00
:104E8000611A82EEA12AC1F3080101EE901AF8EE30
:104E9000611A40EE011A31EEA00A22EE000A95E7EF
:104EA00013E001EE901A1968F8EE611AC2EE212A99
:104EB000C1F3080101EE901AF8EE611A40EE011AF2
:104EC00031EEA00A22EE800A80E701EE901ADFEDB3
:104ED000112A1968F8EE611A82EEA12AC1F30801BD
:104EE00001EE901AF8EE611A40EE011A31EEA00AB6
:104EF00022EE000A6AE7002101604160816010BD76
:104F000028440258000000390024744A0090D0035D
:104F10000024744C001B374B2DE9FC5F0446002530
:104F20000026F94F2068DFF8E483C043010104F153
:104F30000800019004F1280000900DD4A06EB8B1D3
:104F4000B0F5801F19D0B0F5001F1CD0B0F5401F80
:104F500000D00125EDB12E462088C043C00535D4D0
:104F6000A06D05282FD2DFE800F01D22282F2F008A
:104F7000386840F400303860ECE70198022103F013
:104F80007DFD0546E6E70098022103F009FE05468F
:104F9000E0E7D8F80000A16E20F440100843C8F8FC
:104FA0000000D9E7386840F4003038600CE0019820
:104FB000002103F063FD054606E00098002103F0A0
:104FC000EFFD054600E0012565B12E462088C0436F
:104FD000800518D4E06D802831D00CDC20B3402847
:104FE0000ED126E0D8F80000A16D20F0070008439C
:104FF000C8F80000EAE7C02803D0B0F5807F00D0F1
:10500000012515B32E462088DFF80493C0434005E0
:105010002DD4D4F8A800B0F5800F43D01EDCA8B37F
:10502000B0F5001F20D137E0386840F40030386018
:10503000E7E70198002103F021FD0546E1E700982C
:10504000002103F0ADFD0546DBE7D8F80000E16D77
:1050500020F4E0700843C8F80000D4E7B0F5C00FB2
:1050600003D0B0F5000F00D001250DB32E462088E7
:10507000C04300052FD4D4F8AC00B0F1007F54D069
:1050800020DCE8B3B0F1807F22D148E0FFE7386848
:1050900040F400303860E8E70198002103F0EEFCAE
:1050A0000546E2E70098002103F07AFD0546DCE7BB
:1050B000D9F80000D4F8A81020F460000843C9F81B
:1050C0000000D4E7B0F1407F03D0B0F1806F00D092
:1050D000012585B32E462068C04380010AD4E06CC8
:1050E00030B1102832D0202836D0302800D0012509
:1050F0008DB32E462088C043C00446D4206E00E005
:1051000008E0B0F5005F5CD036DCA0B3B0F5805F9E
:1051100038D150E0386840F400303860D9E7019861
:10512000002103F0ABFC0546D3E70098002103F013
:1051300037FD0546CDE7FFE7D9F80000D4F8AC10FD
:1051400020F0E0600843C9F80000C4E7386840F484
:1051500000303860CCE705E00198022103F08EFCB6
:105160000546C5E76948001F0168E26C21F030017F
:1051700011430160BEE719E0B0F5405F03D0B0F520
:10518000804F00D0012515B32E462088C0438004EF
:105190002FD4606EB0F5403F29D021DC38B3B0F594
:1051A000803F38D0B0F5003F20D13AE0386840F475
:1051B00000303860E7E70198002103F05FFC054606
:1051C000E1E70098002103F0EBFC0546DBE7D8F8A7
:1051D0000000216E20F4E0400843C8F80000D4E746
:1051E000B0F5802F03D0B0F5A02F00D00125F5B188
:1051F0002E462088C04340042BD4D4F8B000B0F130
:10520000405F24D01CDC10B3B0F1805F4ED0B0F111
:10521000005F1BD151E00198012103F02FFC0546EE
:10522000E5E70098012103F0BBFC0546DFE7D8F86D
:105230000000616E20F4E0200843C8F80000D8E7C1
:10524000B0F1804F03D0B0F1A04F00D001259DB345
:105250002E462088C04300040AD4206F30B1B0F13C
:10526000805F3CD0B0F1005F3ED00125ADB32E464B
:105270002068C043C0010AD4A06C30B101284DD0D1
:10528000022850D0032800D001253DB32E462068C7
:10529000DFF880B0C043400261D41F48016841F488
:1052A00080710160FEF71EFE824652E001980121E6
:1052B00003F0E4FB0546CAE705E00098012103F08E
:1052C0006FFC0546C3E7D9F80000D4F8B01020F011
:1052D000E0400843C9F80000BBE70BE029E038686C
:1052E00040F400303860C1E70198012103F0C6FBAB
:1052F0000546BBE7D8F80000216F20F04050084376
:10530000C8F80000B4E700002C440258504402588A
:10531000584402581044025800480258386840F473
:1053200000303860B1E70198022103F0A7FB054681
:10533000ABE7FE480168A26C21F003011143016054
:10534000A5E7FEF7CFFDA0EB0A00642801D90325ED
:1053500003E0F7480068C005F3D53DB12E4620783C
:10536000DFF8D0A3C043C00755D065E0F1481C303A
:105370000068B4F8B41000F4407001F44071884241
:105380000DD0EC481C30016821F44071026842F4F1
:1053900080320260026822F4803202600160D4F838
:1053A000B400B0F5807F12D1FEF79CFD824609E083
:1053B000FEF798FDA0EB0A0141F28830814201D945
:1053C000032504E0DB481C3000688007F0D50DB1F0
:1053D0002E46C4E7D4F8B400C0F3012103290FD04E
:1053E000DBF8000020F47C50CBF80000D1481C30E2
:1053F0000168B4F8B420C2F30B0211430160AEE7B8
:10540000DBF80010CC4A21F47C51104041EA101026
:10541000CBF80000EAE7E06F18280BD005DC48B1B4
:10542000082815D0102804D118E0202802D02828F8
:1054300000D00125C5B12E462078C04380072BD46B
:10544000A06F062825D2DFE800F025181E252525A7
:105450000198012103F012FB0546EBE700980121BA
:1054600003F09EFB0546E5E7DAF80000E16F20F067
:1054700038000843CAF80000DEE70198012103F074
:10548000FDFA054606E00098012103F089FB054678
:1054900000E001256DB12E462078C043400720D49E
:1054A000D4F89400062819D2DFE800F0190C12197C
:1054B0001919DAF80000A16F20F007000843CAF8B4
:1054C0000000E9E70198012103F0D8FA054606E05B
:1054D0000098012103F064FB054600E0012595B129
:1054E0002E462078C043800620D4D4F89000B0F136
:1054F000405F19D011DCB8B1B0F1805F28D0B0F1B5
:10550000005F10D12AE0D9F80000D4F8941020F000
:1055100007000843C9F80000E3E7B0F1804F03D06B
:10552000B0F1A04F00D00125F5B12E462078C04340
:1055300040062CD4D4F89C00B0F5406F25D01DDC7B
:1055400018B3B0F5806F34D0B0F5006F1CD136E0E1
:105550000198002103F092FA0546E5E70098022140
:1055600003F01EFB0546DFE7DAF80000D4F89010E0
:1055700020F0E0400843CAF80000D7E7B0F5805FAC
:1055800003D0B0F5A05F00D00125F5B12E462078FC
:10559000C04300062CD4D4F8A000B0F5C04F25D0ED
:1055A0001DDC18B3B0F5005F2CD0B0F5804F1CD1D6
:1055B0002EE00198002103F061FA0546E5E7009826
:1055C000022103F0EDFA0546DFE7D9F80000D4F830
:1055D0009C1020F4E0500843C9F80000D7E7B0F56C
:1055E000004F03D0B0F5204F00D00125B5B12E46B5
:1055F0002078C04300072AD4D4F88400B0F5805F37
:1056000016D01BE00198002103F038FA0546EDE7BB
:105610000098022103F0C4FA0546E7E7D9F8000034
:10562000D4F8A01020F460400843C9F80000DFE778
:105630000098022103F0B4FA00B10126DAF8000064
:10564000D4F8841020F440500843CAF800002078B1
:10565000C043C00613D4D4F89800B0F5807F05D1BC
:105660000098022103F09CFA00B10126D9F800004D
:10567000D4F8981020F440700843C9F8000020685E
:10568000C04300030BD4D4F8A400E8B3B0F5803FC6
:105690007DD0B0F5003F00D00125B5B32E4620687F
:1056A000C04340030DD4D4F88800B0F5801F70D0FB
:1056B000B0F5001F6ED0B0F5401F00D00125EDB34E
:1056C0002E462068C043C00307D4206DB8B3B0F5A0
:1056D000803F7CD001259DB32E462068C0438000CA
:1056E00005D40098022103F05BFA00B1012620687E
:1056F000C043800311D4D4F8800060B1B0F5807F3E
:1057000066D0B0F5007F01E070E07BE003D0B0F53B
:10571000407F00D00125DDB32E462068C043C00283
:1057200013D4D8F8000020F000400AE04C4402589E
:105730000048025854440258FFFCFF0F77E080E015
:105740008AE0616F0843C8F800002068C043C000C9
:1057500008D4DBF80000D4F8B81020F480400843E7
:10576000CBF800002068C043800207D4D8F80000BE
:10577000E16E20F080700843C8F800002068C04344
:10578000400011D4DBF8000020F4004003E033E0D7
:105790006FE041E045E0CBF80000DBF80000D4F812
:1057A000BC100843CBF800002068C04306D45A4818
:1057B0000168626D21F04051114301602068C043CF
:1057C00000020BD4DAF8000020F4400001E03DE0D4
:1057D0004AE0D4F88C100843CAF80000207900256C
:1057E000C04300F0010028434DD052E00198002151
:1057F00003F044F9054650E70098022103F0D0F980
:1058000005464AE7D9F80000D4F8A41020F4403047
:105810000843C9F8000042E7386840F400303860B7
:105820004DE70098012103F0BBF9054647E7DAF898
:105830000000D4F8881020F440100843CAF8000093
:105840003FE7386840F40030386044E701980221AF
:1058500003F014F905463EE72F480168226D21F454
:1058600080311143016038E7386840F40030386017
:1058700051E7DAF80000D4F8801020F440700843B3
:10588000CAF8000049E70198002103F0F7F800B1D9
:1058900006462079C04300F00200284305D1019854
:1058A000012103F0EBF800B106462079C04300F077
:1058B0000400284305D10198022103F0DFF800B16C
:1058C00006462079C04300F00800284305D100981F
:1058D000002103F065F900B106462079C04300F0CD
:1058E0001000284305D10098012103F059F900B1B7
:1058F00006462079C04300F02000054305D10098FA
:10590000022103F04DF900B1064616B10120BDE8B1
:10591000FC9F0020FBE700004C4402582DE9F05F9B
:1059200004460D46002C17D0DFF84C82D8F8000052
:1059300000F00F00A84211D2D8F8000020F00F00AC
:105940002843C8F80000D8F8000000F00F00A84273
:1059500004D00120BDE8F09F0120FBE72078874EAE
:1059600040070AD52069316801F07001884204D9E6
:10597000316821F07001014331602078804F0007C9
:105980000AD56069396801F07001884204D9396824
:1059900021F07001014339602078C0060AD5A06962
:1059A000396801F4E061884204D9396821F4E06182
:1059B000014339602078DFF8CC9180060DD5E0698D
:1059C000D9F8001001F07001884206D9D9F800100A
:1059D00021F070010143C9F80010207880070AD532
:1059E000E068316801F00F01884204D9316821F084
:1059F0000F01014331602078C00743D03068A168AF
:105A000020F47060084330605C49606818390228EF
:105A100008D003280BD001280ED00968490710D4FC
:105A2000012097E7096889030BD4012092E70968F0
:105A3000890106D401208DE70968C90501D4012038
:105A400088E7DFF838A1AAF1080ADAF8001021F097
:105A500007010143CAF80010FEF744FA834609E043
:105A6000FEF740FAA0EB0B0141F28830814201D9E8
:105A700003206FE7DAF80000616800F03800B0EB4F
:105A8000C10FEDD1207880070AD5E068316801F0B8
:105A90000F01884204D2316821F00F0101433160C7
:105AA000D8F8000000F00F00A8420ED9D8F8000086
:105AB00020F00F002843C8F80000D8F8000000F0DC
:105AC0000F00A84201D0012044E7207840070AD502
:105AD0002069316801F07001884204D2316821F0F8
:105AE000700101433160207800070AD56069396888
:105AF00001F07001884204D2396821F0700101433D
:105B000039602078C0060AD5A069396801F4E061DF
:105B1000884204D2396821F4E06101433960207879
:105B200080060DD5E069D9F8001001F070018842B7
:105B300006D2D9F8001021F070010143C9F8001015
:105B400000F070F83168C1F303220F498A5C02F05B
:105B50001F02D040326802F00F02895C0B4A01F04C
:105B60001F0120FA01F11160094908600948006825
:105B7000BDE8F05FFEF726BA002000521844025834
:105B80001C4402582044025804DA0008480000244B
:105B9000440000243C00002400B500F043F80B4909
:105BA0000A68C2F303230A4AD35C03F01F03D840F8
:105BB000096801F00F01515C064A01F01F0120FA4B
:105BC00001F11160044A1060084600BD18440258F3
:105BD00004DA0008480000244400002400B5FFF760
:105BE000DBFF05490968054AC1F30211515C01F068
:105BF0001F01C84000BD00001C44025804DA000820
:105C000000B5FFF7C9FF05490968054AC1F302213C
:105C1000515C01F01F01C84000BD00001C44025847
:105C200004DA000830B564480068654C10F03801AB
:105C3000624808D0021108290DD010290DD018296A
:105C40000DD0104630BD21688906FBD52168C1F30F
:105C5000C101C84030BD104630BD5A4830BD56491C
:105C600018310A6802F003020968C1F30511524BAA
:105C70001C331B6803F001034F4D24352D68C5F319
:105C8000CC0515FB03F300EE103AB8EE400A0029EC
:105C900077D0DFED4D0A484BB7EE001A20333AB308
:105CA0009FED4A2A012A58D0022A6CD001EE901AA0
:105CB0001868F8EE611AC2EE212AC0F3080001EE5E
:105CC000900AF8EE611A40EE201A31EE810A22EEB7
:105CD000800A1868C0F34620401C00EE900AF8EED7
:105CE000600A80EE201ABCEEC10A10EE100A30BD28
:105CF000226892061BD52268C2F3C102D04001EE91
:105D0000900A1868F8EE612A01EE901AF8EE611A0E
:105D100082EEA12AC0F3080001EE900AF8EE611AA3
:105D200040EE201A31EE810A22EE000AD1E701EEA0
:105D3000901ADFED272A1868F8EE611A82EEA12A80
:105D4000C0F3080001EE900AF8EE611A40EE201A46
:105D500031EE810A22EE000ABBE701EE901A1868C4
:105D6000F8EE611AC2EE212AC0F3080001EE900A93
:105D7000F8EE611A40EE201A31EE810A22EE800A16
:105D8000A7E716E0FFE701EE901ADFED122A186888
:105D9000F8EE611A82EEA12AC0F3080001EE900A23
:105DA000F8EE611A40EE201A31EE810A22EE000A66
:105DB0008FE7002030BD0000104402580090D0034F
:105DC00000440258001BB700000000390024744A48
:105DD0000024744C001B374B2DE9F05F0446002C67
:105DE00010D02078DFF8F883FE4EFF4DC0075DD05D
:105DF000D8F8000000F03800316810281FD01828AB
:105E000003D006E00120BDE8F09F01F00300022866
:105E100015D06068B0F5803F18D0E0B1B0F5A02F84
:105E200022D0286820F480302860286820F4802060
:105E30002860606860B3FEF755F8074624E02868DC
:105E4000800333D5606810BB0120DCE7286840F48C
:105E500080302860EDE7286820F4803028602868CA
:105E600020F480202860E4E7286840F4802028603F
:105E7000286840F480302860DBE7FEF733F8C01B69
:105E8000642801D90320BEE728688003F5D50DE01A
:105E9000FEF728F8074606E0FEF724F8C01B642842
:105EA00001D90320AFE728688003F5D4207841F2B8
:105EB000030ACE4F80073DD5D8F8000000F0380027
:105EC000316870B1182801D188070AD0E06890B312
:105ED000296821F0190101432960FEF703F8814682
:105EE00041E02868400701D5E06848B12868E168CA
:105EF00020F0190008432860FDF7F4FF814609E00F
:105F0000012080E7FDF7EEFFA0EB0900022801D990
:105F1000032078E728684007F4D5FDF7DDFF5045FA
:105F200011D82069402807D0396821F47C3141EA32
:105F3000003038604AE036E0386820F47C3040F4C5
:105F40000030386042E03868217C20F0FE4040EAB2
:105F5000016038603AE0FDF7C5FFA0EB09000228B8
:105F600001D903204FE728684007F4D5FDF7B4FFB7
:105F7000504510D82069402806D0396821F47C317A
:105F800041EA0030386021E0386820F47C3040F489
:105F9000003038601AE03868217C20F0FE4040EA8A
:105FA0000160386012E0286820F001002860FDF7E9
:105FB00099FF814607E0FDF795FFA0EB0900022855
:105FC00001D903201FE728684007F4D42078C006D1
:105FD0002FD5D8F8000000F038003168DFF800B2A3
:105FE0000828ABF1040B0FD0182803D101F00300EF
:105FF000012809D0E06978B3286840F08000286063
:10600000FDF770FF814630E02868C00504D5E069DF
:10601000802801D00120F6E6FDF75EFF504510D83C
:10602000206A202806D0396821F0F84141EA8060D2
:1060300038604FE0386820F0F84040F08040386029
:1060400048E0DBF8000094F8201020F07C5040EA93
:106050000160CBF800003DE02AE0FDF743FFA0EB34
:106060000900022801D90320CDE62868C005F4D52F
:10607000FDF732FF504510D8206A202806D0396835
:1060800021F0F84141EA8060386023E0386820F070
:10609000F84040F0804038601CE0DBF8000094F8E5
:1060A000201020F07C5040EA0160CBF8000011E0A5
:1060B000286820F080002860FDF714FF074606E0FE
:1060C000FDF710FFC01B022801D903209BE62868BA
:1060D000C005F5D42078000730D5DFF80891606955
:1060E00009F14C09A8B1D9F8000040F00100C9F845
:1060F0000000FDF7F7FE074606E0FDF7F3FEC01BC4
:10610000022801D903207EE6D9F800008007F4D5E3
:1061100014E0D9F8000020F00100C9F80000FDF7F4
:10612000E1FE074606E0FDF7DDFEC01B022801D9AF
:10613000032068E6D9F800008007F4D420788006B0
:1061400026D5A06990B1286840F480502860FDF7FA
:10615000C9FE074606E0FDF7C5FEC01B022801D9AF
:10616000032050E628688004F5D511E0286820F463
:1061700080502860FDF7B6FE074606E0FDF7B2FE48
:10618000C01B022801D903203DE628688004F5D40D
:106190002078400768D5164F386840F48070386022
:1061A000FDF7A0FE814607E0FDF79CFEA0EB09008D
:1061B000642801D9032026E63868C005F4D5094FC4
:1061C000A068483701281DD008B3052828D03868B2
:1061D00020F001003860386820F00400386009E0E1
:1061E00010440258284402580044025804440258FB
:1061F00000480258A06841F2883A30B3FDF772FEB9
:1062000081461EE0386840F001003860E7E73868F2
:1062100020F001003860386820F004003860DEE7C4
:10622000386840F004003860386840F00100386099
:10623000D5E7FDF757FEA0EB0900504501D9032033
:10624000E1E538688007F4D50EE0FDF74BFE8146A6
:1062500007E0FDF747FEA0EB0900504501D90320F8
:10626000D1E538688007F4D4616AE1B3D8F800005A
:106270004FF6F87BDFF8E0A1C0F3C20003280AF173
:106280000409AAF104087DD0022907D0286820F06B
:1062900080702860FDF726FE04468BE0286820F019
:1062A00080702860FDF71EFE074606E0FDF71AFE27
:1062B000C01B022801D90320A5E528688001F5D478
:1062C000306840F2F3318843E16A40EA0110A16A84
:1062D00008433060208E4FF6FF72616B401E491EEE
:1062E000C0F3080000E0B5E002EA41210843218F35
:1062F0004FF4FE02491E02EA0141084394F83C10A3
:10630000491E120202EA01610843CAF80000D8F8E7
:10631000000020F00100C8F80000D9F80000A16CCE
:1063200020EA0B0040EAC100C9F80000D8F80000DC
:10633000216C20F00C000843C8F80000D8F80000D9
:10634000616C20F002000843C8F80000D8F8000093
:1063500040F48030C8F80000D8F8000040F4003065
:10636000C8F80000D8F8000040F48020C8F8000009
:10637000D8F8000040F00100C8F80000286840F09C
:10638000807000E01AE02860FDF7ACFD044606E0EE
:10639000FDF7A8FD001B022801D9032033E528687A
:1063A0008001F5D556E0FDF79DFD001B022801D9BF
:1063B000032028E528688001F5D44BE03268DAF83C
:1063C0000000012921D0A36A02F0030199421CD1E7
:1063D000E16AC2F30512914217D1216BC0F30802A2
:1063E000491E8A4211D1616BC0F34622491E914277
:1063F0000BD1A16BC0F30642491E914205D1E16B5E
:10640000C0F30660491E814201D00120FBE4D9F8A7
:106410000000C0F3CC00A16C81421BD0D8F8000072
:1064200020F00100C8F80000FDF75CFD0546FDF70F
:1064300059FDA842FBD0D9F80000A16C20EA0B005E
:1064400040EAC100C9F80000D8F8000040F001009F
:10645000C8F800000020D6E43044025810B50446C5
:106460000120002C47D094F8210028B9002084F89E
:106470002000204600F042F8022084F82100206825
:10648000C168C943C90630D5CA2141622168532079
:106490004862204602F021FCB0B920688168164AA3
:1064A00011408160206881686268A3691143226994
:1064B0001A43114381602189E06840EA0140216864
:1064C0000861204602F02CFC58B92168CA6C22F001
:1064D0000302CA64E26961690A432168CB6C1A430A
:1064E000CA642268FF21516200E00020002802D126
:1064F000012184F8211010BDBFFF8FFF10B5B0B08F
:106500000446C0216846FAF7A5F80B482168814285
:1065100010D101020020CDE9001048132D906846EB
:10652000FEF7FAFC08B1FBF7A8F80448016841F44B
:106530000041016030B010BD004000587044025866
:1065400070B504460B4694F82000012807D00126B8
:1065500084F82060022084F8210012B108E00220B3
:1065600070BD5878C10603D500F0EF000A305870AE
:10657000A2B1D978987840EA014558781978000294
:1065800040EA413005432168CA204862532021680F
:106590004862204602F0A1FB88B117E0D87802F0EB
:1065A00091FB0204587802F08DFB42EA00229878B1
:1065B00002F088FB0243187842EA4035E3E70848D6
:1065C000054020684560204602F0AAFB2268FF21B2
:1065D000516208B984F82160002184F8201070BD50
:1065E0003FFFFF002DE9F04104460D46904694F828
:1065F0002000012811D0012784F82070022084F89F
:1066000021002168CA204862532021684862204640
:1066100002F063FB002618B127E00220BDE8F081FC
:10662000B8F1000F26D020688068400600D4EE70D4
:106630002978A878EA7840EA01406978090241EAB5
:106640008251084319490840216808602068816820
:1066500021F480218160D5E903100143206882681C
:1066600011438160204602F05BFB2268FF215162EA
:10667000B0B117E020688068400600D4EE7028783A
:1066800002F020FB0204687802F01CFB42EA0022C0
:10669000A87802F017FB0243E87842EA8050D1E77D
:1066A00084F8217084F82060B8E700007F7F7F00C5
:1066B00070B505460A482968C860FDF713FC044612
:1066C0004FF47A7606E0FDF70DFC001BB04201D9CD
:1066D000032070BD2868C0688006F4D5002070BD16
:1066E0005FFF030010B5401EB0F1807F01D3012091
:1066F00010BD4FF0E02460610F21601705F077FDB9
:106700000020A06107202061002010BD30B590F866
:106710003C20012A3AD0012280F83C20CA6800249B
:106720008B6822F440721A434B6822F480621A4349
:106730000B6822F400621A430B6922F480521A4358
:106740004B6922F400521A438B6A22F480421A43A6
:106750000B8B22F4702242EA03420D4D0368AB42D8
:1067600002D00C4DAB420CD18D8C22F4700242EA67
:106770000552CD6922F080722A43096A22F0007224
:106780000A435A6480F83C40002030BD022030BDEE
:106790000000014000040140F0B590F83C20012ABF
:1067A0003AD0012680F83C60022280F83D20036840
:1067B0005A689C68194FDFF868C0BB4201D0634536
:1067C00003D122F470054A682A4322F070020D6852
:1067D00015435D600268BA4213D0B2F1804F10D009
:1067E000104B9A420DD0104B9A420AD00F4B9A424E
:1067F00007D0624505D00E4B9A4202D00D4B9A420B
:1068000004D124F080038968194391603C304670BC
:10681000002101700020F0BD0220F0BD0000014009
:10682000000401400004004000080040000C00404B
:10683000001800400040014010B50446002C03D071
:1068400094F83D0010B107E0012010BD002084F84D
:106850003C00204600F018F8022084F83D00206833
:10686000211D02F0DDFD01203D34E0726070A0705A
:10687000E07020716071A071E07120726072A0728E
:106880002070002010BD000008B500680D49884246
:1068900009D10D48016841F001010160006800F074
:1068A0000100009008BDB0F1804FFBD106480838C8
:1068B000016841F001010160006800F001000090F2
:1068C00008BD000000000140F044025870B50446C5
:1068D000002594F83C00012815D0012684F83C607E
:1068E000022084F83D0020688268394B1A4022F467
:1068F0007F4282600868702802462ED010DC10F0BB
:106900000F0F03D022E04FF0020070BD4FEA2010BD
:1069100007281BD2DFE800F0575757574D3943007F
:10692000B0F1101F4FD009DCB0F5805F0FD0B0F58B
:10693000005F1ED0B0F5801F08D144E0A0F58010A4
:10694000203840D010283ED020283CD001253C34AF
:10695000667000202070284670BDCB682068D1E9A1
:10696000012102F0C5FD2068816841F07701816056
:10697000EDE7CB682068D1E9012102F0B9FD20687C
:10698000816841F480418160E1E7CA684968206814
:1069900002F050FF2068502102F0B4FDD7E7CA682A
:1069A0004968206802F057FF2068602102F0AAFDC4
:1069B000CDE7CA684968206802F03CFF20684021A2
:1069C00002F0A0FDC3E72068114602F09BFDBEE780
:1069D00088FFCEFF70B586B00446142101A8F9F7F0
:1069E00039FE234A022621680024224801259142CB
:1069F00014D1016841F010010160006800F010003E
:106A000000904FF428500190029603940494059549
:106A100001A91948FDF74EF906B070BDB1F1804FDC
:106A2000FAD1016841F001010160016801F0010142
:106A30000091016841F002010160006800F002006D
:106A4000009003200190029603940494059501A9F7
:106A50000A48FDF72FF94FF48060019002960394E5
:106A60000494059501A90648FDF724F9D4E7000030
:106A700000000140E0440258001002580000025893
:106A80000004025870B50446002594F83C00012823
:106A90000BD0012084F83C000C2A1ED007DC82B108
:106AA000042A12D0082A06D113E0022070BD102A51
:106AB00017D0142A19D00125002084F83C0028465C
:106AC00070BD206802F028FDF6E7206802F074FD32
:106AD000F2E7206802F0BAFDEEE7206802F000FE5F
:106AE000EAE7206802F036FEE6E7206802F06AFE78
:106AF000E2E710B50446002C03D094F83D0010B135
:106B000007E0012010BD002084F83C00204600F082
:106B100017F8022084F83D002068211D02F080FC57
:106B200001203D34E0726070A070E07020716071EF
:106B3000A071E07120726072A0722070002010BD00
:106B4000704770B504460D46002694F83C000128B5
:106B50000BD0012084F83C000C2A4FD007DC82B116
:106B6000042A22D0082A06D134E0022070BD102A5F
:106B700059D0142A6BD00126002084F83C003046FE
:106B800070BD2068294602F0C7FC2068816941F089
:106B9000080181612068816921F004018161206818
:106BA00081692A6911438161E6E72068294602F07C
:106BB00003FD2068816941F4006181612068816979
:106BC00021F480618161206881692A6941EA02219A
:106BD0008161D1E72068294602F038FD2068C1694B
:106BE00041F00801C1612068C16921F00401C1615F
:106BF0002068C1692A691143C161BDE7206829463F
:106C000002F06EFD2068C16941F40061C161206835
:106C1000C16921F48061C1612068C1692A6941EAC2
:106C20000221C161A8E72068294602F093FD20688F
:106C3000416D41F0080141652068416D21F004017A
:106C400041652068416D2A691143416594E72068D8
:106C5000294602F0B7FD2068416D41F400614165AD
:106C60002068416D21F4806141652068416D2A6989
:106C700041EA022141657FE710B50446002C03D0AC
:106C800094F83D0010B107E0012010BD002084F809
:106C90003C00204600F017F8022084F83D002068F0
:106CA000211D02F0BDFB01203D34E0726070A07038
:106CB000E07020716071A071E07120726072A0724A
:106CC0002070002010BD704790F88410012918D062
:106CD000012180F884102421C0F8881001680A6816
:106CE0000B6823F001030B6022F000510022426682
:106CF000036819602021C0F8881080F884200020E3
:106D000070470220704710B50446D4F88C00202844
:106D100001D0022010BD51B14AB10120E06600202F
:106D20002067204603F0A8F9014611B105E00120D3
:106D300010BDE06E012802D00121084610BD226876
:106D400010201062206850E8002F42F0100240E846
:106D50000023002BF6D1F0E730B589B004461A487D
:106D600001252168814201D11848057018488142E7
:106D700015D11848192202A900F074FC1648002306
:106D800001AA02A9006806F06BFA019838B113490C
:106D90004FF080500860BFF34F8FBFF36F8F1049E3
:106DA000206888420ED10F497D220F48F9F7DBFB9E
:106DB0000E48057009B00B497D220D48BDE83040F2
:106DC000FFF7A1BF09B030BD0044004058010024C6
:106DD00000480040DC0800240C00002404ED00E022
:106DE000001001401E4C00249B4C00243201002462
:106DF000B4070024704770B5044694F88400012855
:106E00001DD0012084F884002420C4F88800206864
:106E10000568026822F0010202602068826822F0A0
:106E200060620A438260204602F028FD2068056007
:106E30002020C4F88800002084F8840070BD02205F
:106E400070BD70B5044694F8840001281DD001205F
:106E500084F884002420C4F888002068056802684B
:106E600022F0010202602068826822F060420A4338
:106E70008260204602F002FD206805602020C4F8F0
:106E80008800002084F8840070BD022070BD704727
:106E9000704770472DE9F04104462368D8691968A6
:106EA0009A6840F60F0500EA0507002F0ED1850607
:106EB0000CD501F0200502F08056354306D0616FF5
:106EC00000297DD02046BDE8F04108470025022674
:106ED000002F76D0CF4FDFF840C3174001EA0C0CEB
:106EE00057EA0C0C6DD05FEAC07C0CD05FEAC15C45
:106EF00009D54FF0010CC3F820C0D4F8903043F00E
:106F00000103C4F89030830709D5D30707D023685D
:106F10001E62D4F8903043F00403C4F89030430765
:106F20000AD5D30708D0266804233362D4F89030FA
:106F300043F00203C4F8903003070CD501F020039E
:106F40003B4308D0266808233362D4F8903043F0DE
:106F50000803C4F8903003050BD54B0109D526680A
:106F60004FF400633362D4F8903043F02003C4F848
:106F70009030D4F89030002B3CD0800609D501F039
:106F8000200002F08051084303D0616F09B1204610
:106F90008847D4F8900021688968490602D410F027
:106FA000280F2DD0204602F0CBFD206880684006D7
:106FB00022D52068083050E8001F21F0400101E090
:106FC00018E023E040E80012002AF2D1D4F8800053
:106FD00068B192490165D4F88000FBF745F80028B4
:106FE00008D0D4F88000016DBDE8F0410847204684
:106FF000FFF74FFFBDE8F0812046FFF74AFFF9E7B2
:107000002046FFF746FFC4F89050F3E7E76E012FE4
:107010007ED1C7067CD5CF067AD5102018622068AD
:1070200080684FF02003400673D5D4F880107C4A66
:10703000086890423AD07A4A1832904236D0784A5C
:107040003032904232D0764A483290422ED0744A42
:10705000603290422AD0724A7832904226D0704AEA
:107060009032904222D06E4AA83290421ED06D4A91
:1070700090421BD06B4A1832904217D0694A303286
:10708000904213D0674A483290420FD0654A60322E
:1070900090420BD0634A7832904207D0614A9032D6
:1070A000904203D05F4AA832904201D1406800E08C
:1070B000406880B200289DD0B4F85C20824299D903
:1070C000A4F85E00C869B0F5807F2FD0206850E832
:1070D000001F21F4807140E80012002AF6D12068D8
:1070E000083050E8001F21F0010140E80012002A9A
:1070F000F5D12068083050E8001F21F0400140E839
:107100000012002AF5D1C4F88C30E566206801E051
:1071100049E016E050E8001F21F0100140E800129D
:10712000002AF3D1D4F88000FAF7E0FD2667B4F81E
:107130005C00B4F85E10401A81B22046FFF70CFEE6
:1071400058E734F85C0F6188401A81B260885C3C73
:107150000028F5D00029F3D0206850E8002F22F451
:10716000907240E80027002FF6D12A4FFF43206895
:10717000083050E8002F3A4040E8002CBCF1000FE6
:10718000F5D1C4F88C30E5666567206850E8002FBB
:1071900022F0100240E80023002BF6D1266720469B
:1071A000FFF7DAFD26E7C50209D5550207D54FF4EA
:1071B000801018622046BDE8F041FFF769BE030663
:1071C0000CD501F0800302F40002134306D0A16F36
:1071D0000029B5D02046BDE8F0410847420606D553
:1071E0004A0604D52046BDE8F04102F0D3BC0202B5
:1071F00006D54A0004D52046BDE8F041FFF747BE5A
:10720000C0019DD500299BDA2046BDE8F041FFF77B
:10721000F1BD00000100001020010004379A0008B1
:10722000100002401004024010B50446002C03D0A8
:10723000D4F8880010B107E0012010BD002084F8C8
:107240008400204600F028F82420C4F88800206834
:10725000016821F001010160A06A10B1204602F02E
:1072600031FB204602F0C0FC012813D020684168A1
:1072700021F4904141602068816821F02A018160F9
:107280002068016841F0010101602046BDE810401E
:1072900002F07CBB012010BD2DE9F04FB7B00446D1
:1072A000142132A8F9F7D6F9C02102A8F9F7D2F9CA
:1072B000DF4A0227DF4D002021684FF04009DFF848
:1072C00074A3103D1615914273D101220021CDE91E
:1072D00002218046219002A8FDF71EFE08B1FAF7B0
:1072E000CCF9DAF8000040F01000CAF80000DAF833
:1072F000000000F010000190286840F002002860B3
:10730000286800F0020001904FF44040329033971B
:10731000CDF8D080CDF8D4800420369032A9C6486C
:10732000FCF7C8FCC64DC548286029206860C5F830
:107330000880C5F80C802E61C5F81480C5F8188047
:10734000C5F81C804FF400372F62C5F8248028460A
:10735000FBF7B6FB08B1FAF790F9C4F88050AC63BC
:10736000B648B74D3030783528602A206860C5F8B7
:107370000890C5F80C802E61C5F81480C5F81880F7
:10738000C5F81C802F62C5F824802846FBF798FBBF
:1073900008B1FAF772F9E567AC63002205212520F0
:1073A000FCF756FE2520FCF745FE37B0BDE8F08F10
:1073B000FFE7A44A4FF00708DFF878B29142ABF13B
:1073C000080B68D102220021CDE9022182462090DB
:1073D00002A8FDF7A1FD08B1FAF74FF9DBF80000AC
:1073E00040F40030CBF80000DBF8000000F400307F
:1073F0000190286840F001002860286800F0010032
:107400000190286840F008002860286800F0080013
:107410000190042032903397CDF8D0A0CDF8D4A0BD
:10742000CDF8D88032A98848FCF744FCCDF8C89044
:107430003397CDF8D0A0CDF8D4A0CDF8D88032A91C
:107440008248FCF737FC7E4D8148F03528602B20C0
:107450006860C5F808A0C5F80CA02E61C5F814A096
:10746000C5F818A0C5F81CA04FF440302862C5F834
:1074700024A02846FBF724FB08B1FAF7FEF8C4F86D
:107480008050AC63002205212620FCF7E1FD262078
:10749000FCF7D0FD89E76F4A914254D102220021C6
:1074A000CDE902218146209002A8FDF735FD08B103
:1074B000FAF7E3F8DBF8000040F48020CBF8000096
:1074C000DBF8000000F480200190286840F00800FC
:1074D0002860286800F0080001904FF44070329056
:1074E0003397CDF8D090CDF8D490CDF8D88032A98C
:1074F0005648FCF7DFFB584D5548183828602D20BA
:107500006860C5F80890C5F80C902E61C5F8149015
:10751000C5F81890C5F81C904FF440302862C5F8A3
:1075200024902846FBF7CCFA08B1FAF7A6F8C4F87D
:107530008050AC63002205212720FCF789FD27201D
:10754000FCF778FD31E7454A9142A3D101220021A1
:10755000CDE902218346219002A8FDF7DDFC08B1A8
:10756000FAF78BF8DAF8000040F02000CAF80000C3
:10757000DAF8000000F020000190286840F00400D4
:107580002860286800F004000190C02032903397F2
:10759000CDF8D0B0CDF8D4B0CDF8D88032A93048ED
:1075A000FCF788FB25482C4D60387835286047204B
:1075B0006860C5F808B0C5F80CB02E61C5F814B005
:1075C000C5F818B0C5F81CB04FF400372F62C5F8E5
:1075D00024B02846FBF774FA08B1FAF74EF8C4F85D
:1075E0008050AC6315481C4D1830F0352860482099
:1075F0006860C5F80890C5F80CB02E61C5F814B0E5
:10760000C5F818B0C5F81CB02F62C5F824B02846DC
:10761000FBF756FA08B1FAF730F8E567AC630022D9
:1076200005214720FCF714FD4720FCF703FDBCE6CD
:1076300000100140F044025800040258880402403F
:10764000040A00240044004000000258000C0258C4
:1076500028000240004800406C0B00240014014048
:107660000008025830B4D0F88C30202B02D0022011
:1076700030BC7047A9B1A2B10023C3660A4C0368AD
:10768000A3420BD05B681B0208D5036853E8004F88
:1076900044F0806443E80045002DF6D130BC02F090
:1076A000EBBC0120E4E70000000C00587047704775
:1076B0002DE9F84304460E4615461F46D4F88800C7
:1076C000202802D00220BDE8F8838EB185B10020C9
:1076D0001834A06721202067FCF704FC8146A587A9
:1076E000E58754F8100C183CB0F5805F02D003E039
:1076F0000120E8E7206920B1354600264FF0200838
:1077000017E00025FAE700224B468021204600972B
:1077100002F004FD18B1C4F888800320D3E7C5B196
:10772000216815F8010B8862B4F85600401EA4F8D1
:107730005600B4F856000028E5D100224B464021FF
:107740002046009702F0EAFC50B1C4F8888003207C
:10775000B9E7216836F8020BC0F308008862E3E756
:10776000C4F888800020AEE77047FEE780ED080A85
:10777000C0ED090A80ED0A1A416482649FED0A0A8D
:1077800080ED0C0A80ED0E0A80ED0D0A80ED020AF4
:1077900080ED030A80ED040A80ED100A80ED010AF5
:1077A00080ED000A7047000000000000F0B50023E3
:1077B0000A2530263727002412E0B5EB107F04D9C4
:1077C00006EB107C01F813C003E007EB107C01F816
:1077D00013C0000101EB430C8CF801405B1CDBB2D1
:1077E0009342EAD3F0BD000070B51C48017C427C96
:1077F000408A090441EA424505430021174C01260D
:10780000443C06FA01F0284210D06218137D5B1C3C
:10781000DBB21375032B02D9A3680343A360127D67
:107820003C2A17D922690243226113E06218137DB2
:107830001B1F382B03D2E3680343E36002E0E368D5
:107840008343E360A3688343A36023698343236185
:1078500000201075491C1229D3DB70BD8C4E00240A
:1078600030EE601AD0ED030AD0ED041A30EEE12AB2
:10787000F0EE081AF0EE000A20EE210A20EE200AAF
:10788000C0EE020AC1ED000A90ED030A90ED042A51
:1078900021EE211A30EE422A81EE020A81ED010A20
:1078A00010EE900A0D4AF1EE040A904201DBC1EDA0
:1078B000000A0B4B0868B9EE041A984201D381ED17
:1078C000001A10EE100A904201DBC1ED010A48686F
:1078D000984201D381ED011A704700000000A040DA
:1078E0000000A0C00FB410B50298A0F207201D49F7
:1078F00001EB4010018881819DF830209DF8311006
:1079000041EA022101809DF832209DF8331041EABE
:10791000022141809DF834209DF8351041EA022172
:10792000818002888189104B541A9C4203DA818A33
:10793000491C818205E0891A994202DA818A491E2E
:107940008182B0F91420018801EB42310161018884
:107950008181818B491C81830121817610BC5DF876
:1079600014FB0000184D002490E8FFFF30B5039C85
:10797000050A25706070080AA070E170100A207175
:107980006271180AA071E37130BD00000FB410B528
:107990000298A0F201209DF830209DF8311041EAB4
:1079A00002221A4901EB401002809DF832209DF816
:1079B000331041EA022141809DF834209DF83510B2
:1079C00041EA022181809DF8361081710288818907
:1079D0000F4B541A9C4203DA818A491C818205E0CC
:1079E000891A994202DA818A491E8182B0F91420EB
:1079F000018801EB4231016101888181418B491C81
:107A000041830121017610BC5DF814FB384D002440
:107A100090E8FFFF30B5039C050A25706070080AE6
:107A2000A070E170100A20716271180AA071E371F0
:107A300030BD0188818100EE101AB8EE400A80ED59
:107A4000070A0021018370470FB430B50398A0F2F4
:107A500005202A4A52F820100B888B819DF834307B
:107A60009DF8351041EA032152F8203019809DF825
:107A700036309DF8371041EA032152F8203009B220
:107A800059609DF838309DF8391041EA032152F8C9
:107A90002030198152F820309DF83A10997252F82E
:107AA00020100B888C891C1B154B9C4202DA0C8B16
:107AB000641C0C8352F820108C890D88641B9C4236
:107AC00002DA0B8B5B1E0B8352F82010B1F91840C1
:107AD0000B8803EB443300EE103AB8EEC00A81ED98
:107AE000070A52F820108B8C5B1C8B8452F8200004
:107AF000012180F8221030BC5DF814FB4401002401
:107B00009CE6FFFF30B5039C050A25706070080AEB
:107B1000A070E170100A20716271180AA071E371FF
:107B200030BD000008B52148016841F00101016045
:107B3000016801F001010091016841F0020101605A
:107B4000006800F002000090002205210B20FCF7E5
:107B50007FFA0B20FCF76EFA002205210C20FCF7BF
:107B600077FA0C20FCF766FA002205213920FCF791
:107B70006FFA3920FCF75EFA002205214420FCF759
:107B800067FA4420FCF756FA002205214520FCF74D
:107B90005FFA4520FCF74EFA002205214620FCF74B
:107BA00057FABDE808404620FCF744BAD8440258CA
:107BB00010B517481549016000218160C16001744A
:107BC00041748174032242610A2383611D24C461CC
:107BD000036242628362C46203634163012383637D
:107BE000C1630264042343648164C3640165436523
:107BF0008165C165026641668366FBF70BFE00285E
:107C000003D0BDE81040F9F738BD10BD00A000401A
:107C1000A805002410B517481549016000218160AE
:107C2000C160017441748174032242610A2383613B
:107C30001D24C461036242628362C46203634163C0
:107C400001238363C1630264042343648164C364C6
:107C5000016543658165C165026641668366FBF720
:107C6000D9FD002803D0BDE81040F9F706BD10BDCE
:107C700000A400404806002410B5C0B00022302106
:107C8000102005F0D3F93C4C206000223021102058
:107C900005F0CCF9606000223021102005F0C6F913
:107CA000A06000221921102005F0C0F9E0601C221C
:107CB000324939A8F8F79CFC002139A804F0B2FB3E
:107CC000E0621C222D491C3132A8F8F791FC0021FA
:107CD00032A804F0A7FB20631C22284938312BA8C6
:107CE000F8F786FC00212BA804F09CFB20611C22E5
:107CF0002249543124A8F8F77BFC002124A804F081
:107D000091FB60611C221D4970311DA8F8F770FCC1
:107D100000211DA804F086FBA0611C2217498C31AC
:107D200016A8F8F765FC002116A804F07BFBE061BB
:107D30001C221249A8310FA8F8F75AFC00210FA8FD
:107D400004F070FB20621C220C49C43108A8F8F72B
:107D50004FFC002108A804F065FB60621C22074963
:107D6000E03101A8F8F744FC002101A804F05AFB17
:107D7000A06240B010BD0000000000247CD80008C4
:107D800008B51948016841F080010160016801F0FF
:107D900080010091016841F001010160016801F07A
:107DA00001010091016841F010010160016801F0DA
:107DB00010010091016841F002010160016801F0C9
:107DC00002010091016841F008010160016801F0C1
:107DD00008010091016841F004010160006800F0B1
:107DE0000400009008BD0000E044025810B50A48A5
:107DF000084901600021416040F6FF71C160816067
:107E0000FCF776F8002803D0BDE81040F9F735BC40
:107E100010BD000000480058E806002410B586B0E8
:107E2000142101A8F8F716FC002400941B481A49F5
:107E3000016044607F218160FF21C1600461846131
:107E4000C4614461FEF70AFB08B1F9F716FC8DF82E
:107E500004408DF805408DF80640049405940122F5
:107E60000E4801A9FEF7BEFB08B1F9F706FC012098
:107E70008DF800008DF801008DF802008DF80340A8
:107E8000012206486946FEF75BFB002801D0F9F79E
:107E9000F4FB06B010BD000000400058F8060024B6
:107EA00010B59AB00024169417941894199413944A
:107EB000149415941C210CA8F8F7CCFB2C2101A8D4
:107EC000F8F7C8FB324831490160446084604FF6DE
:107ED000FF71C160046144618461FEF7ADFC08B1CB
:107EE000F9F7CBFB4FF480501690294816A9FEF7FE
:107EF000EDFC08B1F9F7C1FB2548FEF7BDFE08B15E
:107F0000F9F7BBFB13941494159413A92048FEF7BA
:107F100043FC08B1F9F7B1FB60200C900D940E946E
:107F20000F94109411941294002219480CA9FEF792
:107F300008FE08B1F9F7A1FB154804220CA9FEF7C9
:107F400000FE08B1F9F799FB114808220CA9FEF7C9
:107F5000F8FD08B1F9F791FB01940294039404949D
:107F600005944FF40050069007940894000309907C
:107F70000A940B9401A90648FEF7C8FB08B1F9F76B
:107F80007CFB0348FEF726FD1AB010BD000001403F
:107F90001C07002410B58EB000240A940B940C9496
:107FA0000D940794089409941C216846F8F752FB35
:107FB00024484FF08041016044608460611EC160CC
:107FC00004618461FEF738FC08B1F9F756FB4FF401
:107FD00080500A901B480AA9FEF778FC08B1F9F70F
:107FE0004CFB1848FEF785FD08B1F9F746FB0794EE
:107FF000099407A91348FEF7CFFB08B1F9F73DFB39
:10800000009401940294049400220E486946FEF7FD
:1080100039FD08B1F9F731FB0A4804226946FEF739
:1080200031FD08B1F9F729FB064808226946FEF739
:1080300029FD08B1F9F721FB0248FEF7CBFC0EB091
:1080400010BD00006807002410B5184816490160EB
:108050004FF4E131416000218160C16001610C2277
:1080600042618161C161016241628162FFF7DCF8B6
:1080700008B1F9F702FB0D480021FEF7E2FE08B156
:10808000F9F7FBFA09480021FEF7B5FE08B1F9F748
:10809000F4FA0648FEF718FE002803D0BDE81040A9
:1080A000F9F7EBBA10BD000000100140B40700243E
:1080B00010B5194817490160184941604FF48051C3
:1080C00081600021C1604FF4806202610C22426134
:1080D0008161C161016241628162FFF7A5F808B167
:1080E000F9F7CBFA0C480021FEF7ABFE08B1F9F71F
:1080F000C4FA09480021FEF77EFE08B1F9F7BDFA7F
:108100000548FEF7E1FD002803D0BDE81040F9F76F
:10811000B4BA10BD0044004048080024A086010005
:1081200010B51948174901604FF4E1314160002151
:1081300081604FF40052C26001610C224261816192
:10814000C161016241628162FFF76EF808B1F9F71F
:1081500094FA0D480021FEF774FE08B1F9F78DFA84
:1081600009480021FEF747FE08B1F9F786FA0648EC
:10817000FEF7AAFD002803D0BDE81040F9F77DBA4C
:1081800010BD000000480040DC08002410B518486D
:10819000164901604FF4E131416000218160C16006
:1081A00001610C2242618161C161016241628162AF
:1081B000FFF73AF808B1F9F760FA0D480021FEF729
:1081C00040FE08B1F9F759FA09480021FEF713FEFD
:1081D00008B1F9F752FA0648FEF776FD002803D0F9
:1081E000BDE81040F9F749BA10BD00000014014085
:1081F0007009002410B510490022104802F041FD1A
:1082000008B1F9F73AFA0E490C4802F08DFF08B1AF
:10821000F9F733FA0B49094802F0DCF908B1F9F72C
:108220002CFA064803F056F8002803D0BDE81040A9
:10823000F9F723BA10BD00005C020024BC510024F1
:108240001C030024B0020024FEE7000070B510EE0D
:10825000102A6FF040434FF480051A440123AA42CC
:10826000B0EE082A0DD200220A704B70F8EE000A18
:1082700070EEC00AC0ED000A30EE020A80ED010A7D
:1082800070BD10EE102A324C4FF40006F1EE400A99
:1082900014440222B442B7EE001AF0EE001A0AD2D9
:1082A0000B704A7070EEC10AC0ED000A30EE210A70
:1082B00080ED010A70BD10EE103A032413F1814FD6
:1082C0000DD8B5EEC00AF1EE10FA08D20A704C7063
:1082D000C0ED000A30EE010A80ED010A70BDB5EE76
:1082E000C00A0423F1EE10FA0DDB10EE102AB2F1F1
:1082F0007E5F08DA0C704B7071EE400AC0ED000A28
:1083000080ED010A70BD10EE102A0524A2F17E5204
:10831000B2420AD20B704C7071EEC00AC0ED000A76
:1083200030EE410A80ED010A70BD10EE102AA2F174
:108330008042AA42F8D80C7006224A7072EE400AB7
:10834000C0ED000A30EE610A80ED010A70BD000048
:10835000FFFF7F40FEE700000148FCF700B8000087
:10836000B868002408B505F025F900900026DFF86C
:108370008490214F214CDFF88880224DB9F82400E9
:10838000B8F80010884203D189F82260A9F8246067
:10839000B9F82400A8F80000B4F89A00B8F8021060
:1083A000884204D184F89860A4F89A607E76B4F884
:1083B0009A00A8F80200B4F8BA00B8F8041088428D
:1083C00004D184F8B860A4F8BA607E76B4F8BA0034
:1083D000A8F80400A88BB8F80610884202D1AE763F
:1083E000AE83EE80A88BA8F806000A21684604F048
:1083F00047FCC3E7204E0024F44A0024384D0024F3
:1084000054020024184D00249FED0A1A80ED001A32
:10841000F7EE001AC0ED031A80ED090AC0ED0A0A52
:10842000C0ED071A80ED081AC0ED0B1A80ED011A95
:108430007047000000000000D0ED071AD0ED000AE0
:1084400021EEA01A80ED011AD0ED090A90ED032A61
:1084500041EE820AC0ED040AD0ED0A1A30EEA12ADC
:10846000C0EE821AC0ED061A30EE412AB0EE410A83
:1084700001EE820A80ED020AB7EE001A31EE611AAF
:1084800061EE200AC0ED050AC0ED030A80ED000A86
:108490007047000070B504462068056C00EB411081
:1084A000D0F8081B0C4EB54205D9090403D54FF48A
:1084B0000041C0F8081B2046FCF7E8FAB54208D98D
:1084C000A079012805D12068012104F29C4203F023
:1084D00097FA002070BD00000A30544F2DE9F0419A
:1084E00005460C462E68306C06EB4411D1F8083B6B
:1084F0004FF4004795F8068005F29C424FF0200C9F
:10850000B8F1010F08D0DFF8B080404545D118041C
:108510003AD5C1F8087B4CE0284E5FEA037806D5CF
:10852000B04246D9180444D5C1F8087B41E05FEA5F
:10853000836802D5C1F808CB3BE013F0280F38D18F
:10854000B04204D9180402D5C1F8087B31E004EB2D
:10855000C40005EB800000F51570D1F8101B036A0C
:10856000C1F31201591A416124B903693BB1C268D0
:108570001144C1602846E1B2FBF7E3FD19E0286829
:10858000012103F03DFAF5E7980601D5C1F808CBC3
:108590002846E1B2FBF7D5FD0BE034B9D5F864020B
:1085A00018B90021304603F02BFA2846E1B2FBF758
:1085B000C8FD0020BDE8F0810A31544F0A30544F05
:1085C0002DE9F84F80460E46D8F8007006EBC6003D
:1085D00008EB80041434D4E90410884202D9012045
:1085E000BDE8F88F081AA168814200D20846C01C75
:1085F0004FEA900A07EB461916E0151AA268AA423C
:1086000000D21546E81C4FEA900A98F80600009040
:10861000ABB2E1683846F2B203F054FDE06828449A
:10862000E060606928446061D9F8180980B250455B
:1086300005D3D4E90420904201D2002ADDD1D4E947
:108640000401884208D8012006F00F018840D7F8BD
:1086500034188143C7F834180020C1E710B5164814
:108660009FED0F3ADFED0F2A9FED0F2AF6EE001A6D
:108670009FED0E1ADFED0E0A9FED0E0A00F05CF979
:10868000BDE810400E484FF47A729FED0C1AF6EEDA
:10869000000AB2EE090A42F21071FFF767B8000053
:1086A00000002F440000FA4500409C46CDCCCC3E53
:1086B0006F12833A9A99993E1851002400000000E5
:1086C0006C51002408484FF42F729FED051ADFED1E
:1086D000050AB0EE080A4FF4FA51FFF747B8000058
:1086E000000000008FC2F53C7850002408484FF489
:1086F0002F729FED051ADFED050AB0EE080A4FF460
:10870000FA51FFF733B80000000000008FC2F53CBB
:10871000C850002410B52DED028BF6EE001A9FED27
:10872000148ADFED148A1648B0EE483AF0EE482A73
:10873000B0EE682A9FED101AF1EE040A9FED0F0AC1
:1087400000F0FAF8B0EE483AF0EE482AB0EE682AA7
:10875000BDEC028BF6EE001A0948BDE8104054301B
:108760009FED081ADFED080A9FED080A00F0E4B853
:1087700000401C4600409C4600000000000096425D
:10878000C84E00246666663F3480B7398FC2753E96
:1087900070B504460D462DED048B84ED000AC4ED42
:1087A000010A30EE601A84ED021AD4ED050A30EEAB
:1087B000600A84ED060AD4ED030A94ED070A30EE50
:1087C000010A84ED070AB0EE410A2846F9F7AAF932
:1087D00094ED080AD5ED000A95ED051A00EE810A20
:1087E000D4ED098AD5ED010A95ED061A40EE818A8D
:1087F00094ED0A8AD5ED020A95ED071A00EE818AFA
:1088000094ED0B9AD4ED020A20EE800A84ED0C0A56
:1088100094ED120A04F11C00B8EE400A03F016FDB4
:1088200094ED070A20EE280A84ED0D0AD4ED020A21
:1088300094ED031A70EEC10A60EE880AC4ED0E0AC8
:1088400094ED061A21EE091A84ED0F1AD4ED0C1AD4
:1088500031EE800A30EE200A30EE010A84ED100A73
:1088600094ED110A04F14000B8EE400A03F0EEFC6A
:1088700094ED020A84ED030A94ED000A84ED050AE2
:1088800094ED100ABDEC048B70BD10B5044684ED68
:10889000000AC4ED010A70EE600AC4ED020A94ED0C
:1088A000031A30EEC11A84ED041AD4ED051A30EE25
:1088B000610A84ED060AD4ED081A61EEA01AC4ED2F
:1088C0000C1AD4ED0D1A94ED092A42EE201AC4EDCB
:1088D0000D1AD4ED0A0A61EE200AC4ED0E0AD4ED99
:1088E0000B0A20EE800A84ED0F0A94ED130A04F1BE
:1088F000340003F0ABFC94ED0C0AD4ED0D0A30EE1D
:10890000200AD4ED0E0A30EE200AD4ED0F0A30EE24
:10891000200A84ED100A94ED110A04F1400003F0DE
:1089200095FC94ED020A84ED030A94ED000A84EDAF
:10893000050A94ED100A10BD80ED080AC0ED090A81
:1089400080ED0A1AC0ED0B1A80ED112AC0ED122A33
:1089500080ED133A9FED0A0A80ED0C0A80ED0E0AB5
:1089600080ED0D0A80ED020A80ED030A80ED040A15
:1089700080ED100A80ED010A80ED000A70470000CA
:108980000000000070B504460D462DED028BB0EEE0
:10899000408BD4ED030A94ED020A2846F9F7C2F899
:1089A00084ED008AC4ED018A78EE680AC4ED020AFB
:1089B00094ED030A30EEC00A84ED040A94ED051A22
:1089C00038EE411A84ED061AD4ED0B1A94ED082AFC
:1089D000D5ED002A32EE222A22EE202A84ED0C2A3E
:1089E00094ED092AD5ED012A72EE222A94ED0D2A82
:1089F00002EEA02A84ED0D2A94ED0A2AD5ED022A72
:108A000032EE222A22EE000A84ED0E0A21EE210A1D
:108A100084ED0F0A94ED120AF4EEC00AF1EE10FA9A
:108A200004DB9FED150A84ED0D0A05E094ED130AB1
:108A300004F1340003F00AFC94ED0C0AD4ED0D0AA5
:108A400030EE200AD4ED0E0A30EE200AD4ED0F0AE3
:108A500030EE200A84ED100A94ED110A04F1400072
:108A600003F0F4FB94ED020A84ED030A94ED100A7E
:108A7000BDEC028B70BD0000000000002DE9F04746
:108A8000044688460027DFF81491D9F80000C04357
:108A9000800709D0414D283D286820F0806028607B
:108AA000FBF720FA064609E00120BDE8F087FBF756
:108AB00019FA801B022801D90320F6E72868000173
:108AC000F5D4D9F80000216820F47C3040EA013068
:108AD000C9F80000A0884FF6FF72A168401E491E29
:108AE000C0F3080002EA41210843A1894FF4FE02C5
:108AF000491E02EA01410843217C1202491E02EA92
:108B0000016108432549103108602448001D0168AF
:108B1000626921F0C001114301600168A26921F07E
:108B2000200111430160016821F0100101601B491F
:108B300014310A684FF6F8739A43E36942EAC302B4
:108B40000A60016841F010010160B8F1000F0ED019
:108B5000B8F1010F10D0016841F4001101602868DC
:108B600040F080602860FBF7BDF9044610E0016822
:108B700041F400210160F2E7016841F480110160D5
:108B8000EDE7FBF7AFF9001B022801D903208CE7C2
:108B900028680001F5D5384687E7000028440258C8
:108BA0002DE9F047044688460027DFF81491D9F8EC
:108BB0000000C043800709D0414D283D286820F0BF
:108BC00080502860FBF78EF9064609E00120BDE8D9
:108BD000F087FBF787F9801B022801D90320F6E70D
:108BE00028688000F5D4D9F80000218820F07C7036
:108BF00040EA0150C9F80000A0884FF6FF72A16852
:108C0000401E491EC0F3080002EA41210843A18921
:108C10004FF4FE02491E02EA01410843217C120280
:108C2000491E02EA016108432549183108602448B9
:108C3000001D0168626921F440611143016001680F
:108C4000A26921F4007111430160016821F480716F
:108C500001601B491C310A684FF6F8739A43E369B7
:108C600042EAC3020A60016841F480710160B8F110
:108C7000000F0ED0B8F1010F10D0016841F08071E3
:108C80000160286840F080502860FBF72BF904460B
:108C900010E0016841F480010160F2E7016841F4ED
:108CA00000010160EDE7FBF71DF9001B022801D967
:108CB00003208CE728688000F5D5384687E7000058
:108CC00028440258002102E0491C0A38C0B20A2890
:108CD000FAD2090740EA116070472DE9F0410446D5
:108CE00000252068C168490616D4691EC160FBF7DB
:108CF000F9F8064603274FF47A7807E0FBF7F2F815
:108D0000801B404502D9032584F821702068C06883
:108D1000400601D4032DF1D12846BDE8F0810000C2
:108D20002DE9F04106460024114DE86820F080004E
:108D3000E860A8684FF00307800607D43046FDF7C7
:108D4000B7FC90B186F8217003240EE0A86820F0EB
:108D50002000A8603046FDF7ABFC10B186F821700A
:108D60000324A86840F02000A8602046BDE8F081F8
:108D7000004000582DE9F05F2DED028B0121082005
:108D8000F8F77AFFCA4C0025CA4F28B1BD8025628A
:108D9000E5612561E5603D7601210020F8F76CFF73
:108DA0009FEDC58ADFF8088308F1280830B194EDFB
:108DB000010AB8EEC00A88ED010A13E00121084655
:108DC000F8F75AFF40B16068404200EE100AB8EE72
:108DD000C00A88ED010A05E0B5482830F8F738F8F0
:108DE00088ED018AB248283000F0F4F9388001217A
:108DF0000220F8F741FFDFF8B89209F1340940B1D9
:108E0000A068404200EE100AB8EEC00A89ED010ADF
:108E100011E001210320F8F72FFF30B194ED020A91
:108E2000B8EEC00A89ED010A05E0A1483430F8F730
:108E30000FF889ED018A9E48343000F0CBF9788034
:108E400001210620F8F718FF012608B1E06828B1D3
:108E500001210620F8F710FF10B109E0E66007E0F5
:108E6000E068012804D1E069282801DBE561E560BC
:108E7000DFF83CA2B7F904000AF1400ABAF90A1077
:108E8000884209DAE168012906D1E169282903DA73
:108E90000A30B880491CE16101210720F8F7ECFE97
:108EA00008B1206928B101210720F8F7E5FE10B1CB
:108EB00009E0266107E02069012804D1206A2828FA
:108EC00001DB25622561B7F90400BAF90810884270
:108ED00009DD2169012906D1216A282903DA0A3826
:108EE000B880491C216200211120F8F7C5FE7349A2
:108EF000734A744B90B1387B10B101280DD00DE04E
:108F00003E7391ED000ABDEEC00A10EE100A7881A2
:108F100092ED000A83ED040A00E03D73387B0128DE
:108F20000AD191ED000ABDEEC00A10EE100A788158
:108F300092ED000A83ED040A01211020F8F79CFE4F
:108F400020B902211020F8F797FE10B1787E012891
:108F50007ED00320787301210D20F8F78DFE90B1AB
:108F60004FF41671A8F80A104842A8F80800A9F8AA
:108F70000A10A9F808004FF44870AAF80A004FF642
:108F8000E040AAF8080001210E20F8F775FE4FF422
:108F9000966B80B14FF46170A8F80A004142A8F8BE
:108FA0000810A9F80A00A9F80810AAF80AB0CBF12D
:108FB0000000AAF8080001210F20F8F75DFE80B13B
:108FC000A8F80AB04048A8F80800A9F80AB0A9F81B
:108FD00008004FF4C860AAF80A004FF6C010AAF8BB
:108FE000080000210B20F8F747FEDFF8E08060B1B1
:108FF000B8F90A0040F22621C84206DA00F50770E7
:10900000A8F80A00F87D801EF87500210C20F8F7FA
:1090100033FE60B1B8F90A0040F6B831C84206DD47
:10902000A0F50770A8F80A00F87D801CF87528499B
:10903000488900EB4000400038818889C0EB8030CF
:109040008000F88001210520F8F716FE80B100E0CD
:1090500002E0A06910B10CE07E737CE7387E10B1AD
:10906000012802D002E03E7600E03D76A66100E0F5
:10907000A56101210920F8F7FFFD58B1606950B9D9
:10908000787E10B1012802D002E07E7600E07D7685
:10909000666100E0656101210A20F8F7EDFD20B16D
:1090A000FE76BDEC028BBDE8F09FFD76F9E700008F
:1090B00058010024F44A00240000000008010024A4
:1090C0000C010024B44E002450FBFFFFEC010024EF
:1090D0008C4E002430B5124B0025124C18461A7ED7
:1090E000B0F90400A169012A03D0401A9880A56153
:1090F00030BD626952B1012AFAD1C91EA161C01EF8
:10910000988011F5967FF3DC656130BDC91CA161C3
:10911000C01C9880B1F5967FF7DB0120606130BDFF
:10912000F44A0024A401002408B504F043FA009096
:10913000074C084D20698047606880472868804751
:10914000F8F716F90221684603F09AFDF2E70000ED
:10915000CC0100242C0200240178407841EA002050
:109160007047000010B505480068804700F00AF815
:1091700003480068BDE81040004700001C020024BE
:10918000E00100240F4A1049107B012801D1086931
:10919000886000230D480079012801D018B103E050
:1091A0000120507300E053730948427B032A03D126
:1091B000C07E012801D0CB8070474FF4FA60C88090
:1091C00070470000EC010024184D002430020024F8
:1091D000F44A002490ED000AD0ED010A30EE200A96
:1091E00080ED000AB0F9081000EE901AF8EEE00ADF
:1091F000B4EEE00AF1EE10FA05D200EE101AB8EE65
:10920000C00A80ED000AB0F90A10D0ED000A00EEA5
:10921000101AB8EEC00AF4EEC00AF1EE10FA05DD3D
:1092200000EE101AB8EEC00A80ED000A90ED000AB8
:10923000BDEEC00A10EE100A00B27047FEF7DAFF6A
:10924000012003F0E2F8FBE710B5FAF785FE04F021
:10925000A3F9012803D0BDE8104003F0D1BE10BD32
:1092600030B59DB04C210AA8F7F7F4F9202102A8E7
:10927000F7F7F0F90220FBF749FC00242E4A1068AA
:1092800020F00100106010682C48016841F4404152
:109290000160016801F44041019101688904FCD535
:1092A00027490B6843F002030B60096801F00201D3
:1092B0000191016841F4404101600168116841F089
:1092C00001011160116801F0010101910168890437
:1092D000FCD529200A904FF480300B9001210F918A
:1092E000109102201390149015915021169117900F
:1092F0000825189519900C201A901B941C940AA804
:10930000FCF76AFD08B1F8F7B8F93F200290032096
:109310000390049405954020069007900101089160
:109320000990042102A8FCF7F9FA002801D0F8F707
:10933000A4F91DB030BD00002C0400581848025894
:10934000F444025810B52C48016841F470010160E2
:109350002A4A106800F00F00072804D2106820F095
:109360000F00C01D10602649086840F00100086029
:10937000234B0020103318600B68224C23400B60F5
:10938000136803F00F03072B04D9136823F00F03AE
:10939000DB1D13601A4A18321060121D1060121D76
:1093A0001060174B184A28331A601B1D174A1A60A1
:1093B0001B1D174A1A601B1D18601B1D1A601B1D00
:1093C00018601B1D1A601A1D10600A6822F48022A2
:1093D0000A600B49603108600E4800686FF30F00A7
:1093E000B0F1005F02D20C490120086043F2D200C4
:1093F0000A49086010BD000088ED00E0002000521E
:10940000004402587FEDF6EA000202020000FF016C
:10941000800201010010005C0881005100400052F0
:109420002DE9F04F02684FF0804B294DDFF8A48002
:10943000DFF8A490A842DFF8A4A0294B09D0584532
:1094400007D0404505D0484503D0504501D098424B
:1094500003D122F070044A682243224E224FA842D0
:10946000DFF888C00FD058450DD040450BD0484597
:1094700009D0504507D0984205D0B04203D0B84239
:1094800001D0604503D122F44074CA6822434C697C
:1094900022F08002224302608A68C2620A68826205
:1094A000A84207D0984205D0B04203D0B84201D0BC
:1094B000604501D109690163012141610169C90761
:1094C00003D0016921F001010161BDE8F08F0000C6
:1094D000000001400004004000080040000C004073
:1094E00000040140004001400044014000480140A8
:1094F00010B5846824F47F4442EA03220A432243DD
:10950000826010BD8268034B1A400A4342F0070193
:10951000816070478FFFCFFF2DE9F043046A026A34
:1095200022F001020262426883691D4D2B4023F044
:1095300003030D681D4324F002048B682343194E76
:10954000194FDFF868C0B042DFF86480DFF864903C
:1095500007D0B84205D0604503D0404501D048450A
:1095600005D123F00804CB68234323F00403B04261
:1095700007D0B84205D0604503D0404501D04845EA
:1095800007D122F4807222F400724C6914438A6974
:10959000224342608561496841630362BDE8F0830C
:1095A0008FFFFEFF00000140000401400040014029
:1095B0000044014000480140F0B5056A026A22F00B
:1095C00010020262426883691A4C234023F44073FC
:1095D0000C6843EA042425F020038D6843EA051350
:1095E000154D164EA84201D0B04206D123F080039B
:1095F000CF6843EA071323F04003A8420AD0B042E1
:1096000008D00F4DA84205D00E4DA84202D00E4DF5
:10961000A84209D122F4806222F400624D6942EA34
:1096200085028D6942EA85024260846149688163EE
:109630000362F0BDFF8FFFFE000001400004014007
:10964000004001400044014000480140F0B5056A77
:10965000026A22F4807202624268C3691A4C234093
:1096600023F003030C681C4325F400738D6843EA60
:109670000523164D164EA84201D0B04206D123F460
:109680000063CF6843EA072323F48063A8420AD02B
:10969000B04208D00F4DA84205D00F4DA84202D0CD
:1096A0000E4DA84209D122F4805222F400524D6995
:1096B00042EA05128D6942EA05124260C4614968B6
:1096C000C1630362F0BD00008FFFFEFF0000014098
:1096D00000040140004001400044014000480140B6
:1096E00030B5046A026A22F4805202624268C36999
:1096F000124D2B4023F440730D6843EA052324F4F4
:1097000000548D6844EA05340D4DA8420BD00D4D30
:10971000A84208D00C4DA84205D00C4DA84202D05A
:109720000B4DA84204D122F480424D6942EA8512D1
:109730004260C36149680164046230BDFF8FFFFE6F
:10974000000001400004014000400140004401408D
:109750000048014030B5056A026A22F48032026294
:109760004268436D114C23400C681C4325F40033C0
:109770000D8943EA05430E4DA8420BD00D4DA8427A
:1097800008D00D4DA84205D00C4DA84202D00C4D7A
:10979000A84204D122F480324D6942EA0522426097
:1097A000446549688165036230BD00008FFFFEFF9C
:1097B000000001400004014000400140004401401D
:1097C0000048014030B5056A026A22F48012026244
:1097D0004268436D114C23400C6843EA042425F48D
:1097E00000130D8943EA05530D4DA8420BD00D4DD2
:1097F000A84208D00C4DA84205D00C4DA84202D07A
:109800000B4DA84204D122F480224D6942EA852200
:10981000426044654968C165036230BDFF8FFFFE49
:1098200000000140000401400040014000440140AC
:109830000048014010B5036A046A24F00104046280
:10984000846924F0F00444EA021423F00A020A4373
:109850008461026210BD10B5036A046A24F010042A
:109860000462846924F4704444EA023223F0A003C1
:1098700043EA01118261016210BD000030B5416E02
:10988000002917D002689168C1F342619268520FB3
:109890000B4B9C5C250103F10804A25CB5FBF2F2C2
:1098A000A0F86A205A5C615C1201B2FBF1F1A0F8E9
:1098B000681030BD012168304180018030BD00005A
:1098C000F4D9000890F82810090706D501684A68FD
:1098D000836B22F400421A434A6090F82810C907AB
:1098E00006D001684A68C36A22F400321A434A600B
:1098F00090F82810890706D501684A68036B22F49E
:1099000080321A434A6090F82810490706D501684A
:109910004A68436B22F480221A434A6090F8281068
:10992000C90606D501688A68C36B22F480521A43BF
:109930008A6090F82810890606D501688A68036C49
:1099400022F400521A438A6090F82810490611D573
:1099500001684A68436C22F480121A434A60416CE1
:10996000B1F5801F06D101684A68836C22F4C002F9
:109970001A434A6090F82810090606D501684A681B
:10998000C06C22F4002202434A6070472DE9F8437C
:1099900004460025C4F89050FAF7A4FA80462068DF
:1099A00000686FF07E474FF02006000716D50022B2
:1099B000434631042046009700F0B0FB70B12068A8
:1099C00050E8001F21F0800140E80012002AF6D183
:1099D0008434666025700320BDE8F8832068006841
:1099E000400720D5002243464FF4800120460097CF
:1099F00000F094FBB8B1206850E8001F21F490718A
:109A000040E80012002AF6D12068083050E8001F14
:109A100021F0010140E80012002AF5D18434A6604B
:109A200025700320D8E76C34E66126622560656006
:109A300025760020D0E710B5806B0021A0F85E10DD
:109A4000A0F85610FDF725FA10BD70B5846BD4F858
:109A50008800D4F88C50216889684FF00006090608
:109A600006D5212804D1A4F85660204600F0A4F8B9
:109A700020688068400606D5222D04D1A4F85E60D7
:109A8000204600F05DF8D4F8900040F01000C4F8D3
:109A900090002046FDF7FDF970BD014610B5886BBA
:109AA0000023C969B1F5807F2DD0A0F85E30016830
:109AB00051E8002F22F4807241E80024002CF6D1F6
:109AC0000168083151E8002F22F0010241E800242A
:109AD000002CF5D10168083151E8002F22F0400236
:109AE00041E80024002CF5D12021C0F88C10C16E73
:109AF000012908D1016851E8002F22F0100241E845
:109B00000024002CF6D10367C16E012902D0FDF7B5
:109B1000CDFD10BDB0F85C10FDF71EF910BD10B5FD
:109B2000806B01210167C16E012902D0FDF7BFFDE5
:109B300010BDB0F85C104908FDF70EF910BD00002B
:109B400010B5016851E8002F22F4907241E800231B
:109B5000002BF6D10E4B0168083151E8002F1A4056
:109B600041E80024002CF6D1C16E012908D101681A
:109B700051E8002F22F0100241E80023002BF6D11B
:109B80002021C0F88C100021C166416710BD000083
:109B9000FEFFFFEF10B5016851E8002F22F04002F0
:109BA00041E80023002BF6D12021C0F888100021C5
:109BB0008167FDF7D9FD10BD016851E8002F22F043
:109BC000C00241E80023002BF6D10168083151E8BA
:109BD000002F22F4000241E80023002BF5D12021C0
:109BE000C0F88810704700002DE9F04387B00446A4
:109BF0000025DFF8F88320682269A168E369114332
:109C000062691A4311430268F94B1A400A43026021
:109C100020684168E26821F4405111434160A06925
:109C20002168414501D0226A10438A68F14B1A40ED
:109C300002438A602068C16A626A21F00F01114301
:109C4000C162ED492268ED488A421DD1006800F0EA
:109C50003800182812D005DC50B108280AD0102886
:109C600004D109E020280BD028280BD08021EBE07C
:109C70000121E9E00421E7E00821E5E01021E3E02B
:109C80002021E1E04021DFE0DD498A4217D1006870
:109C900000F00700062810D2DFE800F003050709EE
:109CA0000B0D0021D0E00421CEE00821CCE01021F2
:109CB000CAE02021C8E04021C6E08021C4E0D149AB
:109CC0008A4217D1006800F00700062810D2DFE8AA
:109CD00000F0030507090B0D0021B5E00421B3E0F6
:109CE0000821B1E01021AFE02021ADE04021ABE040
:109CF0008021A9E0C4498A4217D1006800F007001A
:109D0000062810D2DFE800F0030507090B0D00213B
:109D10009AE0042198E0082196E0102194E02021A7
:109D200092E0402190E080218EE0B8498A4217D12C
:109D3000006800F00700062810D2DFE800F00305F5
:109D400007090B0D00217FE004217DE008217BE065
:109D5000102179E0202177E0402175E0802173E037
:109D6000AB498A421DD1006800F03800182812D093
:109D700005DC50B108280AD0102804D109E02028B9
:109D80000BD028280BD080215EE001215CE004216B
:109D90005AE0082158E0102156E0202154E04021EB
:109DA00052E09C498A4217D1006800F0070006285B
:109DB00010D2DFE800F0030507090B0D002143E096
:109DC000042141E008213FE010213DE020213BE05B
:109DD000402139E0802137E08F498A4217D100685D
:109DE00000F00700062810D2DFE800F0030507099D
:109DF0000B0D002128E0042126E0082124E0102199
:109E000022E0202120E040211EE080211CE042458C
:109E100019D17A48001D006800F00700062810D20A
:109E2000DFE800F0030507090B0D02210CE0042117
:109E30000AE0082108E0102106E0202104E040218A
:109E400002E0802100E0802174486C4B0027744EB2
:109E50004FF40049543B42454FEA201C53D110298E
:109E60002AD006DC02291AD004291BD0082904D1E3
:109E70001DE0202928D0402928D000200125E8B362
:109E8000616A36F81120B0FBF2F1666806EB460312
:109E90008B4202D8B1EB063F1AD90125E2E0FAF76E
:109EA00069FEECE704A8FAF777FE0598E7E701A852
:109EB000FAF752FF0298E2E719688906DFD51968B8
:109EC000C1F3C101C840DAE76046D8E74846D6E7A3
:109ED00000231946F6F7D0FA0902020241EA10619E
:109EE00070081018324679410023F6F7C5FA4D4A3A
:109EF000A0F54071914204D8216800E04AE0C860B2
:109F0000B0E00125AEE0E2694FF6EF784A4548D16E
:109F1000082932D005DC29B3012926D0042906D12D
:109F200026E010292ED0202935D0402935D0002018
:109F3000012578B3616A36F81110B0FBF1F04100E9
:109F4000606801EB5001B1FBF0F0A0F11001414558
:109F500025D84FF6F0710140C0F34200014320685C
:109F6000C1607FE0FBF73AFEE3E7FBF749FEE0E77D
:109F700004A8FAF711FE0598DBE701A8FAF7ECFE52
:109F80000298D6E719688906D3D51968C1F3C101CB
:109F9000C840CEE748E06046CBE74846C9E7012520
:109FA00060E008294CD005DCF9B1012940D0042932
:109FB00006D140E0102948D020294ED040294ED06B
:109FC0000020012580B3616A36F81110B0FBF1F171
:109FD000606801EB5001B1FBF0F0A0F110014145C8
:109FE0003FD8216880B2C8603CE01EE0000C0058F9
:109FF000F369FFCFFFF4FF110010014054440258F1
:10A000000044004000480040004C00400050004028
:10A010000014014000780040007C00400090D00314
:10A02000DCD90008FFFC0F001CE0FBF7D7FDC9E7F7
:10A03000FBF7E6FDC6E704A8FAF7AEFD0598C1E711
:10A0400001A8FAF789FE0298BCE719688906B9D514
:10A050001968C1F3C101C840B4E76046B2E7484699
:10A06000B0E701250120683460802080E760276127
:10A0700007B02846BDE8F08370B5044644F8581F81
:10A08000A2800021A16322206063A06A583C0028BE
:10A090001DD01F4BC363241D1E48E36F1864E36F7C
:10A0A0001D48D864E06F0165134654F8041CE56F41
:10A0B000606D2431241F02462846F8F7FFFE30B1B8
:10A0C00010208C34606020202060012070BD206949
:10A0D00040B1206850E8001F41F4807140E8001250
:10A0E000002AF6D12068083050E8001F41F0010135
:10A0F00040E80012002AF5D12068083050E8001F1F
:10A1000041F0400140E80012002AF5D1002070BD66
:10A110009B9A00081F9B00084B9A00082DE9F04706
:10A1200004460D4617469846089E4FF0000935E054
:10A13000701C33D0F9F7D6FEA0EB0800B04219D856
:10A14000C6B120680168490728D5802D26D0402D4A
:10A1500024D0C169C94309070ED4206808250562C7
:10A160002046FFF7EDFCC4F8905084F8849001205D
:10A17000BDE8F0870320FBE7C069C04300050DD4AC
:10A1800021684FF4006008622046FFF7D9FC2020C8
:10A19000C4F8900084F884900320E9E72068C0693F
:10A1A00035EA000004D00020B842C1D00020DFE72B
:10A1B0000120F9E70148FCF76DBE0000B407002458
:10A1C0000148FCF767BE0000480800240148FCF77E
:10A1D00061BE0000DC0800240148FCF75BBE000003
:10A1E00070090024CD2001F081FF142002F020FD31
:10A1F000F8E72DE9F0410E46D0F8C822D0F8D41285
:10A2000000EB8101D1F8C012002925D006F00F0320
:10A21000002703EB830400EB8404A5694DB103EB35
:10A22000C30302EB8302D369B5FBF3F203FB1252C3
:10A23000A2B1C1F81472D0F8D42200EB8200D0F899
:10A24000C40203692BB1D1F8080201F5047132464A
:10A2500098470020BDE8F0810320FBE7A7610023B9
:10A260001A46314600F03EFFF3E770B50546D5F8D3
:10A27000D40205EB8000D0F8C042002C12D0284652
:10A2800000F00AFEC4F80C02D5F8D412D4F8040287
:10A2900005EB8101D1F8C412CA6804F50371904737
:10A2A000002070BD032070BD70B50446224D2046CD
:10A2B000297800F003FD2878002600F00F0000EB5D
:10A2C000800004EB800086842046697800F0F6FC6C
:10A2D000687800F00F0000EB800004EB8000A0F82D
:10A2E00064612046A97800F0E9FCA87800F00F002E
:10A2F00000EB800004EB80008684C684D4F8D4028E
:10A3000004EB8000D0F8C01299B1D0F8C4024068C4
:10A310008047D4F8D40204EB8000D0F8C00201F0EA
:10A320006DF9D4F8D40204EB8000C0F8C062C4F820
:10A33000BC62002070BD0000C802002410B5D0F837
:10A34000D41200EB8100D0F8C042002C10D0D0F81D
:10A35000C41259B194F80002FF2807D08B68214637
:10A3600094F801229847FF2084F80002002010BDD5
:10A37000032010BD0A21018000487047CC02002450
:10A3800070B506460C48822100F0F5FB05460A48E8
:10A39000012100F0F0FB04460748812100F0EBFBAF
:10A3A0000DB11021A971402104B1A18000B18180BB
:10A3B00043203080004870BDD802002470B50646A6
:10A3C0000D48822100F0D7FB05460B48012100F023
:10A3D000D2FB04460848812100F0CDFB0DB11021CD
:10A3E000A9714FF4007104B1A18000B181804320B4
:10A3F0003080014870BD0000D802002470B50646C8
:10A400000C48822100F0B7FB05460A48012100F004
:10A41000B2FB04460748812100F0ADFB0DB11021CD
:10A42000A971402104B1A18000B181804320308016
:10A43000004870BDD80200242DE9F04704464FF4CF
:10A440000776304601F0DCF805464FF00008002D95
:10A4500064D031462846F6F7FDF8D4F8D40204EB70
:10A460008000C0F8C052C4F8BC520127207C4FF4D1
:10A47000007A474E4FF01009F0B3317840230222A2
:10A48000204600F078FD307800F00F0000EB8000EF
:10A4900004EB80008784402371780222204600F07C
:10A4A0006AFD707800F00F0000EB800004EB800084
:10A4B000A0F86471B07800F00F0000EB800004EBAE
:10A4C0008000A0F826900823B1780322204600F0EF
:10A4D00052FDB07800F00F0000EB800004EB80002C
:10A4E0008784C5F80482D4F8D40204EB8000D0F845
:10A4F000C4020068804700E018E0C5F81482C5F87F
:10A500001882D5F80422C2B3207CB8B371784023F6
:10A51000204600F03CFD0020BDE8F087D4F8D402CE
:10A5200004EB8000C0F8C0820220F5E731780222F7
:10A530005346204600F01FFD307800F00F0000EB7E
:10A54000800004EB80008784022271785346204605
:10A5500000F011FD707800F00F0000EB800004EBBC
:10A560008000A0F86471B07800F00F0000EB80006C
:10A5700004EB8000A0F82690A5E700E001E00220AF
:10A58000CAE771785346204600F001FDC3E700009A
:10A59000C802002410B5D0F8D41200EB8101D1F824
:10A5A000C01200290AD0027C094C4AB1D1F8042219
:10A5B0004023617800F0EBFC002010BD032010BDAB
:10A5C000D1F804224FF40073617800F0E0FCF3E767
:10A5D000C8020024002907D0D0F8D42200EB820062
:10A5E000C0F8C4120020704703207047D0F8D4226E
:10A5F00000EB8200D0F8C002002803D0C0F804129B
:10A600000020704703207047D0F8D43200EB83005D
:10A61000D0F8C002002805D0C0F80812C0F81022F7
:10A6200000207047032070472DE9FC4106460C4688
:10A63000D6F8D40206EB8000D0F8C0720021019158
:10A6400000910025002F0DD0217811F0600238D044
:10A65000202A09D02146304600F0C5F803252846B7
:10A66000BDE8FC810320FBE7E2880AB3090610D5A8
:10A67000D0F8C402394694F801C083686046984710
:10A68000E288072A00D907223946304600F0D1F87F
:10A69000E5E7607887F80002E088402800D3402092
:10A6A000C2B287F801223946304600F0A8F8D6E752
:10A6B000D0F8C40200226378214686681846B04765
:10A6C000CDE7607858B10128C9D00A2817D00B28E7
:10A6D00025D02146304600F086F80325BFE796F8DE
:10A6E0009C02032805D02146304600F07CF8032563
:10A6F000B5E702226946304600F09BF8AFE796F8CE
:10A700009C02032805D02146304600F06CF8032552
:10A71000A5E70122304601A900F08BF89FE796F8E3
:10A720009C0203289BD02146304600F05CF80325AC
:10A7300095E7000010B5D0F8D41200EB8101D1F8F4
:10A74000C0220121002A03D0D2F8143213B114E040
:10A75000032010BD02F502720121D16008499468FE
:10A76000097801F00F0303EB830300EB83039C6183
:10A770009368126800F0B6FC0021084610BD000086
:10A78000C802002410B50024D0F8B82252689047BF
:10A7900000B10324204610BD90F89C22012A05D068
:10A7A000022A03D0032A01D000F01DB849880129EC
:10A7B00004D10021C0F8A41200F048B8704700206E
:10A7C00070470020704710B513460A46002100F07C
:10A7D000DEFB002010BD10B513460A46002100F034
:10A7E00081FC002010BD10B504468021204600F0F9
:10A7F0005AFC2046BDE81040002100F054BC10B5C2
:10A800000323C0F89432C0F85821C0F85C211346E5
:10A810000A46002100F0BBFB002010BD10B5052149
:10A82000C0F8941200231A46194600F0B0FB00202D
:10A8300010BD10B50223C0F894328261C261134684
:10A840000A46002100F04EFC002010BD10B5042186
:10A85000C0F8941200231A46194600F043FC002069
:10A8600010BD000010B5002806D007A00A46054913
:10A8700000F0CDF9034810BD03A00A46014900F0DD
:10A88000C6F9F7E79854002443444320436F6E66AB
:10A890006967000012200880004870478002002489
:10A8A00010B5002806D007A00A46054900F0AFF908
:10A8B000034810BD03A00A46014900F0A8F9F7E7D4
:10A8C0009854002443444320496E74657266616362
:10A8D0006500000004200880004870477C020024C6
:10A8E00010B504A00A46024900F091F9004810BDD5
:10A8F0009854002453544D6963726F656C6563749A
:10A90000726F6E696373000010B5002806D007A04F
:10A910000A46054900F07BF9034810BD03A00A462A
:10A92000014900F074F9F7E79854002453544D336B
:10A9300032205669727475616C20436F6D506F726E
:10A940007400000010B51A200880F7F7B3F9014829
:10A9500010BD0000940200240A46D188012902D0CB
:10A960001146FFF740BF90F89C12012906D002293A
:10A9700004D0032909D01146FFF735BF00218160BB
:10A98000012200F10801FFF754BF0122011DFFF76A
:10A9900050BF2DE9F84304460F46002000900026E2
:10A9A00000257988080A062870D006DC01282FD0F7
:10A9B000022835D0032804D148E0072867D00F28A3
:10A9C00017D039462046FFF70EFF0125002D0ED186
:10A9D000FA88002A71D0BDF8000000286ED08242AB
:10A9E00000D90246009231462046FFF722FFBDE81B
:10A9F000F883D4F8B402C26922B1207C694690473A
:10AA00000646E3E739462046FFF7EDFE0125DDE780
:10AA1000D4F8B412207C0A68694690470646D5E708
:10AA2000207C4FF0020840B1D4F8B802C16A6846F1
:10AA30008847064686F80180C8E7D4F8B802816ADC
:10AA400068468847064686F80180BFE7C8B20628F0
:10AA500062D2DFE800F0031223344352D4F8B40288
:10AA6000426822B1207C694690470646AEE73946E7
:10AA70002046FFF7B8FE0125A8E7D4F8B4028268A3
:10AA800032B1207C6946904706469FE74AE058E08D
:10AA900039462046FFF7A7FE012597E7D4F8B40210
:10AAA000C26822B1207C6946904706468EE7394647
:10AAB0002046FFF798FE012588E758E052E0D4F8D9
:10AAC000B402026922B1207C6946904706467DE7C0
:10AAD00039462046FFF787FE012577E7D4F8B40210
:10AAE000426922B1207C6946904706466EE73946A6
:10AAF0002046FFF778FE012568E7D4F8B4028269A2
:10AB000022B1207C6946904706465FE739462046D9
:10AB1000FFF769FE012559E739462046FFF763FE36
:10AB2000012553E7207C28B139462046FFF75BFE1C
:10AB300001254BE7D4F8B802416B684688470646C2
:10AB400044E7207C28B139462046FFF74CFE01251A
:10AB50003CE7D4F8B802016B6846884706460721EF
:10AB6000717033E739462046FFF73DFE3FE7204648
:10AB7000FFF76CFE3BE778B50E46054600242846F5
:10AB80006A8829788A4211D900910AE0694600F062
:10AB900019F84178052904D10446A178B14205D0BD
:10ABA00000246988BDF800209142EFD8204678BD86
:10ABB000002102E0491CC9B2401C0278002AF9D1E8
:10ABC000084670470A8803781A440A8001780844C6
:10ABD00070470A4690F89C12012906D0022904D039
:10ABE000032902D01146FFF7FEBDD188022902D009
:10ABF0001146FFF7F8BD0121C160D0F8A41209B1D8
:10AC00000321C160022200F10C01FFF712BE70B5F2
:10AC10000D461646002821D004462046FFF7C8FFFF
:10AC2000022101EB40014FF40070814204D820461C
:10AC3000FFF7BEFF4000801C308030782870032072
:10AC400068700220002206E02954641C401CC0B237
:10AC50002A54401CC0B221780029F5D170BD0146AC
:10AC60000020002906D0012905D0022905D003299A
:10AC700005D0032070470320704701207047032050
:10AC8000704700280FD00023C0F8B832C0F8C43293
:10AC9000C0F8D03209B1C0F8B412012180F89C127A
:10ACA000027000F0FDB80320704710B5D0F8C8025C
:10ACB000F9F788FABDE81040FFF7D1BF10B5D0F81A
:10ACC000C802F9F75BFABDE81040FFF7C8BF70B5DE
:10ACD00004460B461646002B08D043F08001204660
:10ACE000FFF76DFDFF285ED078B35CE004F114003F
:10ACF000D4F89412002502293CD1D0E902218A42DD
:10AD00000CD9521A826031462046FFF764FD0023B9
:10AD100020461A46194600F03AF92BE0914215D127
:10AD20004068884212D3D4F8981288420ED200228A
:10AD300020461146FFF74FFDC4F8985200231A46EB
:10AD40001946204600F023F914E01CE094F89C0218
:10AD5000032808D1D4F8B802C16821B1C4F8D4528C
:10AD6000C168204688478021204600F09CF9204693
:10AD7000FFF754FD94F8A002A8B1204600F0F1F9C5
:10AD800084F8A0520FE094F89C1203290BD1D4F858
:10AD9000B8124A693AB1C4F8D40220464A69194641
:10ADA0009047002800D1002070BD70B504460B46C6
:10ADB00015460022002B08D003F07F012046FFF744
:10ADC000FEFCFF2854D078B352E004F5AA70D4F802
:10ADD000941203294CD1D0E902218A420AD9521A8D
:10ADE0008260C068824200D3024629462046FFF7AF
:10ADF000EAFC3DE094F8AA0210F01F0006D00128FA
:10AE000006D002280AD0002078B11BE00020FBE722
:10AE100094F8AE122046FFF7D4FCF5E794F8AE1292
:10AE20002046FFF7CCFCEFE710E094F89C120329D2
:10AE300008D1D4F8B8120A6922B1C4F8D402204665
:10AE4000096988472046FFF701FD11E094F89C123C
:10AE500003290AD1D4F8B8128D6935B1C4F8D402E7
:10AE600020468A691946904702460AB1104670BDCD
:10AE7000002070BD0020704710B50024012180F82B
:10AE80009C12D0F8B822002A04D052680179904769
:10AE900000B10324204610BDD0F8C802F9F7BEB9AE
:10AEA00010B50178002927D11449C1F8E004C0F891
:10AEB000C81213480860092008710222CA710020D4
:10AEC00088714A728872C872087348738873C8732D
:10AED0000846F9F7EDFC08B1F6F7CFFB07488021EB
:10AEE000F9F7FDF8054840220021F9F7FCF803487E
:10AEF00080220121F9F7F7F8002010BDB86800247E
:10AF0000000008400A06D0F8C80201F07F0101EBFA
:10AF1000C10100EB810001D5807D704790F8560299
:10AF2000704710B5D0F8D42200EB8202D2F8B822D4
:10AF3000002A04D090F89C32032B02D004E00320B6
:10AF400010BD126A02B19047002010BD10B5D0F8B4
:10AF5000D42200EB8202D2F8B822002A04D090F862
:10AF60009C32032B02D004E0032010BD526A02B1D0
:10AF70009047002010BD10B514461A46D0F8C802FC
:10AF80002346F9F754F9BDE81040FFF768BE10B545
:10AF9000D0F8C802F9F779F9BDE81040FFF75FBEB5
:10AFA0002DE9F04104460025012684F89C6200202A
:10AFB000C4F894026060C4F8A40284F8A002D4F833
:10AFC000B802002806D0426822B1002120469047EE
:10AFD00000B103252046002240231146FFF7CBFF96
:10AFE000A4F864614027C4F8607140230022204621
:10AFF0008021FFF7C0FFA68427622846BDE8F081C4
:10B0000090F89C12042903D190F89D1280F89C12AC
:10B010000020704710B590F89C12032905D1D0F894
:10B02000B81211B1C96901B18847002010BD01747F
:10B030000020704710B5D0F8C802F9F714FDBDE83C
:10B040001040FFF70CBE70B5044604F2AA20054676
:10B0500000F051F80120C4F89402B4F8B002C4F82A
:10B06000980294F8AA2212F01F000AD001280ED0EC
:10B07000022812D02046BDE8704002F0800100F0A6
:10B0800012B829462046BDE8704000F025B929468F
:10B090002046BDE8704000F06ABA29462046BDE867
:10B0A000704000F054B910B5D0F8C802F9F706F9AD
:10B0B000BDE81040FFF7D3BD10B5D0F8C802F9F7CE
:10B0C000ECFCBDE81040FFF7CABD90F89C120429C3
:10B0D00003D090F89C1280F89D12042180F89C12F5
:10B0E0000020704710B5D0F8C802F9F71FF9BDE885
:10B0F0001040FFF7B4BD70B50446084601782170D2
:10B100004178801C617005462846FEF725F860806E
:10B110002846851C2846FEF71FF8A0802846801C7C
:10B12000FEF71AF8E08070BD38B5044600200090A4
:10B13000002914D0C4F8B812D4F8D40204EB80006B
:10B14000D0F8B802C16A19B168468847C4F8D0027D
:10B15000D4F8D802401CC4F8D802002038BD03201F
:10B1600038BD0020704770B504468888002821D17A
:10B17000C888F8B9488880281CD200F07F0594F868
:10B180009C0203280DD084F89E5229462046FFF7E2
:10B1900051FF2046FFF75AFB45B1022084F89C027C
:10B1A00070BD2046BDE87040FFF71DBB012084F84C
:10B1B0009C0270BD2046BDE87040FFF714BB0346FB
:10B1C0000020D3F8B822002A02D01268184610478F
:10B1D000704700002DE9F04104460F460025334E2C
:10B1E000B9783170012906D939462046FFF7FBFAB4
:10B1F0000320BDE8F08194F89C024FF00208022879
:10B200000CD0032824D039462046FFF7ECFA3178D9
:10B210002046FFF7B7FA03252846EAE7A1B16160A7
:10B220002046FFF7CCFF0546280006D039462046C9
:10B23000FFF7D9FA84F89C82EEE72046FFF706FB79
:10B24000032084F89C02E7E72046FFF7FFFAE3E7D4
:10B25000C9B16068884224D0C1B22046FFF792FA93
:10B26000317861602046FFF7AAFF0546280014D018
:10B2700039462046FFF7B7FA21792046FFF782FAD0
:10B2800084F89C82C8E784F89C8261602046FFF7BE
:10B2900079FA2046FFF7DAFABEE72046FFF7D6FA3A
:10B2A000BAE72046FFF7D2FAB6E70000C40200244E
:10B2B0004A88012A03D0022A06D0FFF794BA012156
:10B2C000C0F8A412FFF7C2BA8988090A80F8A01250
:10B2D000FFF7BCBAFFF7F0BE10B500240A7812F0F1
:10B2E000600211D0202A05D0402A03D0FFF77BFA54
:10B2F000204610BDD0F8D42200EB8202D2F8B8224A
:10B30000926890470446F3E74A780A2A1CD2DFE89D
:10B3100002F012181B151B08051B0F0BFFF739FB5A
:10B32000E6E7FFF720FFE3E7FFF754FF0446DFE718
:10B33000FFF712FBDCE7FFF74CFCD9E7FFF7B8FF9C
:10B34000D6E7FFF729FAD3E7FFF74DFAD0E72DE963
:10B35000F04105460E4600273479307810F0600041
:10B360001ED0202808D0402806D031462846FFF7B6
:10B370003AFA3846BDE8F08121462846FFF71FFA21
:10B38000FF28F6D00028F4D1C5F8D402D5F8B802C9
:10B390008268002AEDD03146284690470746E8E704
:10B3A0007078002870D0012831D0032804D03146AD
:10B3B0002846FFF718FADCE795F89C02022806D029
:10B3C000032815D031462846FFF70DFAD1E754B1CE
:10B3D000802C08D021462846FFF765FE80212846AC
:10B3E000FFF761FEC5E731462846FFF7FCF9C0E7E5
:10B3F000708840B93CB1802C05D0F08818B921463E
:10B400002846FFF750FE2846FFF720FAB1E795F8E7
:10B410009C02022806D0032815D031462846FFF7A3
:10B42000E2F9A6E754B1802C08D021462846FFF760
:10B430003AFE80212846FFF736FE9AE73146284635
:10B44000FFF7D1F995E77088002892D1600603D004
:10B4500021462846FFF729FC2846FFF7F7F9214641
:10B460002846FFF7ACF9FF2883D0002881D1C5F822
:10B47000D402D5F8B8028268002A90D03146284616
:10B480009047074675E7FFE795F89C024FF00008E4
:10B49000022806D0032825D031462846FFF7A3F915
:10B4A00067E734B1802C04D031462846FFF79BF97A
:10B4B0005FE7200607D504F07F0000EB800005EB76
:10B4C0008001143107E004F07F0000EB800005EB01
:10B4D000800101F5AA71C1F8008002222846FFF719
:10B4E000A8F946E720060CD504F00F0000EB800019
:10B4F00005EB8000808C68B931462846FFF773F968
:10B5000037E704F00F0000EB800005EB8000B0F897
:10B51000640148B120060CD504F07F0000EB8000E8
:10B5200005EB800614360CE031462846FFF75BF940
:10B530001FE704F07F0000EB800005EB800606F5B6
:10B54000AA764CB1802C07D021462846FFF7DAFCBA
:10B5500028B10120306004E0C6F8008001E0C6F8A0
:10B560000080022231462846FFF763F901E770B5F3
:10B5700005460E460024307810F0600009D02028DF
:10B5800007D0402805D031462846FFF72CF9204641
:10B5900070BD95F89C02012808D0022806D0032827
:10B5A00004D031462846FFF71EF9F0E7B088C1B253
:10B5B00001291ED8C1B22846FFF703F9FF2800D0A1
:10B5C00048B10324F0880028E1D1002CDFD12846BF
:10B5D000FFF73CF9DBE7D5F8B8128A683AB1C5F84D
:10B5E000D40228468A68314690470446EAE7032495
:10B5F000E8E731462846FFF7F6F8C8E7704700004D
:10B60000004870479866002470B50A7801234E7888
:10B6100002F00F041C4DA340012E19D0D0F81C4895
:10B6200044EA0343C0F81C3800EB4210D0F8002B6A
:10B6300012040BD4D0F8002B0B890979C3F30A0349
:10B640001A4345EA81410A43C0F8002B002070BD2F
:10B65000D0F81C489BB21C43C0F81C4800EB4210B9
:10B66000D0F800391B04F1D4D0F800390C890979DD
:10B67000C4F30A048904234341EA82510B432B4358
:10B68000C0F80039E2E7000000800010D0F800198F
:10B690006FF30A01C0F80019D0F8041841F4807162
:10B6A000C0F80418002070470FB410B504469DF888
:10B6B0001100012823D0E06840F04000E0602046FF
:10B6C00000F040F89DF8151089B3A16B21F480318A
:10B6D000A1639DF80E1001290ED1E16D89B2E165DB
:10B6E000E16D164A1143E165A16841F00601A160D0
:10B6F000A16841F02001A16010BC5DF814FBA06BB3
:10B7000020F48030A063E0680D490840E060E06804
:10B7100020F44010E0609DF81800012803D1E06893
:10B7200040F48010E060204600F00CF8D1E7FFE71D
:10B73000A16B41F48031A163CBE700000000EE0370
:10B74000BFFFBDFF08B5002300934FF07062009962
:10B75000491C00910099914201D9032008BD01695B
:10B760000029F4DA0093016941F0010101610099B7
:10B77000491C00910099914201D9032008BD01693B
:10B78000C907F4D1002008BD70B50A7801254B78AF
:10B79000012B00EB42122BD0D2F8003B002B0BDA2E
:10B7A000D2F8003B43F00063C2F8003BD2F8003B04
:10B7B00043F08043C2F8003B00F61C00046A0B789B
:10B7C00003F00F0605FA06F324EA03440462046852
:10B7D000097801F00F0105FA01F324EA0341016041
:10B7E000D2F8000B18490840C2F8000B002070BDC9
:10B7F000D2F80039002B0BDAD2F8003943F000639D
:10B80000C2F80039D2F8003943F08043C2F8003959
:10B8100000F61C00046A0B7803F00F0605FA06F325
:10B820009EB2B44304620468097801F00F0105FA7E
:10B8300001F399B28C430460D2F80009034908402F
:10B84000C2F80009D2E700000078F3EF007833EC8B
:10B85000D0F8001E21F00301C0F8001ED0F8041833
:10B8600021F00201C0F8041800207047D0F8001E33
:10B8700021F00301C0F8001ED0F8041841F00201C5
:10B88000C0F80418002070470FB42DE9F0430446B7
:10B8900000250020002704EB8001C1F80471401C42
:10B8A0000F28F8D39DF82A6046B3A06B40F400112E
:10B8B000A163C4F8007E9DF82500012831D0032142
:10B8C000204600F07DFB1021204600F0B9FA00B1BF
:10B8D0000125204600F094FA00B10125C4F8107843
:10B8E000C4F81478C4F81C7800209DF820204FF08C
:10B8F00000634FF0904C4FF67F3834E0D4F80408E2
:10B9000040F00201C4F80418A06B20F40011A163F8
:10B91000206840F040012160206840F080012160F3
:10B92000C7E79DF8230020B10121204600F048FB25
:10B93000C9E70021204600F043FBC4E704EB4011B7
:10B94000D1F80099B9F1000F06DA10B1C1F800C9B9
:10B9500004E0C4F8003901E0C1F80079C1F81079B9
:10B96000C1F80889401C8242E8D8002014E004EBAA
:10B970004011D1F8009BB9F1000F06DA10B1C1F8FF
:10B9800000CB04E0C4F8003B01E0C1F8007BC1F843
:10B99000107BC1F8088B401C8242E8D8D4F810080C
:10B9A00020F48071C4F81018A7616FF080406061C6
:10B9B0009DF8220018B9A06940F01000A061A069AC
:10B9C0000A490843A0619DF8260018B1A06940F01B
:10B9D0000800A061012E03D1A06905490843A061B8
:10B9E0002846BDE8F0035DF814FB000000383C80F9
:10B9F00004000040816821F001018160002070474F
:10BA000010B5036C124CA34205D9D0F8003B002BB3
:10BA100001DA002010BD00F53160002303600368E7
:10BA200043F400230360036843F0180303600368D2
:10BA300043F0C0430360A0F53160012906D100F551
:10BA400030604261016841F080210160002010BD3A
:10BA50000A30544F0B784A78012A00EB43100BD080
:10BA6000D0F8002B22F40012C0F8002B097903292A
:10BA700014D0022912D017E0D0F8002922F40012C5
:10BA8000C0F800290979032901D002290CD1D0F886
:10BA9000001941F08051C0F8001905E0D0F8001BF2
:10BAA00041F08051C0F8001B002070470A784B78A5
:10BAB0000978012B00EB411012D0D0F8001B0029AF
:10BAC00006DB2AB1D0F8001B21F08041C0F8001B32
:10BAD000D0F8001B41F40011C0F8001B0020704793
:10BAE000D0F80019002906DB2AB1D0F8001921F09E
:10BAF0008041C0F80019D0F8001941F40011C0F8D5
:10BB00000019EBE7F8B50C786FF060460B784F78CA
:10BB10008E4D012F00EB431329D0D3F8107B6FF328
:10BB20001207C3F8107BD3F8107B2F40C3F8107BAB
:10BB3000002C7DD00D69002D7BD08C6825446D1EB6
:10BB4000B5FBF4F5ADB26C430C62D3F8104B06EACA
:10BB5000C5452C43C3F8104BD3F8104B0D6AC5F301
:10BB600012052C43C3F8104B012A7DD0D1E00F6998
:10BB700027B3D3F810796FF31207C3F81079D3F80D
:10BB800010792F40C3F8107934B30F698D682F44B2
:10BB90007F1EB7FBF5F506EAC545D3F810693543B6
:10BBA000C3F81059D3F810590E69C6F3120635437D
:10BBB000C3F810590D79012D1AD023E003F5116354
:10BBC0001E682E401E601D6845F400251D601D681E
:10BBD0006FF312051D6015E00E698D68AE4200D945
:10BBE0000D61D0F8105945F40026C0F81069D9E766
:10BBF00003F511631D6825F0C0451D601D6845F003
:10BC000000551D60012A1BD000EB4413D3F80049F6
:10BC100044F00444C3F800490C79012C39D00A6976
:10BC2000002A0CD0D0F83428097801F00F0301E085
:10BC300048E05BE0012199400A43C0F8342882E0E3
:10BC4000CA691AB100EB4413C3F814290979012910
:10BC500016D1D0F80818C9050AD400EB4411D1F860
:10BC6000002942F0005200E04FE0C1F8002907E04F
:10BC700000EB4411D1F8002942F08052C1F80029AC
:10BC800000EB4410D0F8001941F00441C0F800194D
:10BC900059E0D0F80848E40506D4D3F8004944F048
:10BCA0000054C3F8004905E0D3F8004944F080543B
:10BCB000C3F8004900920A8A93B20A78C96800F072
:10BCC00001FA40E00C690CB18C680C618C680C6264
:10BCD000D0F8105BC4F312042543C0F8105BD0F811
:10BCE000104B44F40024C0F8104B3DE7D3F8104B40
:10BCF0008D68C5F312052C43C3F8104BD3F8104BD5
:10BD000044F40024C3F8104B2EE7CA680AB1C3F804
:10BD1000142B0979012910D1D0F80808C00506D4E0
:10BD2000D3F8000B40F00050C3F8000B05E0D3F847
:10BD3000000B40F08050C3F8000BD3F8000B40F02C
:10BD40000440C3F8000B0020F8BD0000FFFF07E02F
:10BD500038B5002200920B784D7800EB431442F284
:10BD60001073012D1AD0D4F8005B002D40DAD4F8FE
:10BD7000005B45F00065C4F8005B0C7800EB4414F0
:10BD8000D4F8005B45F08045C4F8005B009C641C5F
:10BD90000094009C9C4224D9012229E0D4F8005947
:10BDA000002D25DAD4F8005945F00065C4F8005993
:10BDB0000C7800EB4414D4F8005945F08045C4F8E1
:10BDC0000059009C641C0094009C9C4201D90122F3
:10BDD0000EE00C7800EB4414D4F80049002CF0DBA2
:10BDE00006E00C7800EB4414D4F8004B002CCDDBBB
:10BDF000104638BD816841F0010181600020704724
:10BE000008B5002300934FF070620099491C00911F
:10BE10000099914201D9032008BD01690029F4DA93
:10BE20000093102101610099491C009100999142F1
:10BE300001D9032008BD0169C906F4D4002008BD5A
:10BE400018B5002400944FF07063009A521C0092C1
:10BE5000009A9A4201D9032018BD0269002AF4DA37
:10BE60000094202242EA811101610099491C00914D
:10BE70000099994201D9032018BD01698906F4D4BB
:10BE8000002018BDD0F8080800F00600002805D0F2
:10BE9000022805D0062803D00F20704700207047E5
:10BEA00002207047406900F001007047D0F8181870
:10BEB000D0F81C08084080B27047D0F81818D0F8A5
:10BEC0001C080840000C704710B5D0F81038D0F8A6
:10BED000342801F00F04E24002F0010243EAC212EA
:10BEE00000EB4110D0F80809104010BD00EB4111E3
:10BEF000D1F8081BD0F814080840704741698069E0
:10BF00000840704730B503460846940802F0030124
:10BF1000002203F5805303E01D6840F8045B521CC7
:10BF2000A242F9D300290BD000221C68D50024FAC4
:10BF300005F300F8013B521C491E89B20029F5D1D6
:10BF400030BD70B505460024E86820F0C040E860C8
:10BF5000012902D089B1012070BDE86840F000508D
:10BF6000E8600A20F7F720F90A342846FFF79AFF1D
:10BF7000012810D0C82CF4D30DE0E86840F08040D0
:10BF8000E8600A20F7F710F90A342846FFF78AFF1D
:10BF900008B1C82CF5D3C82C01D0002070BD0120F9
:10BFA00070BD00F50060026822F4FE620260026863
:10BFB0004FF4FE6303EA01110A4302600020704758
:10BFC000D0F800280A43C0F800280020704700007D
:10BFD000022A0ED082B30921C26822F47052C260D4
:10BFE000C2684FF4705303EA81210A43C260002003
:10BFF0007047224A224B0A449A4201D20F21EBE7B2
:10C00000204A214B0A449A4201D20E21E4E71F4AFA
:10C010001F4B0A449A4201D20D21DDE71D4A1E4BF7
:10C020000A449A4201D20C21D6E71C4A1C4B0A440E
:10C030009A4202D20B21CFE71DE01A4A1A4B0A445A
:10C040009A4201D20A21C7E7184A194B0A449A4278
:10C0500001D20921C0E7174A174B0A449A4201D27C
:10C060000821B9E7154A1144154A914201D2072126
:10C07000B2E70621B0E70921AEE70000405327FFF1
:10C0800000350C00401E1BFF40420F0000DC0BFF80
:10C09000804F1200808CF9FE20D6130060B6E5FEBA
:10C0A00060E3160000D3CEFE40771B00C05BB3FEFA
:10C0B000C091210000CA91FE20753800E05459FE5D
:10C0C000E09C410010B5029C002C0DD1DB1C9C08AB
:10C0D000002300EB023000F5805003E051F8042B00
:10C0E00002605B1CA342F9D3002010BD00B58BB0E9
:10C0F000B3EE080A8DED030A354A364B11699942B1
:10C1000000DB039134490988A1F61E6100EE101A84
:10C11000B8EEC01B9FED310B81EE002BB7EEC21BBA
:10C120008DED021A01EE101A2E49B8EEC11B81EEF8
:10C13000002BB7EEC21B81ED071AB2F90E3001EEEB
:10C14000103AB8EEC11B81EE002BBDEEC20B10EE13
:10C15000103A019342238DF8103052238DF811309C
:10C160008DF81200CD2828D14888431C4B80C82860
:10C1700001D3002048809DED030AF7EE000A30EE5F
:10C18000200A8DED030A0F208DF813000398059007
:10C1900002980690BDF80400ADF81C004888ADF880
:10C1A0001E00907E8DF820009088ADF821001922A5
:10C1B0000B8804A90C48FBF77BFA192104A8F4F7B3
:10C1C000A1FC1C2104A8F4F745FA0BB000BD000047
:10C1D000F44A00240000A040204E00246F2A52613F
:10C1E0006CC13640FC000024DC080024FEE709078F
:10C1F000090E002804DB00F1E02080F800147047ED
:10C2000000F00F0000F1E02080F8141D70470000DE
:10C2100010B50C4C010E2170C0F3074212FB01F265
:10C220006280C0F3072313FB01F3A380C0B210FBAD
:10C2300001F0E08004490C68606308688363086863
:10C24000C26310BD2A0100241C070024D0ED000A9F
:10C25000F4EEC00AF1EE10FA01DD80ED000AD0ED37
:10C26000000AB1EE400AF4EEC00AF1EE10FA01D273
:10C2700080ED000A70470000DFED092AC0ED002ABA
:10C28000C0ED012AC0ED022A80ED030AC0ED040AC8
:10C2900080ED051AC0ED061A80ED072A70470000F0
:10C2A000000000002DED0A8B424E9FED43AA4FF493
:10C2B0007A777CE056F82500020E00EE102AB8EEE0
:10C2C000408AC0F3074100EE101AF8EE408AC0F32E
:10C2D000072300EE103AB8EE409AC4B200EE104ABE
:10C2E000F8EE409A6D1C56F825004FEA106C00EEEF
:10C2F00010CAF8EE400A00EE102AB8EE400A70EEBE
:10C30000C01AC0F3074200EE102AF8EE400A00EE11
:10C31000101AB8EE400A30EEC01AC0F3072100EE42
:10C32000101AF8EE400A00EE103AB8EE400A70EE2D
:10C33000C00AC0B200EE100AB8EE402A00EE104A61
:10C34000B8EE400A32EE400AC1EE8AAA81EE0ABA7D
:10C35000C0EE8ABA80EE0ACA002438EE2A8A78EE45
:10C360008B8A39EE2B9A79EE8C9ABCEEC80A10EEC5
:10C37000100ABCEEE80A010610EE100ABCEEC90A6B
:10C3800041EA004110EE100ABCEEE90A41EA002041
:10C3900010EE101A0843FFF73BFF012000F035F8BC
:10C3A000641CA4B2BC42D8D3ADB2062D82D3002502
:10C3B00080E700003802002400007A44F7F7D4FD3B
:10C3C000FCF74EFFFBF7DCFCFBF7ACFBFBF7F0FBED
:10C3D000FBF720FCFBF738FEFBF7A2FEFBF7D6FECF
:10C3E000FBF71CFDFBF75CFDFBF7D4FDFBF760FEE4
:10C3F000FBF7FCFCFBF740FC00F00FF8FEE7014602
:10C400000020842900D0C81C704710B5002800D136
:10C41000012000F00DFC002010BD10B500F0FAFC6A
:10C42000002010BD7FB504460D466169B4F90800CF
:10C43000002910D0A16971B1FFF7E1FFD4E905210E
:10C440002B46CDE9012100902269D4E9001001F0CA
:10C4500075F8039010E0FFF7D2FF03A92B46CDE952
:10C460000001208A82B2D4E9001001F035F80128D9
:10C4700002D0002004B070BD0398FBE72DE9F04125
:10C4800004460F46174EF5683068001D00F0DCFAD0
:10C4900038B9306890F82C10012088403169814308
:10C4A0003161601C07D137B13168BDE8F0410E48F9
:10C4B000091D00F00DBB2C4430684460AC4206D22C
:10C4C0003168B06B091DBDE8F04100F0E9BA316890
:10C4D000706B091D00F0E4FAB06A844200D2B462C5
:10C4E000BDE8F0814C000024B00D002470B5044676
:10C4F00000F0FAFA1C4DA868401CA860286810B12A
:10C50000686938B10CE02C60A868012808D100F0F7
:10C510004BF905E02868E16AC06A884200D82C60BF
:10C52000686A401C6862E06A01212A6981401143FF
:10C5300029610E4900EB800001EB8000211D00F015
:10C54000C7FA00F0F1FA686900280CD02868E16A9F
:10C55000C06A884207D206494FF080500860BFF396
:10C560004F8FBFF36F8F70BD4C000024D40C00249C
:10C5700004ED00E070B50C4D0C4E11E000F0B4FA83
:10C58000F068C468201D00F05FFAA868401EA8602B
:10C590006868401E686000F0C7FA204600F053F853
:10C5A00068680028EAD170BD4C0000249C0D00246E
:10C5B0000B4630B4026C002A0CD0C1681144C16033
:10C5C0008468A14201D30168C160C168184630BCCB
:10C5D000F3F7C9BF30BC70472DE9F0410446174658
:10C5E0000026A56B226C002A10D0C7B1E068F3F7D3
:10C5F000BAFFE168206C091AE1602268914202D218
:10C60000A168081AE060022F16D017E02068A8B9C8
:10C61000A06801F03DF806460020A0600EE06068CA
:10C62000F3F7A1FF216C606808446060A16888424C
:10C6300004D32068606001E005B16D1E6D1CA56328
:10C640003046BDE8F08110B5044694F8510000284A
:10C650000BD0012811D0022814D0502080F311886B
:10C66000BFF34F8FBFF36F8FFEE7206B00F072FABE
:10C670002046BDE8104000F06DBA2046BDE81040ED
:10C6800000F068BA10BD00004FF470510F48420727
:10C6900006D0C01D20F007000C49411AC1F57051A9
:10C6A0000B4A1060002353600144083921F0070150
:10C6B000183A11604B600B600B1A436001604068D0
:10C6C000906050604FF0004050617047C40D0024EE
:10C6D000A0000024074E4FF08054074DFFF74AFF9B
:10C6E00030680128FAD92C60BFF34F8FBFF36F8FEA
:10C6F000F4E70000D40C002404ED00E003460098A9
:10C70000002905D00260C3630164012100F0B0BCC0
:10C710000060F8E72DE9F04782469946DDE90858C0
:10C720000A9C521E206B00EB820020F00706700767
:10C7300007D0502080F31188BFF34F8FBFF36F8F66
:10C74000FEE7002761B1002023180A5C83F834203B
:10C750000A5C12B1401C1028F6D384F8437001E043
:10C7600084F83470072D00D30625E5626564A7645C
:10C77000201D00F092F904F1180000F08EF92461F8
:10C78000C5F10700A0616462E76484F850704A460E
:10C790005146304600F046F92060B8F1000F01D054
:10C7A000C8F80040BDE8F08770B50024124D04EBD6
:10C7B000840005EB800000F065F9641C072CF6D3BB
:10C7C0000D488C3000F05EF90B48A03000F05AF9AB
:10C7D0000948B43000F056F90748C83000F052F963
:10C7E0000548DC3000F04EF9044803498C314163C0
:10C7F0001431816370BD0000D40C00244C0000246F
:10C8000030B5134900E011460A688242FBD34B68F9
:10C810005C18844203D140681844486008460D689B
:10C8200044682318AB420DD1094B183B1B689A4250
:10C8300006D05268224442600A681268026002E030
:10C84000036000E00260814200D0086030BD00005B
:10C85000A000002410B5044600F046F9A06B20B1FA
:10C86000002400F061F9204610BD0124F9E710B55D
:10C87000044600F039F9A06BE16B884201D1012434
:10C8800000E0002400F050F9204610BD0748416B3D
:10C890000968002905D0416BC968C9684968816287
:10C8A00070474FF0FF318162704700004C00002458
:10C8B00009484068401C07D0502080F31188BFF31E
:10C8C0004F8FBFF36F8FFEE7502080F31188BFF3C7
:10C8D0004F8FBFF36F8FFEE7A80000242DE9F041D2
:10C8E000044600F001F994F9455004F1240609E0EA
:10C8F000606A48B1304600F017FF08B100F06AFAEC
:10C900006D1E6DB2002DF3DC4FF0FF3684F84560EC
:10C9100000F00AF900F0E8F894F9445004F1100727
:10C9200009E0206948B1384600F0FEFE08B100F089
:10C9300051FA6D1E6DB2002DF3DC84F84460BDE841
:10C94000F04100F0F1B800002DE9F0410546002665
:10C9500000F0A4FA324F386808B9FFF795FE7869FD
:10C9600005424DD18DB1083568070ED005F007009E
:10C97000C0F108000544680707D0502080F31188F3
:10C98000BFF34F8FBFF36F8FFEE7CDB3786885425B
:10C9900036D8234918310846046801E02146044688
:10C9A0006068A84202D220680028F7D13868844223
:10C9B00026D00E680836206808606068411B102980
:10C9C0000ED96019420707D0502080F31188BFF3B9
:10C9D0004F8FBFF36F8FFEE741606560FFF710FF79
:10C9E00061687868401A7860BA68904200D2B8608E
:10C9F00078690143616000202060F868401CF8609D
:10CA000000F0D0FE700707D0502080F31188BFF3EC
:10CA10004F8FBFF36F8FFEE73046BDE8F081000017
:10CA20008800002424384FF08073036221F0010154
:10CA3000C1610449816142606FF0020140F8201930
:10CA400070470000B1C800080169D0E901329A605E
:10CA5000D0E901235A604A68824201D182684A6063
:10CA6000002202610868401E0860086870470000E4
:10CA7000034B036003F1540008608020106070478E
:10CA80005403002400F1080141604FF0FF3282603E
:10CA9000C1600161002101607047002101617047A0
:10CAA00030B50C68621C02D000F1080202E0026995
:10CAB00004E01A4653681D68A542FAD953684B60D2
:10CAC00099608A60516008610168491C016030BD4D
:10CAD00042684A6093688B6093685960916008610E
:10CAE0000168491C01607047502080F31188BFF332
:10CAF0004F8FBFF36F8F0A494868401C4860012878
:10CB00000CD10848006810F0FF0F07D0502080F3C8
:10CB10001188BFF34F8FBFF36F8FFEE770470000A0
:10CB2000A800002404ED00E009494868002806D068
:10CB3000401E4860002801D180F3118870475020C2
:10CB400080F31188BFF34F8FBFF36F8FFEE70000B4
:10CB5000A800002470B500282AD008380446154DD6
:10CB600060686969084207D1502080F31188BFF3DB
:10CB70004F8FBFF36F8FFEE722683AB1502080F3EA
:10CB80001188BFF34F8FBFF36F8FFEE7884360605C
:10CB900000F084F960686968084468602046FFF71F
:10CBA0002FFE2869401C2861BDE8704000F0FABDE6
:10CBB00070BD0000880000244FF0E02000210161DA
:10CBC00081614FF47A7204490968B1FBF2F1491EA0
:10CBD00041610721016170474400002410B5F3F75B
:10CBE00027FC114910280ED300F1E02090F8F00343
:10CBF0000A78904207D2502080F31188BFF34F8FFC
:10CC0000BFF36F8FFEE709480068896800F4E060B1
:10CC1000884207D9502080F31188BFF34F8FBFF3AC
:10CC20006F8FFEE710BD0000A80000240CED00E0AF
:10CC3000024610B50020002A12D00F48006B38B110
:10CC4000502080F31188BFF34F8FBFF36F8FFEE743
:10CC500000F024F900211046FFF710FC00F0A2FDBF
:10CC6000002807D105494FF080500860BFF34F8F6F
:10CC7000BFF36F8F10BD00004C00002404ED00E0F6
:10CC800070B505460E460023002D0BD096B1204A04
:10CC9000106BB8B1502080F31188BFF34F8FBFF3F2
:10CCA0006F8FFEE7502080F31188BFF34F8FBFF3E3
:10CCB0006F8FFEE7502080F31188BFF34F8FBFF3D3
:10CCC0006F8FFEE700F0EAF8D2682C68A119944251
:10CCD00005D98C4208D9914206D9012304E08C423F
:10CCE00001D8914200D9012329601BB1881A002183
:10CCF000FFF7C4FB00F056FD002807D105494FF0AF
:10CD000080500860BFF34F8FBFF36F8F70BD00007E
:10CD10004C00002404ED00E070B50446FFF7E4FE8B
:10CD2000254D04B92C68201DFFF78EFE58B9E06A26
:10CD3000224A00EB800152F8211021B901218140E3
:10CD4000286988432861A06A18B104F11800FFF728
:10CD50007BFE686A401C68622868844208D11748D4
:10CD6000211DC830FFF7B4FE6868401C686007E00A
:10CD7000A868401EA8602046FFF765FCFFF786FD07
:10CD8000FFF7D2FE6869002814D02868844211D1C8
:10CD9000286B38B1502080F31188BFF34F8FBFF359
:10CDA0006F8FFEE706494FF080500860BFF34F8F4A
:10CDB000BFF36F8F70BD00004C000024D40C002422
:10CDC00004ED00E002490A6A0260C96841607047E8
:10CDD0004C00002401490120C86170474C00002428
:10CDE00010B50C4600280AD0094909681831FFF728
:10CDF00057FE2046BDE810400121FFF73FBB502001
:10CE000080F31188BFF34F8FBFF36F8FFEE70000F1
:10CE10004C00002410B586B000240594049403AAA5
:10CE200004A905A8FFF724FEDDE90410039A0023F6
:10CE300002901848CDE9004114A100F07FFB16498B
:10CE4000C86208B1012000E00020012809D0401C80
:10CE500019D1502080F31188BFF34F8FBFF36F8F2C
:10CE6000FEE7502080F31188BFF34F8FBFF36F8F21
:10CE70004FF0FF30886201204861CC6006B0BDE809
:10CE8000104000F043B806B010BD000049444C45C6
:10CE900000000000D5C600084C0000240248016BC9
:10CEA000491C0163704700004C000024154A106BB8
:10CEB000002802D00120D06170470020D0611069A5
:10CEC000B0FA80F0C0F11F000F4900EB800051F86C
:10CED000203073B101EB800041684968416000F186
:10CEE0000803994201D1496841604068C0681060F8
:10CEF0007047502080F31188BFF34F8FBFF36F8FBF
:10CF0000FEE700004C000024D40C00241CB5374878
:10CF10000168374A914207D1502080F31188BFF34E
:10CF20004F8FBFF36F8FFEE700683149491E88427B
:10CF300007D1502080F31188BFF34F8FBFF36F8F5D
:10CF4000FEE72C4908780190FF20087008780090CF
:10CF50009DF800009DF8002000F0F000904207D0FE
:10CF6000502080F31188BFF34F8FBFF36F8FFEE720
:10CF70009DF80000204C00F0500020700720A060B9
:10CF800006E0A068401EA0609DF8000040000090F0
:10CF90009DF800000006F4D4A068032807D05020B4
:10CFA00080F31188BFF34F8FBFF36F8FFEE74FF40D
:10CFB0004070A060019808700C482030016841F46E
:10CFC00070010160016841F070410160FFF7F4FDFC
:10CFD00000206060F3F7F4F90848016841F040412F
:10CFE0000160F3F7D9F900201CBD000000ED00E05E
:10CFF00071C20F4100E400E0A800002434EF00E01B
:10D0000010B5502080F31188BFF34F8FBFF36F8F9F
:10D0100000F0D6FA18B104494FF0805008600020A3
:10D0200080F3118810BD000004ED00E0F8B505465E
:10D030000E461746002D13D005FB06F04830FFF7CB
:10D0400083FC044654B122464832002084F846004E
:10D050003B46314628460094FFF750FB2046F8BD7A
:10D06000502080F31188BFF34F8FBFF36F8FFEE71F
:10D0700070B504460D46002C25D0FFF735FDD4E9E8
:10D080000F20216802FB0011A1600021A16321682B
:10D090006160E06B216C401E226800FB0121E160B1
:10D0A0004FF0FF3084F8440084F8450004F110008C
:10D0B0008DB1FFF7E7FC04F12400FFF7E3FCFFF775
:10D0C00033FD012070BD502080F31188BFF34F8FD6
:10D0D000BFF36F8FFEE721690029F0D000F024FB39
:10D0E0000028ECD004494FF080500860BFF34F8F08
:10D0F000BFF36F8FE3E7000004ED00E02DE9FF4789
:10D1000082B004468A461E460025002C03D0BAF1A0
:10D11000000F08D011E0502080F31188BFF34F8F2B
:10D12000BFF36F8FFEE7206C38B1502080F3118879
:10D13000BFF34F8FBFF36F8FFEE7022E0AD1E06B74
:10D14000012807D0502080F31188BFF34F8FBFF321
:10D150006F8FFEE700F020FA48B9049838B15020EC
:10D1600080F31188BFF34F8FBFF36F8FFEE7DFF8B7
:10D17000EC804FF080574FF00009FFF7B5FCA06B33
:10D18000E16B884205D3022E03D0049808B325B37F
:10D1900027E0324651462046FFF71EFA616A59B130
:10D1A00004F1240000F0C0FA68B1C8F80070BFF3C1
:10D1B0004F8FBFF36F8F06E028B1C8F80070BFF340
:10D1C0004F8FBFF36F8FFFF7AFFC012006B0BDE8B4
:10D1D000F087FFF7A9FC0020F8E76846FFF7F2FDAB
:10D1E0000125FFF7A1FCFFF759FEFFF77DFC94F93D
:10D1F0004400401C01D184F8449094F94500401C3F
:10D2000001D184F84590FFF78FFC04A9684600F02F
:10D2100025F930B12046FFF761FB00F0C3FA00208A
:10D22000D4E72046FFF723FB90B1049904F11000E6
:10D23000FFF7D6FD2046FFF751FB00F0B3FA0028B8
:10D240009BD1C8F80070BFF34F8FBFF36F8F94E787
:10D250002046FFF743FB00F0A5FA8EE704ED00E05F
:10D260002DE9F0470446894690461F46002C03D01E
:10D27000B9F1000F08D011E0502080F31188BFF3FE
:10D280004F8FBFF36F8FFEE7206C38B1502080F3D3
:10D290001188BFF34F8FBFF36F8FFEE7022F0AD1C4
:10D2A000E06B012807D0502080F31188BFF34F8F27
:10D2B000BFF36F8FFEE7FFF791FC5020EFF311866D
:10D2C00080F31188BFF34F8FBFF36F8FA06BE16BBB
:10D2D000884206D3022F04D0002086F31188BDE8CF
:10D2E000F08794F94550A06B3A4649462046FFF72F
:10D2F00073F9681C04D06D1C84F845500120ECE7DC
:10D30000606A0028FAD004F1240000F00DFA002829
:10D31000F4D0B8F1000FF1D00120C8F80000EDE71B
:10D320002DE9F74783B004468A460026002C03D037
:10D33000BAF1000F08D011E0502080F31188BFF33C
:10D340004F8FBFF36F8FFEE7206C38B1502080F312
:10D350001188BFF34F8FBFF36F8FFEE700F01CF90A
:10D3600048B9059838B1502080F31188BFF34F8F2A
:10D37000BFF36F8FFEE7DFF8E09000274FF0805893
:10D38000FFF7B2FBA56BC5B151462046FFF710F978
:10D390006D1EA563206950B104F1100000F0C4F9BE
:10D3A00028B1C9F80080BFF34F8FBFF36F8FFFF72D
:10D3B000BBFB012006B0BDE8F087059808B126B197
:10D3C00007E0FFF7B1FB0020F4E701A8FFF7FAFC44
:10D3D0000126FFF7A9FBFFF761FDFFF785FB94F935
:10D3E0004400401C01D184F8447094F94500401C6D
:10D3F00001D184F84570FFF797FB05A901A800F05B
:10D400002DF858B12046FFF769FA00F0CBF9204615
:10D41000FFF720FA0028B3D00020CBE72046FFF723
:10D4200019FA90B1059904F12400FFF7D9FC2046C0
:10D43000FFF754FA00F0B6F90028A1D1C9F800802E
:10D44000BFF34F8FBFF36F8F9AE72046FFF746FA7F
:10D4500000F0A8F994E7000004ED00E02DE9F041A8
:10D4600005460C46002D11D0C4B1FFF73DFB194E07
:10D47000F0686B68C11A2268571C17D02F68366A8B
:10D48000B74215D0834213D801241DE0502080F309
:10D490001188BFF34F8FBFF36F8FFEE7502080F3EB
:10D4A0001188BFF34F8FBFF36F8FFEE700240BE0AF
:10D4B0008A4206D9501A20602846FFF783FC0024D0
:10D4C00002E0002020600124FFF72EFB2046BDE88B
:10D4D000F08100004C0000242DE9FF5F81468A4660
:10D4E00016469B46DDE90E78B000FFF72DFA05469B
:10D4F00028000AD05420FFF727FA04460CB1256310
:10D5000004E02846FFF726FB00E000249CB1002041
:10D5100084F85100CDE900785B463246CDE90240FF
:10D5200051464846FFF7F6F82046FEF7DFFF012098
:10D5300004B0BDE8F09F4FF0FF30F9E7F0B585B0DB
:10D540000746DDE90A600C9C002815D0E4B154259B
:10D5500003952063022084F85100002004ADCDE93A
:10D560000240CDE900653846FFF7D4F82046FEF7C3
:10D57000BDFF049805B0F0BD502080F31188BFF3C3
:10D580004F8FBFF36F8FFEE7502080F31188BFF3FA
:10D590004F8FBFF36F8FFEE705484169002903D025
:10D5A000006B18B1002070470120704702207047BF
:10D5B0004C0000240148C068704700004C00002463
:10D5C0002DE9F0410026304F386B002805D0B869AE
:10D5D000401CB8613046BDE8F081FD686D1CFD60FF
:10D5E0009DB9786B006838B1502080F31188BFF383
:10D5F0004F8FBFF36F8FFEE7786BB96B7963B863BA
:10D60000386A401C3862FFF741F9B86ADFF87C805D
:10D6100085420DD3786B006838B1786BC068C468F8
:10D620006068854212D2B86202E04FF0FF30B86203
:10D630003868C06A00EB800058F82000012800D943
:10D640000126F8690028C5D00126C3E7201DFFF791
:10D65000FBF9A06A18B104F11800FFF7F5F9E06AC8
:10D6600001213A6981401143396100EB8000211D9D
:10D6700008EB8000FFF72CFAE06A3968C96A884233
:10D68000C8D30126C6E700004C000024D40C0024B7
:10D6900070B504460020002C41D0214D29688C42F1
:10D6A00007D0502080F31188BFF34F8FBFF36F8FE7
:10D6B000FEE7A16C71B1491EA164636CE26A9A42F3
:10D6C0002DD000292BD1201DFFF7BEF9154A0121CD
:10D6D00040B112E0502080F31188BFF34F8FBFF3A9
:10D6E0006F8FFEE7E06A00EB800352F8233023B926
:10D6F00001FA00F3286998432861606CE062C0F188
:10D700000700A061E06A2B6981401943296100EBA1
:10D710008000211D02EB8000FFF7DAF9012070BDC7
:10D720004C000024D40C00242DE9F041C068C468EA
:10D73000002C15D004F118000746FFF785F9174DA6
:10D740002A6B0126A2B116483946FFF7C1F9E06AF3
:10D750002968C96A88421ED90120EE61BDE8F081BE
:10D76000502080F31188BFF34F8FBFF36F8FFEE718
:10D77000201DFFF769F9E06A2A6906FA00F11143F2
:10D780002961074900EB8000B43901EB8000211DBD
:10D79000FFF79EF9DBE70020E0E700004C000024E3
:10D7A000880D00242DE9F041002400272D4D286B21
:10D7B000002807D0FFF798F9286B401E2863286BD4
:10D7C00040B14AE0502080F31188BFF34F8FBFF380
:10D7D0006F8FFEE7A868E8B3DFF88C8001261EE0B3
:10D7E000D8F80C00C46804F11800FFF72DF9201DCB
:10D7F000FFF72AF9E06A2A6906FA00F11143296164
:10D80000194900EB8000B43901EB8000211DFFF7BE
:10D810005FF9E06A2968C96A884200D3EE61D8F8E6
:10D8200000000028DCD10CB1FFF730F8AC6944B13E
:10D83000FFF7C6FE00B1EE61641E002CF8D1002097
:10D84000A861E86930B10127084938070860BFF3CB
:10D850004F8F00E001E0BFF36F8FFFF765F93846A7
:10D86000BDE8F0814C000024880D002404ED00E0A8
:10D870004FF04070E1EE100A70470000E8DC00084D
:10D880003D92000800000000000000008000000041
:10D890000000000000000000F4DC00081D07000884
:10D8A00003000000000000008000000000000000F5
:10D8B00000000000C0DC00088D1900080100000015
:10D8C0000000000000010000000000000000000057
:10D8D000D4DC0008111A000801000000000000005C
:10D8E000000100000000000000000000B0DC0008A3
:10D8F00061090008020000000000000000010000B3
:10D90000000000000000000060DC0008A5C2000864
:10D910000000000000000000800000000000000087
:10D92000000000009CDC00082991000802000000B3
:10D9300000000000000200000000000000000000E5
:10D9400064DC0008E5A10008010000000000000000
:10D9500000010000000000000000000080DC000862
:10D9600065830008020000000000000000010000C4
:10D97000000000000000000000061016000610164F
:10D980000001020304050607080C1014182030409B
:10D990000000000000000000000000000000000087
:10D9A0000000000001000000020000000300000071
:10D9B000040000000000000005000000000000005E
:10D9C0000000000000000000060000000000000051
:10D9D000000000000000000007000000010002003D
:10D9E0000400060008000A000C001000200040009F
:10D9F0008000000101010103070100000804020486
:10DA000008010101000000000102030401020304F7
:10DA100006070809000040400000404000000040A8
:10DA2000000000400000803F0000000000000000F7
:10DA30000000404000004040000000400000803FE7
:10DA40000000803F00000000000080BF0000004098
:10DA500000000040000000400000803F0000000087
:10DA6000000080BF000080BF0000004000000040B8
:10DA70000000803F00000000000080BF000000C0E8
:10DA8000000000C00000803F0000803F0000000058
:10DA9000000080BF000080BF000000C0000000C088
:10DAA0000000803F00000000000080BF000000C0B8
:10DAB000000000C0000000C0000040C000000000E6
:10DAC00000000000000000C0000000C0000000C016
:10DAD000000040C0000040C0000040C0000040C046
:10DAE000000000C0000000C0000080BF0000000077
:10DAF00000000000000040C0000040C0000000C066
:10DB0000000080BF000080BF000000000000000097
:10DB1000000040C0000000C0000080BF000080BFC7
:10DB2000000000000000803F0000803F000000C0B7
:10DB3000000000C0000080BF000000000000803F27
:10DB40000000004000000040000080BF000080BFD7
:10DB5000000000000000803F0000803F0000004007
:10DB60000000404000000000000000000000803F76
:10DB70000000803F000000400000404000004040A6
:10DB800000000000000000000000803F0000004096
:10DB90000000004000004040000040400000803F86
:10DBA000000080BF000040C0000040C0000040C036
:10DBB000000000C00000803F0000803F000080BFE8
:10DBC000000040C0000000C0000000C0000080BF96
:10DBD0000000000000000000000080BF000000C046
:10DBE000000000C0000080BF000080BF00000000F7
:10DBF00000000000000080BF000080BF000080BF68
:10DC0000000080BF000080BF000000000000000096
:10DC10000000000000000000000000000000000004
:10DC2000000000000000000000004040000080BF35
:10DC30000000803F0000803F0000803F0000803FE8
:10DC40000000404000004040000000400000004054
:10DC5000000000400000803F0000803F0000404086
:10DC60006C6564005461736B5F436F6D6D756E69B5
:10DC700063617465546F50435F48616E646C650006
:10DC80005461736B5F4F66664C696E65436865638C
:10DC90006B5F48616E646C6500000000526F626FDC
:10DCA000745F436F6E74726F6C5F5461736B0000CE
:10DCB000466463616E5F53656E645461736B00000C
:10DCC000466463616E315F52656365697665546170
:10DCD000736B0000466463616E325F526563656911
:10DCE00076655461736B000064656661756C74548D
:10DCF00061736B0053746172745461736B00000044
:10DD000020DD00080000002454030000D4020008B5
:10DD100088DE000854030024AC70000030030008C3
:10DD20000138320182103C90D00304015F1AAA012D
:10DD300001121B7A4404022CC41389091408350A01
:10DD40001B08E8B21E630BB64161040118131519D4
:10DD50001B085904C113E57814086D791B088D045C
:10DD600013157A1408F84D1424204E1424057B1B37
:10DD70000849101A330421123C321E290401240DD3
:10DD80001244FDBC020C6570FE9001032080BF139D
:10DD9000310B1C08250E9412871B08B90C1BD5905B
:10DDA0001012161B087904135D865B084A4A21632A
:10DDB000E4FD031CE01513591A1B0855041AC53C51
:10DDC0001AED042B6591D8612AFF03190519074A3A
:10DDD000FF077913390F411B95A88419041AE10430
:10DDE0001309A91B0845041A650C1AA1044117045C
:10DDF0000309041201140202021640830440571D55
:10DE000002010203A4031A1A0313990A1B089304BC
:10DE10001A8B041ABD041A01E84114810182130A05
:10DE20000632022A40E71C0902434F1125C032097D
:10DE3000041B01020B13052416100105240110090F
:10DE40000104240202052406170107058203081CA9
:10DE500010090485320A2E0705010240072A8107AE
:10DE6000111339A41408A9A24C0829A664133DA3D0
:10DE70001408F3A11B086B14C11ABD181A81041AE7
:08DE8000FD041A750400000006
:040000050800029954
:00000001FF
