:020000040800F2
:10000000006B0024A503000879C40008A1B500080E
:1000100071C40008D90A000809F0000800000000B7
:1000200000000000000000000000000021CC0008DB
:10003000E118000800000000F1C4000811D0000819
:10004000BF030008BF030008BF030008BF03000888
:10005000BF030008BF030008BF030008BF03000878
:10006000BF030008BF030008BF030008BF03000868
:10007000110B0008210B0008310B0008410B000890
:10008000BF030008BF030008BF030008F9180008F9
:1000900009190008BF030008BF030008BF030008D8
:1000A000BF030008BF030008BF030008BF03000828
:1000B00041D20008BF030008BF030008BF030008C7
:1000C000BF030008BF030008BF030008BF03000808
:1000D000BF030008BF030008A1EF0008B1EF00084C
:1000E000BF030008BF03000800000000BF030008B2
:1000F000BF030008BF030008BF030008BF030008D8
:10010000BF030008BF030008BF030008BF030008C7
:10011000BF030008BF030008BF030008BF030008B7
:10012000BF030008510B0008610B0008BF03000863
:10013000BF030008BF030008BF030008BF03000897
:1001400000000000000000000000000000000000AF
:10015000BF030008BF030008BF030008BF03000877
:10016000BF030008BF030008BF030008BF03000867
:10017000BF030008BF030008BF0300080000000021
:10018000BF030008BF03000841DC0008BF030008EC
:10019000BF030008BF030008BF030008BF03000837
:1001A000BF030008BF030008BF03000800000000F1
:1001B000BF030008BF030008BF030008BF03000817
:1001C000BF030008BF03000800000000000000009B
:1001D0000000000000000000BF0300080000000055
:1001E000000000000000000000000000000000000F
:1001F0000000000000000000BF030008BF0300086B
:10020000BF030008BF03000800000000BF03000890
:10021000BF030008BF030008BF030008BF030008B6
:10022000BF03000800000000BF030008000000003A
:10023000BF030008BF03000800000000BF03000860
:10024000BF030008BF030008BF030008BF03000886
:10025000BF030008BF030008BF030008BF03000876
:10026000BF030008BF030008BF030008BF03000866
:10027000BF030008BF030008BF0300080000000020
:10028000BF030008BF030008BF030008BF03000846
:1002900000000000BF030008BF03000800000000CA
:1002A00000000000BF030008BF030008BF030008F0
:1002B000BF030008BF030008BF030008BF03000816
:1002C000BF030008BF030008BF03000800F002F8E6
:1002D00000F058F814A696E8000CB244B344DA458E
:1002E00001D100F04FF8BAE80F000FA696E83000F1
:1002F000A5EB040504EB0607AAEB0704A7F1010729
:100300004FEA15154FEA3414A4F10104AC4201D3AD
:1003100000F038F813F0010F18BFFB1A43F0010387
:1003200000F001F8DBE71847DC8801000C890100C8
:10033000103A24BF78C878C1FAD8520724BF30C811
:1003400030C144BF04680C60704700007047000073
:100350000023002400250026103A28BF78C1FBD8CE
:10036000520728BF30C148BF0B6070471FB517F058
:10037000C7FC9DE8030000F0D9F900F0A5F91FBD06
:1003800010B510BD00F064FA1146FFF7EFFF13F04F
:100390000BFF00F082FA03B4FFF7F2FF03BC00F09A
:1003A000B3FA00000948804709480047FEE7FEE726
:1003B000FEE7FEE7FEE7FEE7FEE7FEE7FEE7FEE715
:1003C00004480549054A064B7047000001D1000862
:1003D000CD02000800000020006B00240000022075
:1003E0000063002470B5064600F084F9056806F144
:1003F0000B0020F00704B4429CBF002070BD2B46C8
:100400006A68BAB11068A04210D304F108018842AA
:100410003CBF5068586007D351681019416011689B
:10042000091B016058601460101D70BD13465268AE
:10043000002AE7D12146284600F064F90028DED1E1
:1004400070BD53EA020C00F069802DE9F04B4FF0CB
:100450000006002B1FBFB3FA83F503FA05F424FA54
:1004600005F65E4012BF1643B2FA82F502FA05F4B1
:10047000C5F120051EBF22FA05FC44EA0C04203514
:1004800056EA044C4FEA144418BF641C4FF00008AD
:100490004FF00009904271EB030C39D3002919BFCA
:1004A000B1FA81F701FA07F6B0FA80F700FA07F619
:1004B000C7F120071EBF20FA07FC46EA0C062037CA
:1004C000B6FBF4FCA7EB0507103F07F01F0BCBF1C1
:1004D00020062CFA06F60CFA0BFB44BFB3460026A6
:1004E000202FA4BF5E464FF0000B5BEA060C08BF4E
:1004F0004FF0010B19EB0B0948EB0608ABFB027C34
:1005000006FB02CC0BFB03CCC01B71EB0C01C1E75B
:100510000B46024641464846BDE8F08B13B50843FA
:1005200018BF4FF0FF300146AFF30080BDE81C401C
:100530007047032A40F2308010F0030C00F0158061
:1005400011F8013BBCF1020F624498BF11F801CBD6
:1005500000F8013B38BF11F8013BA2F1040298BF3B
:1005600000F801CB38BF00F8013B11F0030300F0A5
:100570002580083AC0F0088051F8043B083A51F849
:1005800004CBA0E80810F5E7121D5CBF51F8043B4E
:1005900040F8043BAFF30080D20724BF11F8013BC1
:1005A00011F801CB48BF11F8012B24BF00F8013B23
:1005B00000F801CB48BF00F8012B704710B5203A76
:1005C000C0F00B80B1E81850A0E81850B1E81850FE
:1005D000A0E81850203ABFF4F5AF5FEA027C24BFD0
:1005E000B1E81850A0E8185044BF18C918C0BDE8B9
:1005F00010405FEA827C24BF51F8043B40F8043B82
:1006000008BF7047D20728BF31F8023B48BF11F836
:10061000012B28BF20F8023B48BF00F8012B704790
:1006200002F0FF0343EA032242EA024200F024B848
:100630004FF000020429C0F0128010F0030C00F00B
:100640001B80CCF1040CBCF1020F18BF00F8012B89
:10065000A8BF20F8022BA1EB0C0100F00DB85FEA57
:10066000C17C24BF00F8012B00F8012B48BF00F823
:10067000012B70474FF0000200B513469446964692
:10068000203922BFA0E80C50A0E80C50B1F12001A5
:10069000BFF4F7AF090728BFA0E80C5048BF0CC053
:1006A0005DF804EB890028BF40F8042B08BF7047B1
:1006B00048BF20F8022B11F0804F18BF00F8012B23
:1006C000704770477047704708487CB57844009081
:1006D00007487844009C0546019004E020460168E4
:1006E00008448047241DAC42F8D17CBD64850100DC
:1006F0006285010000487047800000247047704701
:100700007047704738B504460A4600206946AFF383
:100710000080002808BF38BD02460099204600F03E
:1007200075F8012038BD012000F08AB8F8B5AFF3A4
:100730000080054600200C460C2000BF0646A81984
:10074000A0420DD9324669460020AFF30080070071
:1007500008BF00F075F80098A04218BF0546C419FC
:10076000FFF7C8FF05600746F01D20F00700461997
:10077000284600F00AF8B44208BFF8BDA21B314673
:100780003868BDE8F84000F041B8002101604160E0
:1007900070470C20704770B50446051FFFF7AAFF8D
:1007A0000068002C14BF446870BD002C18BFAC4218
:1007B0003CBF20466468F8D301680A18AA4218BFF3
:1007C000456003D12A680546114401602868411933
:1007D000A1421CBF6C6070BD6168696021680844FB
:1007E000286070BD10B500F00DF8006810BD10B5A0
:1007F000044600F007F8046010BD00000048704790
:1008000078000024004870477800002403464068C0
:100810008C46002818BF88423CBF03464068F8D386
:1008200018681844884207D00CF1030020F0070034
:10083000001D411A521A0146081D0A60FFF7ABBF9E
:1008400010B500F039F8BDE8104000F02FB870473F
:100850007546FFF7D3FFAE4605006946534620F0C4
:100860000700854618B020B5FFF7AAFDBDE8204077
:100870004FF000064FF000074FF000084FF0000B5C
:10088000AC46ACE8C009ACE8C009ACE8C009ACE8CB
:10089000C00921F007018D46704710B50446AFF33B
:1008A00000802046BDE81040FFF775BD002801D04C
:1008B00000F02AB87047000010B5012805D00021CB
:1008C00003A000F027F8012010BD09A1F8E70000FF
:1008D00053494752544D454D3A204F7574206F6629
:1008E0002068656170206D656D6F72790000000091
:1008F0003A2048656170206D656D6F727920636F75
:10090000727275707465640001491820ABBEFEE711
:100910002600020070B505460C460A2000E06D1C5A
:1009200000F011F835B128780028F8D102E0641CF5
:1009300000F009F814B120780028F8D1BDE8704023
:100940000A20AFF3008008B569468DF80000032047
:10095000ABBE08BD0000000083B002900191ADF86D
:100960000220019802994861BDF80200029988614D
:100970000299082088740299C8740299002088801E
:100980000299C88002990881029988810299488158
:100990000299C873029908740299088002994880E4
:1009A00003B07047000000002DE9F04F8DB0DDF876
:1009B00078A0DDF87490DDF870801B9F1A9E199D59
:1009C000189CDDF85CE0DDF858C0CDF830A0CDF81B
:1009D0002C90CDF828800997089607950694CDF8B5
:1009E00014E0CDF810C00393029201910090019899
:1009F00040F20F11884226D1FFE79DF82C109DF898
:100A00002D0040EA01204042009988809DF82E1078
:100A10009DF82F0040EA01204042009908819DF88E
:100A200030109DF8310040EA01200099C8809DF8FF
:100A300032109DF8330040EA012000994881009966
:100A400001200874FFE7019840F21F11884214D179
:100A5000FFE79DF82C109DF82D0040EA0120009939
:100A600088819DF83000009988739DF833000099C3
:100A7000C873009901200874FFE70DB0BDE8F08F3E
:100A800080B582B00190019948780877019908787B
:100A900048770199002088770199C877019AD17821
:100AA00082F82010019A917882F82110019981F83A
:100AB0002200019981F8230040F20000C2F20040B8
:100AC000D0F804C0019B5869198B03F11C02DB7C30
:100AD000E04702B080BD0000FFE7FEE70000000035
:100AE00080B540F22010C2F2004090ED1D0AB5EE34
:100AF000400AF1EE10FA07D0FFE740F23050C2F2A0
:100B000000400FF0A1FCFFE780BD000000000000E6
:100B100080B541F2B030C2F2004002F0D1F980BDA0
:100B200080B541F22840C2F2004002F0C9F980BD10
:100B300080B541F2A040C2F2004002F0C1F980BD90
:100B400080B541F21850C2F2004002F0B9F980BD00
:100B500080B541F23830C2F2004002F0B1F980BDF8
:100B600080B541F2C020C2F2004002F0A9F980BD78
:100B700083B002900298016801201022C4F20202A0
:100B80009142009000F0A380FFE7029801680120E5
:100B90002822C4F202029142009000F09880FFE700
:100BA0000298016801204022C4F2020291420090A2
:100BB00000F08D80FFE70298016801205822C4F2FE
:100BC00002029142009000F08280FFE702980168E3
:100BD00001207022C4F202029142009077D0FFE718
:100BE0000298016801208822C4F20202914200901A
:100BF0006DD0FFE7029801680120A022C4F2020232
:100C00009142009063D0FFE7029801680120B8226A
:100C1000C4F202029142009059D0FFE702980168A5
:100C2000012040F21042C4F20202914200904ED0E4
:100C3000FFE702980168012040F22842C4F2020254
:100C40009142009043D0FFE702980168012040F2F2
:100C50004042C4F202029142009038D0FFE702986D
:100C60000168012040F25842C4F202029142009011
:100C70002DD0FFE702980168012040F27042C4F2D3
:100C800002029142009022D0FFE702980168012001
:100C900040F28842C4F202029142009017D0FFE76E
:100CA00002980168012040F2A042C4F2020291427F
:100CB00000900CD0FFE7029800684FF64831CBF661
:100CC000FD710844B0FA80F040090090FFE70098F9
:100CD000C00740B3FFE70298007810384AF6AB210E
:100CE000CAF6AA21A0FB011000090190019800F0AA
:100CF000070147F63070C0F60100405C0299C865F4
:100D00000198042807D3FFE702990868042262F3D8
:100D10000900886506E00299086840F2FF329043B6
:100D20008865FFE705E00299086820F0FF00886504
:100D3000FFE70298806D03B07047000000000000DC
:100D400084B0039003980068019003980168012023
:100D500045F20842C5F60202914200904ED0FFE7EC
:100D600003980168012045F21C42C5F60202914237
:100D7000009043D0FFE703980168012045F230421C
:100D8000C5F602029142009038D0FFE7039801684F
:100D9000012045F24442C5F60202914200902DD056
:100DA000FFE703980168012045F25842C5F60202A8
:100DB0009142009022D0FFE703980168012045F29C
:100DC0006C42C5F602029142009017D0FFE70398EB
:100DD0000168012045F28042C5F60202914200906E
:100DE0000CD0FFE7039800684AF66C31CAF2FD7137
:100DF0000844B0FA80F040090090FFE70098C0076F
:100E000010B3FFE70398007808384CF6CD41CCF6D4
:100E1000CC41A0FB011000090290029945F60000A8
:100E2000C5F6020000EB810003990866039945F6B8
:100E30008000C5F602004866029800F01F010120FC
:100E400088400399886635E00398007810384AF6A0
:100E5000AB21CAF6AA21A0FB01100009029001985B
:100E600040F2B841C4F2020188420CD8FFE7019871
:100E700040F21041C4F20201884204D3FFE7029815
:100E800008300290FFE7029940F60000C4F2020029
:100E900000EB810003990866039940F68000C4F2D4
:100EA00002004866029800F01F0101208840039963
:100EB0008866FFE704B0704783B00290029800791B
:100EC00001900198002800F08A80FFE70198082827
:100ED00000F28580FFE702980168012045F2084290
:100EE000C5F60202914200904ED0FFE702980168D9
:100EF000012045F21C42C5F602029142009043D007
:100F0000FFE702980168012045F23042C5F602026F
:100F10009142009038D0FFE702980168012045F225
:100F20004442C5F60202914200902DD0FFE702989C
:100F30000168012045F25842C5F602029142009034
:100F400022D0FFE702980168012045F26C42C5F605
:100F500002029142009017D0FFE702980168012039
:100F600045F28042C5F60202914200900CD0FFE7A4
:100F7000029800684AF66C31CAF2FD710844B0FA72
:100F800080F040090090FFE70098C00780B1FFE7BC
:100F9000019945F6FC00C5F6020000EB81000299BC
:100FA000C866029945F64010C5F6020008670FE0D2
:100FB000019940F6FC00C4F2020000EB81000299A6
:100FC000C866029940F64010C4F202000867FFE7C5
:100FD0000198411E0120884002994867FFE703B04D
:100FE000704700000000000085B0049000208DF8DC
:100FF0000F000498806918BBFFE70498806A02908C
:1010000003281BD80299DFE801F0020D02180498AA
:1010100090F82F00C00720B1FFE701208DF80F00E6
:10102000FFE70CE00498C06AB0F1C07F04D1FFE78D
:1010300001208DF80F00FFE701E000E0FFE747E047
:1010400004988069B0F5005F26D1FFE70498806AB4
:10105000019003281ED80199DFE801F00206021171
:1010600001208DF80F0016E0049890F82F00C007BB
:1010700020B1FFE701208DF80F00FFE70BE0049897
:10108000C06AB0F1C07F04D1FFE701208DF80F00E6
:10109000FFE700E0FFE71AE00498806A0090032869
:1010A00004D3FFE70098032804D00EE001208DF858
:1010B0000F000BE0049890F82F00C00720B1FFE765
:1010C00001208DF80F00FFE700E0FFE7FFE7FFE7F3
:1010D0009DF80F0005B0704789B0089007910692FF
:1010E00005930898806D04900898806D0390089887
:1010F000016801201022C4F202029142029000F025
:101100000381FFE70898016801202822C4F2020247
:101110009142029000F0F880FFE7089801680120F2
:101120004022C4F202029142029000F0ED80FFE7FB
:101130000898016801205822C4F2020291420290EC
:1011400000F0E280FFE70898016801207022C4F2F5
:1011500002029142029000F0D780FFE708980168F0
:1011600001208822C4F202029142029000F0CC8059
:10117000FFE7089801680120A022C4F20202914210
:10118000029000F0C180FFE7089801680120B822B2
:10119000C4F202029142029000F0B680FFE7089884
:1011A0000168012040F21042C4F202029142029012
:1011B00000F0AA80FFE708980168012040F2284269
:1011C000C4F202029142029000F09E80FFE708986C
:1011D0000168012040F24042C4F2020291420290B2
:1011E00000F09280FFE708980168012040F2584221
:1011F000C4F202029142029000F08680FFE7089854
:101200000168012040F27042C4F202029142029051
:101210007AD0FFE708980168012040F28842C4F2C2
:101220000202914202906FD0FFE708980168012006
:1012300040F2A042C4F202029142029064D0FFE761
:1012400008980168012040F2B842C4F202029142BB
:10125000029059D0FFE708980168012045F2084242
:10126000C5F60202914202904ED0FFE7089801684D
:10127000012045F21C42C5F602029142029043D081
:10128000FFE708980168012045F23042C5F60202E6
:101290009142029038D0FFE708980168012045F29A
:1012A0004442C5F60202914202902DD0FFE7089811
:1012B0000168012045F25842C5F6020291420290AF
:1012C00022D0FFE708980168012045F26C42C5F67C
:1012D00002029142029017D0FFE7089801680120AE
:1012E00045F28042C5F60202914202900CD0FFE71F
:1012F000089800684AF66C31CAF2FD710844B0FAE9
:1013000080F040090290FFE70298C00770B1FFE744
:101310000898416E806E48600898C06E28B1FFE75B
:101320000898016F406F4860FFE7FFE70898016881
:1013300001201022C4F202029142019000F0A38029
:10134000FFE70898016801202822C4F202029142B6
:10135000019000F09880FFE7089801680120402282
:10136000C4F202029142019000F08D80FFE70898DC
:10137000016801205822C4F202029142019000F05B
:101380008280FFE70898016801207022C4F20202FF
:101390009142019077D0FFE70898016801208822E8
:1013A000C4F20202914201906DD0FFE708980168F3
:1013B0000120A022C4F202029142019063D0FFE713
:1013C000089801680120B822C4F2020291420190FB
:1013D00059D0FFE708980168012040F21042C4F29A
:1013E0000202914201904ED0FFE708980168012067
:1013F00040F22842C4F202029142019043D0FFE73A
:1014000008980168012040F24042C4F20202914271
:10141000019038D0FFE708980168012040F2584257
:10142000C4F20202914201902DD0FFE708980168B2
:10143000012040F27042C4F202029142019022D097
:10144000FFE708980168012040F28842C4F20202D6
:101450009142019017D0FFE708980168012040F2FF
:10146000A042C4F20202914201900CD0FFE708981A
:1014700000684FF64831CBF6FD710844B0FA80F0B1
:1014800040090190FFE70198C00750B3FFE70898B3
:10149000C06D00F01F013F208840049988600898C3
:1014A0000168086820F48020086005980899096898
:1014B000486008988068402809D1FFE70698089995
:1014C00009688860079808990968C86008E0079863
:1014D000089909688860069808990968C860FFE754
:1014E00082E008980168012045F20842C5F6020230
:1014F000914200904ED0FFE708980168012045F224
:101500001C42C5F602029142009043D0FFE70898C2
:101510000168012045F23042C5F602029142009076
:1015200038D0FFE708980168012045F24442C5F62B
:101530000202914200902DD0FFE708980168012037
:1015400045F25842C5F602029142009022D0FFE7D0
:1015500008980168012045F26C42C5F602029142EA
:10156000009017D0FFE708980168012045F28042FB
:10157000C5F60202914200900CD0FFE7089800687F
:101580004AF66C31CAF2FD710844B0FA80F04009A5
:101590000090FFE70098C00720B3FFE70898C06DF0
:1015A00000F01F01012088400399486005980899C0
:1015B0000968486008988068402809D1FFE70698C4
:1015C000089909688860079808990968C86008E060
:1015D0000798089909688860069808990968C8609A
:1015E000FFE700E0FFE7FFE709B0704700000000F9
:1015F00081B040F2FC00C2F20040007870BBFFE70F
:1016000040F2FC01C2F200410120087041F20400E6
:10161000CEF2000000680090009840F2F001C2F2A3
:1016200000410968884208D2FFE740F2F401C2F2A3
:101630000041086801300860FFE741F20400CEF283
:101640000000006840F2F001C2F20041086040F280
:10165000FC01C2F2004100200870FFE701B07047B2
:1016600083B08DED020A41F20400CEF20000006862
:10167000019002980090FFE741F20400CEF20000D2
:1016800000680199401A00EE100AB8EE400A9DED7C
:10169000001A40F2DC00C2F2004090ED002AB8EEE1
:1016A000422A21EE021AB4EE410AF1EE10FA01DAF2
:1016B000FFE7E1E703B0704780B584B0039041F2E3
:1016C0000400CEF2000000680290029803990968B5
:1016D000401A00EE100AB8EE400A40F2DC00C2F2F6
:1016E000004090ED001AB8EE411A80EE010A8DED2F
:1016F000010A029803990860FFF77AFF9DED010A3D
:1017000004B080BD0000000080B582B000F068F831
:1017100040F2EC40C2F20040016883884FF47A72D4
:1017200001FB023100EE101AB8EE400AC08801EE4B
:10173000100AB8EEC11A9FED052AA1EE020A8DED3E
:10174000010A9DED010A02B080BD00BF6F12833A0D
:1017500080B582B001904EF6FC51CEF200010868CF
:1017600040F08070086041F20401CEF200010020D8
:10177000086041F20002CEF20002116841F001015E
:101780001160019944F24022C0F20F024A4340F234
:10179000DC01C2F200410A600A6844F6D353C1F288
:1017A0006203A2FB0332920940F2E003C2F200435B
:1017B0001A6009684DF68362C4F21B32A1FB022154
:1017C000890C40F2E402C2F20042116040F2F401DE
:1017D000C2F200410860FFF70BFF02B080BD0000BD
:1017E000B0B586B041F20400CEF20000006805906A
:1017F000FFF7FEFE40F2F400C2F2004001680598D7
:10180000002302934FF0FF3C1A46E1FB0C0240F22A
:10181000E801C2F2004100914A6008600868496826
:1018200040F2DC04C2F200442268FEF70AFE029B8A
:1018300002468C46009940F20010C2F20040C0F807
:1018400004C00260D1F800C04968D0F800E04268E6
:101850002468AEFB04E502FB0452BCEB0E0C61EB0A
:10186000020240F20811C2F200410391C1F800C027
:101870004A60006840F2EC42C2F2004204921060FA
:101880000868496840F2E002C2F200420192126820
:10189000FEF7D7FDDDF804C0029B049A01460398C9
:1018A0009180016840689288DCF800C002FB0CF26D
:1018B0008A1A60F1000040F21011C2F200410A6081
:1018C00048600868496840F2E402C2F200421268C7
:1018D000FEF7B7FD0499C88006B0B0BD0000000057
:1018E000704700000000000081B0EFF3108072B676
:1018F0000090FFE7FEE7000080B541F29050C2F291
:10190000004003F02DFF80BD80B541F23060C2F28F
:10191000004003F025FF80BD84B002900298406B28
:10192000009002980068D0F884004FF6FC7188435C
:10193000009940EA810002990968C1F88400029880
:101940000068D0F8840020F47F00029A1168926B3E
:1019500040EA0240C1F884000298816B0098084474
:10196000009002980068D0F888006FF38F0000990B
:1019700040EA810002990968C1F88800029800686D
:10198000D0F8880020F4FE00029A1168D26B40EA79
:101990000240C1F888000298C16B009800EB41003A
:1019A000009002980068D0F8A0006FF38F000099B3
:1019B00040EA810002990968C1F8A0000298006815
:1019C000D0F8A00020F4FE00029A1168126C40EAE0
:1019D0000240C1F8A0000299086C496C009A00FB13
:1019E0000120009002980068D0F8B0006FF38F00DB
:1019F000009940EA810002990968C1F8B000029894
:101A00000068D0F8B00020F4FE00029A1168926CD1
:101A100040EA0240C1F8B0000299886CC96C009A93
:101A200000FB0120009002980068D0F8AC006FF332
:101A30008F00009940EA810002990968C1F8AC0062
:101A40000299086D496D009A00FB012000900298F0
:101A50000068D0F8F0006FF38F00009940EA810031
:101A600002990968C1F8F00002980068D0F8F00007
:101A700020F47C10029A1168926D40EA0240C1F88D
:101A8000F0000298816D009800EB410000900298F0
:101A90000068D0F8C0006FF38F00009940EA810021
:101AA00002990968C1F8C00002980068D0F8C00027
:101AB00020F47C10029A1168D26D40EA0240C1F80D
:101AC000C00002980068D0F8C00020F07C50029A54
:101AD0001168126E40EA0260C1F8C00002994A6BB8
:101AE0004AF60040C4F2000000EB8200C86602998A
:101AF0008A6BC86E00EB820008670299CA6B086F98
:101B000000EBC200486702990A6C4B6C486F5A435D
:101B100000EB8200886702998A6CCB6C886F5A430D
:101B200000EB8200C86702990A6D4B6DC86F5A437B
:101B300000EB8200C1F8800002998A6DD1F8800024
:101B400000EBC200C1F884000299CA6D8B6ED1F817
:101B500084005A4300EB8200C1F8880002990A6EA3
:101B60008B6ED1F888005A4300EB8200C1F89000D8
:101B70000298D0F890004DF2FD31C4F20001884285
:101B80000FD3FFE70299D1F89C0040F02000C1F884
:101B90009C000299032081F8980001208DF80F0025
:101BA00017E00298C06E0190FFE701980299D1F802
:101BB0009010884208D2FFE7019900200860FFE7F3
:101BC000019804300190F0E7FFE700208DF80F0046
:101BD000FFE79DF80F0004B0704700000000000010
:101BE00088B007900691059204930698406848B91A
:101BF000FFE70698016882680069104340EA814067
:101C0000039009E006980168826800691043084360
:101C100040F080400390FFE70698D0F820C0C168EC
:101C200042698369C06940EA0C6018431043084365
:101C300002900798826ED0F884000499514300EB1B
:101C40008100019003980199086001980430019087
:101C500002980199086001980430019000200090DA
:101C6000FFE700980699CA8947F62071C0F601017E
:101C7000895C88420DD2FFE7059800994058019988
:101C80000860019804300190FFE70098043000904C
:101C9000E7E708B07047000087B00690059104920E
:101CA00000208DF80F001F2002909DF81400C0073F
:101CB00020B9FFE701208DF80F004BE0FFE7029904
:101CC000481E02900020019051B1FFE7059802994B
:101CD00001F01F0120FA01F1012088430190FFE784
:101CE0000198C00708B1FFE7E9E7049800901828B9
:101CF0002BD80099DFE801F0282929292929292949
:101D00001F29292929292929162929292929292960
:101D10000D000298072804D3FFE701208DF80F007B
:101D2000FFE716E00298082804D3FFE701208DF8AA
:101D30000F00FFE70DE00298102804D3FFE7012011
:101D40008DF80F00FFE704E003E001208DF80F009D
:101D5000FFE7FFE79DF80F0078B9FFE705980699C0
:101D60000968486106980068806820F018000499A6
:101D70000843069909688860FFE79DF80F0007B0DF
:101D8000704700000000000080B582B0009000980D
:101D900020B9FFE701208DF8070057E00098407F49
:101DA00038B9FFE7009900200877009800F054F850
:101DB000FFE70099022048770098007980B9FFE793
:101DC0000098016841F6B750C0F2C14048610098E0
:101DD0000068806820F018000099096888600BE0AE
:101DE00000988168C268FFF757FF20B1FFE7012024
:101DF0008DF807002AE0FFE70098407930B9FFE747
:101E0000009801684FF0FF30086104E00098016815
:101E100000690861FFE700980068806820F06000B2
:101E2000009A1168526910438860009800688068C1
:101E300020F08000009A1168926910438860009930
:101E40000120487700208DF80700FFE79DF8070084
:101E500002B080BD0000000082B0019001980068CF
:101E600044F60041C5F60201884210D1FFE7FFE7C2
:101E700044F2E040C5F60200016841F4002101602F
:101E8000006800F4002000900098FFE7FFE702B030
:101E9000704700000000000080B58AB0089004F090
:101EA0009BFC0490089828B9FFE701208DF82700D3
:101EB00000F0AABC089890F8350002280ED0FFE781
:101EC000089980204865FFE70899002081F83400D0
:101ED000FFE701208DF8270000F096BC0898016804
:101EE00001201022C4F202029142039000F0A3806C
:101EF000FFE70898016801202822C4F202029142FB
:101F0000039000F09880FFE70898016801204022C4
:101F1000C4F202029142039000F08D80FFE708981E
:101F2000016801205822C4F202029142039000F09D
:101F30008280FFE70898016801207022C4F2020243
:101F40009142039077D0FFE708980168012088222A
:101F5000C4F20202914203906DD0FFE70898016835
:101F60000120A022C4F202029142039063D0FFE755
:101F7000089801680120B822C4F20202914203903D
:101F800059D0FFE708980168012040F21042C4F2DE
:101F90000202914203904ED0FFE7089801680120A9
:101FA00040F22842C4F202029142039043D0FFE77C
:101FB00008980168012040F24042C4F202029142B6
:101FC000039038D0FFE708980168012040F258429A
:101FD000C4F20202914203902DD0FFE708980168F5
:101FE000012040F27042C4F202029142039022D0DA
:101FF000FFE708980168012040F28842C4F202021B
:102000009142039017D0FFE708980168012040F241
:10201000A042C4F20202914203900CD0FFE708985C
:1020200000684FF64831CBF6FD710844B0FA80F0F5
:1020300040090390FFE70398C00780B1FFE70898C5
:102040000168086820F01E00086008980168486967
:1020500020F08000486108980068059009E0089821
:102060000168086820F00E00086008980068059074
:10207000FFE70898016801201022C4F20202914291
:10208000029000F00381FFE70898016801202822F0
:10209000C4F202029142029000F0F880FFE7089833
:1020A000016801204022C4F202029142029000F035
:1020B000ED80FFE70898016801205822C4F202026F
:1020C0009142029000F0E280FFE708980168012049
:1020D0007022C4F202029142029000F0D780FFE722
:1020E0000898016801208822C4F2020291420290FD
:1020F00000F0CC80FFE7089801680120A022C4F21C
:1021000002029142029000F0C180FFE70898016846
:102110000120B822C4F202029142029000F0B6807F
:10212000FFE708980168012040F21042C4F2020261
:102130009142029000F0AA80FFE708980168012010
:1021400040F22842C4F202029142029000F09E80C6
:10215000FFE708980168012040F24042C4F2020201
:102160009142029000F09280FFE7089801680120F8
:1021700040F25842C4F202029142029000F086807E
:10218000FFE708980168012040F27042C4F20202A1
:10219000914202907AD0FFE708980168012040F24E
:1021A0008842C4F20202914202906FD0FFE7089881
:1021B0000168012040F2A042C4F202029142029062
:1021C00064D0FFE708980168012040F2B842C4F2E9
:1021D00002029142029059D0FFE70898016801205D
:1021E00045F20842C5F60202914202904ED0FFE746
:1021F00008980168012045F21C42C5F6020291428E
:10220000029043D0FFE708980168012045F2304270
:10221000C5F602029142029038D0FFE708980168A3
:10222000012045F24442C5F60202914202902DD0AF
:10223000FFE708980168012045F25842C5F60202FE
:102240009142029022D0FFE708980168012045F2F0
:102250006C42C5F602029142029017D0FFE708983F
:102260000168012045F28042C5F6020291420290C7
:102270000CD0FFE7089800684AF66C31CAF2FD718D
:102280000844B0FA80F040090290FFE70298C007C6
:1022900038B1FFE70898016E086820F48070086084
:1022A000FFE7089800681021C4F20201884200F09C
:1022B0008180FFE7089800682821C4F20201884263
:1022C00078D0FFE7089800684021C4F202018842F4
:1022D00070D0FFE7089800685821C4F202018842D4
:1022E00068D0FFE7089800687021C4F202018842B4
:1022F00060D0FFE7089800688821C4F20201884294
:1023000058D0FFE708980068A021C4F20201884273
:1023100050D0FFE708980068B821C4F20201884253
:1023200048D0FFE70898006840F21041C4F202016B
:1023300088423FD0FFE70898006840F22841C4F285
:102340000201884236D0FFE70898006840F2404119
:10235000C4F2020188422DD0FFE70898006840F2DD
:102360005841C4F20201884224D0FFE7089800686F
:1023700040F27041C4F2020188421BD0FFE7089886
:10238000006840F28841C4F20201884212D0FFE79F
:102390000898006840F2A041C4F20201884209D0C6
:1023A000FFE70898006840F2B841C4F20201884291
:1023B00007D1FFE708980168086820F0010008606D
:1023C00006E008980168086820F001000860FFE74F
:1023D000FFE705980068C007C8B1FFE704F0FCF903
:1023E0000499401A062811D3FFE708992020486570
:1023F0000899032081F83500FFE70899002081F84B
:102400003400FFE701208DF82700FDE1E1E708989F
:10241000016801201022C4F202029142019000F0F2
:10242000A380FFE70898016801202822C4F2020275
:102430009142019000F09880FFE708980168012020
:102440004022C4F202029142019000F08D80FFE729
:102450000898016801205822C4F2020291420190BA
:1024600000F08280FFE70898016801207022C4F222
:1024700002029142019077D0FFE70898016801209D
:102480008822C4F20202914201906DD0FFE70898C1
:1024900001680120A022C4F202029142019063D09F
:1024A000FFE7089801680120B822C4F202029142B5
:1024B000019059D0FFE708980168012040F21042CE
:1024C000C4F20202914201904ED0FFE708980168E1
:1024D000012040F22842C4F202029142019043D00E
:1024E000FFE708980168012040F24042C4F202026E
:1024F0009142019038D0FFE708980168012040F22E
:102500005842C4F20202914201902DD0FFE7089890
:102510000168012040F27042C4F20202914201902F
:1025200022D0FFE708980168012040F28842C4F2F7
:1025300002029142019017D0FFE70898016801203C
:1025400040F2A042C4F20202914201900CD0FFE797
:10255000089800684FF64831CBF6FD710844B0FA90
:1025600080F040090190FFE70198C00760B1FFE7E4
:102570000898806D07900898C06D00F01F013F20FB
:102580008840079988600BE00898806D069008984D
:10259000C06D00F01F010120884006994860FFE7E8
:1025A0000898016801201022C4F2020291420090B2
:1025B00000F00381FFE70898016801202822C4F297
:1025C00002029142009000F0F880FFE7089801684D
:1025D00001204022C4F202029142009000F0ED80FE
:1025E000FFE70898016801205822C4F202029142D4
:1025F000009000F0E280FFE7089801680120702257
:10260000C4F202029142009000F0D780FFE70898E0
:10261000016801208822C4F202029142009000F079
:10262000CC80FFE7089801680120A022C4F20202D2
:102630009142009000F0C180FFE7089801680120F6
:10264000B822C4F202029142009000F0B680FFE787
:1026500008980168012040F21042C4F2020291423F
:10266000009000F0AA80FFE708980168012040F27E
:102670002842C4F202029142009000F09E80FFE7DF
:1026800008980168012040F24042C4F202029142DF
:10269000009000F09280FFE708980168012040F266
:1026A0005842C4F202029142009000F08680FFE797
:1026B00008980168012040F27042C4F2020291427F
:1026C00000907AD0FFE708980168012040F2884224
:1026D000C4F20202914200906FD0FFE708980168AF
:1026E000012040F2A042C4F202029142009064D064
:1026F000FFE708980168012040F2B842C4F20202E4
:102700009142009059D0FFE708980168012045F2F6
:102710000842C5F60202914200904ED0FFE70898A9
:102720000168012045F21C42C5F602029142009068
:1027300043D0FFE708980168012045F23042C5F612
:1027400002029142009038D0FFE70898016801200A
:1027500045F24442C5F60202914200902DD0FFE7B7
:1027600008980168012045F25842C5F602029142DC
:10277000009022D0FFE708980168012045F26C42E2
:10278000C5F602029142009017D0FFE70898016851
:10279000012045F28042C5F60202914200900CD021
:1027A000FFE7089800684AF66C31CAF2FD710844E8
:1027B000B0FA80F040090090FFE70098C007A0B190
:1027C000FFE70898416E806E48600898C06E58B167
:1027D000FFE70898C16E086820F4807008600898C8
:1027E000016F406F4860FFE7FFE70899012081F81B
:1027F0003500FFE70899002081F83400FFE7FFE784
:1028000000208DF82700FFE79DF827000AB080BD63
:1028100080B586B00490049820B9FFE701208DF8B8
:10282000170046E3049890F83500022807D0FFE728
:1028300004998020486501208DF8170039E3049839
:10284000016801201022C4F202029142029000F0BD
:10285000A380FFE70498016801202822C4F2020245
:102860009142029000F09880FFE7049801680120EF
:102870004022C4F202029142029000F08D80FFE7F4
:102880000498016801205822C4F202029142029089
:1028900000F08280FFE70498016801207022C4F2F2
:1028A00002029142029077D0FFE70498016801206C
:1028B0008822C4F20202914202906DD0FFE7049890
:1028C00001680120A022C4F202029142029063D06A
:1028D000FFE7049801680120B822C4F20202914285
:1028E000029059D0FFE704980168012040F210429D
:1028F000C4F20202914202904ED0FFE704980168B0
:10290000012040F22842C4F202029142029043D0D8
:10291000FFE704980168012040F24042C4F202023D
:102920009142029038D0FFE704980168012040F2FC
:102930005842C4F20202914202902DD0FFE704985F
:102940000168012040F27042C4F2020291420290FA
:1029500022D0FFE704980168012040F28842C4F2C7
:1029600002029142029017D0FFE70498016801200B
:1029700040F2A042C4F20202914202900CD0FFE762
:10298000049800684FF64831CBF6FD710844B0FA60
:1029900080F040090290FFE70298C007002800F08D
:1029A0009D80FFE70499042081F8350004980068B1
:1029B0001021C4F20201884200F08180FFE70498F0
:1029C00000682821C4F20201884278D0FFE7049809
:1029D00000684021C4F20201884270D0FFE70498E9
:1029E00000685821C4F20201884268D0FFE70498C9
:1029F00000687021C4F20201884260D0FFE70498A9
:102A000000688821C4F20201884258D0FFE7049888
:102A10000068A021C4F20201884250D0FFE7049868
:102A20000068B821C4F20201884248D0FFE7049848
:102A3000006840F21041C4F2020188423FD0FFE733
:102A40000498006840F22841C4F20201884236D05E
:102A5000FFE70498006840F24041C4F20201884256
:102A60002DD0FFE70498006840F25841C4F20201FB
:102A7000884224D0FFE70498006840F27041C4F215
:102A8000020188421BD0FFE70498006840F28841A9
:102A9000C4F20201884212D0FFE70498006840F2B5
:102AA000A041C4F20201884209D0FFE704980068FF
:102AB00040F2B841C4F20201884207D1FFE704980E
:102AC0000168086820F00100086006E004980168C9
:102AD000086820F001000860FFE7E5E1049801685C
:102AE000086820F00E000860049800681021C4F205
:102AF0000201884200F08180FFE7049800682821E5
:102B0000C4F20201884278D0FFE7049800684021AF
:102B1000C4F20201884270D0FFE70498006858218F
:102B2000C4F20201884268D0FFE70498006870216F
:102B3000C4F20201884260D0FFE70498006888214F
:102B4000C4F20201884258D0FFE704980068A0212F
:102B5000C4F20201884250D0FFE704980068B8210F
:102B6000C4F20201884248D0FFE70498006840F2AE
:102B70001041C4F2020188423FD0FFE70498006888
:102B800040F22841C4F20201884236D0FFE704989F
:102B9000006840F24041C4F2020188422DD0FFE7B4
:102BA0000498006840F25841C4F20201884224D0DF
:102BB000FFE70498006840F27041C4F202018842C5
:102BC0001BD0FFE70498006840F28841C4F202017C
:102BD000884212D0FFE70498006840F2A041C4F296
:102BE0000201884209D0FFE70498006840F2B8412A
:102BF000C4F20201884207D1FFE70498016808681F
:102C000020F00100086006E004980168086820F0E0
:102C100001000860FFE70498016801201022C4F257
:102C200002029142019000F00381FFE704980168DD
:102C300001202822C4F202029142019000F0F880A3
:102C4000FFE70498016801204022C4F20202914289
:102C5000019000F0ED80FFE7049801680120582200
:102C6000C4F202029142019000F0E280FFE7049872
:102C7000016801207022C4F202029142019000F02A
:102C8000D780FFE70498016801208822C4F202027D
:102C90009142019000F0CC80FFE704980168012088
:102CA000A022C4F202029142019000F0C180FFE72D
:102CB000049801680120B822C4F2020291420190F6
:102CC00000F0B680FFE704980168012040F210424E
:102CD000C4F202029142019000F0AA80FFE704983A
:102CE0000168012040F22842C4F2020291420190A0
:102CF00000F09E80FFE704980168012040F2404206
:102D0000C4F202029142019000F09280FFE7049821
:102D10000168012040F25842C4F20202914201903F
:102D200000F08680FFE704980168012040F27042BD
:102D3000C4F20202914201907AD0FFE70498016840
:102D4000012040F28842C4F20202914201906FD009
:102D5000FFE704980168012040F2A042C4F2020299
:102D60009142019064D0FFE704980168012040F28D
:102D7000B842C4F202029142019059D0FFE7049890
:102D80000168012045F20842C5F602029142019015
:102D90004ED0FFE704980168012045F21C42C5F6B9
:102DA00002029142019043D0FFE70498016801209C
:102DB00045F23042C5F602029142019038D0FFE759
:102DC00004980168012045F24442C5F6020291428E
:102DD00001902DD0FFE704980168012045F2584288
:102DE000C5F602029142019022D0FFE704980168E3
:102DF000012045F26C42C5F602029142019017D0C3
:102E0000FFE704980168012045F28042C5F60202FE
:102E1000914201900CD0FFE7049800684AF66C31AB
:102E2000CAF2FD710844B0FA80F040090190FFE752
:102E30000198C00728B3FFE70498016E086820F4E2
:102E4000807008600498806D03900498C06D00F055
:102E50001F0101208840039948600498416E806EEC
:102E600048600498C06E58B1FFE70498C16E0868C6
:102E700020F4807008600498016F406F4860FFE79D
:102E8000FFE70499012081F83500FFE7049900204D
:102E900081F83400FFE70498006D20B1FFE7049843
:102EA000016D8847FFE7FFE7FFE700208DF8170077
:102EB000FFE79DF8170006B080BD0000000000008D
:102EC00080B590B00F9000200B9040F25C00C2F2F1
:102ED0000040006848F2B511C1F64E31A0FB011068
:102EE000800A0A900F98806D09900F98806D089065
:102EF000099800680E90089800680D900F98016876
:102F000001201022C4F202029142079000F0A38037
:102F1000FFE70F98016801202822C4F202029142C3
:102F2000079000F09880FFE70F9801680120402289
:102F3000C4F202029142079000F08D80FFE70F98E3
:102F4000016801205822C4F202029142079000F069
:102F50008280FFE70F98016801207022C4F202020C
:102F60009142079077D0FFE70F98016801208822EF
:102F7000C4F20202914207906DD0FFE70F980168FA
:102F80000120A022C4F202029142079063D0FFE721
:102F90000F9801680120B822C4F202029142079002
:102FA00059D0FFE70F980168012040F21042C4F2A7
:102FB0000202914207904ED0FFE70F98016801206E
:102FC00040F22842C4F202029142079043D0FFE748
:102FD0000F980168012040F24042C4F2020291427F
:102FE000079038D0FFE70F980168012040F258425F
:102FF000C4F20202914207902DD0FFE70F980168BA
:10300000012040F27042C4F202029142079022D0A5
:10301000FFE70F980168012040F28842C4F20202E3
:103020009142079017D0FFE70F980168012040F206
:10303000A042C4F20202914207900CD0FFE70F9821
:1030400000684FF64831CBF6FD710844B0FA80F0C5
:1030500040090790FFE70798C007002800F0138594
:10306000FFE70E980F99C96D01F01F01C8400007D6
:10307000002840F1B080FFE70F9800681021C4F2EB
:103080000201884200F08180FFE70F980068282144
:10309000C4F20201884278D0FFE70F98006840210F
:1030A000C4F20201884270D0FFE70F9800685821EF
:1030B000C4F20201884268D0FFE70F9800687021CF
:1030C000C4F20201884260D0FFE70F9800688821AF
:1030D000C4F20201884258D0FFE70F980068A0218F
:1030E000C4F20201884250D0FFE70F980068B8216F
:1030F000C4F20201884248D0FFE70F98006840F20E
:103100001041C4F2020188423FD0FFE70F980068E7
:1031100040F22841C4F20201884236D0FFE70F98FE
:10312000006840F24041C4F2020188422DD0FFE71E
:103130000F98006840F25841C4F20201884224D03E
:10314000FFE70F98006840F27041C4F20201884224
:103150001BD0FFE70F98006840F28841C4F20201DB
:10316000884212D0FFE70F98006840F2A041C4F2F5
:103170000201884209D0FFE70F98006840F2B84189
:10318000C4F20201884207D1FFE70F980068006887
:1031900000F00400069006E00F980068006800F058
:1031A00008000690FFE70698A0B1FFE70F980168B6
:1031B000086820F0040008600F98C06D00F01F013F
:1031C00008208840099988600F99486D40F00100F7
:1031D0004865FFE7FFE70E980F99C96D01F01F01E1
:1031E000C840C007002800F0A980FFE70F980068DA
:1031F0001021C4F20201884200F08180FFE70F989D
:1032000000682821C4F20201884278D0FFE70F98B5
:1032100000684021C4F20201884270D0FFE70F9895
:1032200000685821C4F20201884268D0FFE70F9875
:1032300000687021C4F20201884260D0FFE70F9855
:1032400000688821C4F20201884258D0FFE70F9835
:103250000068A021C4F20201884250D0FFE70F9815
:103260000068B821C4F20201884248D0FFE70F98F5
:10327000006840F21041C4F2020188423FD0FFE7EB
:103280000F98006840F22841C4F20201884236D00B
:10329000FFE70F98006840F24041C4F20201884203
:1032A0002DD0FFE70F98006840F25841C4F20201A8
:1032B000884224D0FFE70F98006840F27041C4F2C2
:1032C000020188421BD0FFE70F98006840F2884156
:1032D000C4F20201884212D0FFE70F98006840F262
:1032E000A041C4F20201884209D0FFE70F980068AC
:1032F00040F2B841C4F20201884207D1FFE70F98BB
:103300000068406900F08000059005E00F980068B3
:10331000006800200590FFE7059870B1FFE70F985F
:10332000C06D00F01F0101208840099988600F9945
:10333000486D40F002004865FFE7FFE70E980F99DF
:10334000C96D01F01F01C8404007002840F1A98065
:10335000FFE70F9800681021C4F20201884200F0D4
:103360008180FFE70F9800682821C4F2020188429B
:1033700078D0FFE70F9800684021C4F2020188422C
:1033800070D0FFE70F9800685821C4F2020188420C
:1033900068D0FFE70F9800687021C4F202018842EC
:1033A00060D0FFE70F9800688821C4F202018842CC
:1033B00058D0FFE70F980068A021C4F202018842AC
:1033C00050D0FFE70F980068B821C4F2020188428C
:1033D00048D0FFE70F98006840F21041C4F20201A4
:1033E00088423FD0FFE70F98006840F22841C4F2BE
:1033F0000201884236D0FFE70F98006840F2404152
:10340000C4F2020188422DD0FFE70F98006840F215
:103410005841C4F20201884224D0FFE70F980068A7
:1034200040F27041C4F2020188421BD0FFE70F98BE
:10343000006840F28841C4F20201884212D0FFE7DE
:103440000F98006840F2A041C4F20201884209D0FE
:10345000FFE70F98006840F2B841C4F202018842C9
:1034600007D1FFE70F980068006800F002000490A1
:1034700005E00F980068006800200490FFE70498BA
:1034800070B1FFE70F98C06D00F01F010420884065
:10349000099988600F99486D40F004004865FFE77E
:1034A000FFE70E980F99C96D01F01F01C840C006D3
:1034B000002840F1DE80FFE70F9800681021C4F279
:1034C0000201884200F08180FFE70F980068282100
:1034D000C4F20201884278D0FFE70F9800684021CB
:1034E000C4F20201884270D0FFE70F9800685821AB
:1034F000C4F20201884268D0FFE70F98006870218B
:10350000C4F20201884260D0FFE70F98006888216A
:10351000C4F20201884258D0FFE70F980068A0214A
:10352000C4F20201884250D0FFE70F980068B8212A
:10353000C4F20201884248D0FFE70F98006840F2C9
:103540001041C4F2020188423FD0FFE70F980068A3
:1035500040F22841C4F20201884236D0FFE70F98BA
:10356000006840F24041C4F2020188422DD0FFE7DA
:103570000F98006840F25841C4F20201884224D0FA
:10358000FFE70F98006840F27041C4F202018842E0
:103590001BD0FFE70F98006840F28841C4F2020197
:1035A000884212D0FFE70F98006840F2A041C4F2B1
:1035B0000201884209D0FFE70F98006840F2B84145
:1035C000C4F20201884207D1FFE70F980068006843
:1035D00000F00800039006E00F980068006800F013
:1035E00004000390FFE70398002841D0FFE70F98FD
:1035F000C06D00F01F0110208840099988600F9865
:1036000000680068400300281AD5FFE70F9800689B
:1036100000680003002809D4FFE70F98006C20B170
:10362000FFE70F98016C8847FFE708E00F98806C70
:1036300020B1FFE70F98816C8847FFE7FFE716E0AE
:103640000F9800680068C005002807D4FFE70F98AE
:103650000168086820F008000860FFE70F98006C18
:1036600020B1FFE70F98016C8847FFE7FFE7FFE70E
:10367000FFE70E980F99C96D01F01F01C840800641
:10368000002840F12681FFE70F9800681021C4F25E
:103690000201884200F08180FFE70F98006828212E
:1036A000C4F20201884278D0FFE70F9800684021F9
:1036B000C4F20201884270D0FFE70F9800685821D9
:1036C000C4F20201884268D0FFE70F9800687021B9
:1036D000C4F20201884260D0FFE70F980068882199
:1036E000C4F20201884258D0FFE70F980068A02179
:1036F000C4F20201884250D0FFE70F980068B82159
:10370000C4F20201884248D0FFE70F98006840F2F7
:103710001041C4F2020188423FD0FFE70F980068D1
:1037200040F22841C4F20201884236D0FFE70F98E8
:10373000006840F24041C4F2020188422DD0FFE708
:103740000F98006840F25841C4F20201884224D028
:10375000FFE70F98006840F27041C4F2020188420E
:103760001BD0FFE70F98006840F28841C4F20201C5
:10377000884212D0FFE70F98006840F2A041C4F2DF
:103780000201884209D0FFE70F98006840F2B84173
:10379000C4F20201884207D1FFE70F980068006871
:1037A00000F01000029006E00F980068006800F03A
:1037B00002000290FFE70298002800F08980FFE7EE
:1037C0000F98C06D00F01F01202088400999886083
:1037D0000F9890F83500042837D1FFE70F9801685B
:1037E000086820F0160008600F980168486920F00A
:1037F000800048610F98006C20B9FFE70F98806C3B
:1038000038B1FFE70F980168086820F008000860E9
:10381000FFE70F98C06D00F01F013F208840099915
:1038200088600F99012081F83500FFE70F9900208B
:1038300081F83400FFE70F98006D20B1FFE70F9883
:10384000016D8847FFE700F019BC0F980068006819
:10385000400300281AD5FFE70F98006800680003AE
:10386000002809D4FFE70F98406C20B1FFE70F98BC
:10387000416C8847FFE708E00F98C06B20B1FFE775
:103880000F98C16B8847FFE7FFE720E00F980068BB
:103890000068C005002811D4FFE70F980168086888
:1038A00020F0100008600F99012081F83500FFE733
:1038B0000F99002081F83400FFE7FFE70F98C06BF5
:1038C00020B1FFE70F98C16B8847FFE7FFE7FFE7ED
:1038D000FFE70F98406D002800F0D480FFE70F98B5
:1038E000406DC007002800F0C480FFE70F99042056
:1038F00081F835000F9800681021C4F20201884257
:1039000000F08180FFE70F9800682821C4F20201CF
:10391000884278D0FFE70F9800684021C4F2020186
:10392000884270D0FFE70F9800685821C4F2020166
:10393000884268D0FFE70F9800687021C4F2020146
:10394000884260D0FFE70F9800688821C4F2020126
:10395000884258D0FFE70F980068A021C4F2020106
:10396000884250D0FFE70F980068B821C4F20201E6
:10397000884248D0FFE70F98006840F21041C4F237
:10398000020188423FD0FFE70F98006840F22841CB
:10399000C4F20201884236D0FFE70F98006840F277
:1039A0004041C4F2020188422DD0FFE70F98006821
:1039B00040F25841C4F20201884224D0FFE70F9838
:1039C000006840F27041C4F2020188421BD0FFE758
:1039D0000F98006840F28841C4F20201884212D078
:1039E000FFE70F98006840F2A041C4F2020188424C
:1039F00009D0FFE70F98006840F2B841C4F2020115
:103A0000884207D1FFE70F980168086820F001009D
:103A1000086006E00F980168086820F0010008605F
:103A2000FFE7FFE70B9801300B900A99884201D914
:103A3000FFE707E0FFE70F9800680068C00700286D
:103A4000F0D1FFE70F9800680068C00728B1FFE7D2
:103A50000F99032081F8350004E00F99012081F8C7
:103A60003500FFE7FFE70F99002081F83400FFE7FA
:103A7000FFE70F98C06C20B1FFE70F98C16C884733
:103A8000FFE7FFE7FAE20F980168012045F20842DC
:103A9000C5F60202914201904ED0FFE70F980168EF
:103AA000012045F21C42C5F602029142019043D02A
:103AB000FFE70F980168012045F23042C5F6020287
:103AC0009142019038D0FFE70F980168012045F23C
:103AD0004442C5F60202914201902DD0FFE70F98B3
:103AE0000168012045F25842C5F602029142019058
:103AF00022D0FFE70F980168012045F26C42C5F61D
:103B000002029142019017D0FFE70F98016801204F
:103B100045F28042C5F60202914201900CD0FFE7C7
:103B20000F9800684AF66C31CAF2FD710844B0FA89
:103B300080F040090190FFE70198C007002800F0DD
:103B40009B82FFE70F98006800680C900D980F9912
:103B5000C96D01F01F01C8404007002840F1D7801F
:103B6000FFE79DF830004007002840F1D080FFE7D4
:103B70000F98C06D00F01F0104208840089948602C
:103B80009DF831000006002818D5FFE79DF83200A7
:103B9000C00748B9FFE70F98806C20B1FFE70F9886
:103BA000816C8847FFE708E00F98006C20B1FFE7C1
:103BB0000F98016C8847FFE7FFE7A7E09DF830000A
:103BC0008006002800F19980FFE70F980068102117
:103BD000C4F20201884200F08180FFE70F9800687C
:103BE0002821C4F20201884278D0FFE70F980068CC
:103BF0004021C4F20201884270D0FFE70F980068AC
:103C00005821C4F20201884268D0FFE70F9800688B
:103C10007021C4F20201884260D0FFE70F9800686B
:103C20008821C4F20201884258D0FFE70F9800684B
:103C3000A021C4F20201884250D0FFE70F9800682B
:103C4000B821C4F20201884248D0FFE70F9800680B
:103C500040F21041C4F2020188423FD0FFE70F98C2
:103C6000006840F22841C4F20201884236D0FFE7E2
:103C70000F98006840F24041C4F2020188422DD002
:103C8000FFE70F98006840F25841C4F202018842F1
:103C900024D0FFE70F98006840F27041C4F202019F
:103CA00088421BD0FFE70F98006840F28841C4F2B9
:103CB0000201884212D0FFE70F98006840F2A0414D
:103CC000C4F20201884209D0FFE70F98006840F271
:103CD000B841C4F20201884207D1FFE70F9801689A
:103CE000086820F00800086006E00F98016808687E
:103CF00020F004000860FFE7FFE70F98006C20B198
:103D0000FFE70F98016C8847FFE7FFE7B3E10D98E5
:103D10000F99C96D01F01F01C8408007002840F1CC
:103D2000E180FFE79DF830008007002840F1DA804D
:103D3000FFE70F98C06D00F01F010220884008992E
:103D400048609DF831000006002818D5FFE79DF86F
:103D50003200C00748B9FFE70F98406C20B1FFE779
:103D60000F98416C8847FFE708E00F98C06B20B1BF
:103D7000FFE70F98C16B8847FFE7FFE7B1E09DF8C9
:103D800030008006002800F1A380FFE70F9800684C
:103D90001021C4F20201884200F08180FFE70F98F1
:103DA00000682821C4F20201884278D0FFE70F980A
:103DB00000684021C4F20201884270D0FFE70F98EA
:103DC00000685821C4F20201884268D0FFE70F98CA
:103DD00000687021C4F20201884260D0FFE70F98AA
:103DE00000688821C4F20201884258D0FFE70F988A
:103DF0000068A021C4F20201884250D0FFE70F986A
:103E00000068B821C4F20201884248D0FFE70F9849
:103E1000006840F21041C4F2020188423FD0FFE73F
:103E20000F98006840F22841C4F20201884236D05F
:103E3000FFE70F98006840F24041C4F20201884257
:103E40002DD0FFE70F98006840F25841C4F20201FC
:103E5000884224D0FFE70F98006840F27041C4F216
:103E6000020188421BD0FFE70F98006840F28841AA
:103E7000C4F20201884212D0FFE70F98006840F2B6
:103E8000A041C4F20201884209D0FFE70F98006800
:103E900040F2B841C4F20201884207D1FFE70F980F
:103EA0000168086820F01400086006E00F980168B7
:103EB000086820F00A000860FFE70F99012081F8E8
:103EC0003500FFE70F99002081F83400FFE7FFE796
:103ED0000F98C06B20B1FFE70F98C16B8847FFE7D1
:103EE000FFE7C7E00D980F99C96D01F01F01C840A9
:103EF0000007002840F1BC80FFE79DF83000000774
:103F0000002840F1B580FFE70F9800681021C4F247
:103F10000201884200F08180FFE70F9800682821A5
:103F2000C4F20201884278D0FFE70F980068402170
:103F3000C4F20201884270D0FFE70F980068582150
:103F4000C4F20201884268D0FFE70F980068702130
:103F5000C4F20201884260D0FFE70F980068882110
:103F6000C4F20201884258D0FFE70F980068A021F0
:103F7000C4F20201884250D0FFE70F980068B821D0
:103F8000C4F20201884248D0FFE70F98006840F26F
:103F90001041C4F2020188423FD0FFE70F98006849
:103FA00040F22841C4F20201884236D0FFE70F9860
:103FB000006840F24041C4F2020188422DD0FFE780
:103FC0000F98006840F25841C4F20201884224D0A0
:103FD000FFE70F98006840F27041C4F20201884286
:103FE0001BD0FFE70F98006840F28841C4F202013D
:103FF000884212D0FFE70F98006840F2A041C4F257
:104000000201884209D0FFE70F98006840F2B841EA
:10401000C4F20201884207D1FFE70F9801680868DF
:1040200020F01C00086006E00F980168086820F086
:104030000E000860FFE70F98C06D00F01F0101201F
:1040400000FA01F1089A51600F9948650F9981F8BB
:104050003500FFE70F99002081F83400FFE70F9843
:10406000C06C20B1FFE70F98C16C8847FFE700E004
:10407000FFE7FFE7FFE700E0FFE7FFE710B080BDE5
:1040800010B58EB00C9002F0A7FB0A900C9828B9DE
:10409000FFE701208DF8370000F09EBC0C98016806
:1040A00001201022C4F202029142079000F0A38086
:1040B000FFE70C98016801202822C4F20202914215
:1040C000079000F09880FFE70C98016801204022DB
:1040D000C4F202029142079000F08D80FFE70C9835
:1040E000016801205822C4F202029142079000F0B8
:1040F0008280FFE70C98016801207022C4F202025E
:104100009142079077D0FFE70C9801680120882240
:10411000C4F20202914207906DD0FFE70C9801684B
:104120000120A022C4F202029142079063D0FFE76F
:104130000C9801680120B822C4F202029142079053
:1041400059D0FFE70C980168012040F21042C4F2F8
:104150000202914207904ED0FFE70C9801680120BF
:1041600040F22842C4F202029142079043D0FFE796
:104170000C980168012040F24042C4F202029142D0
:10418000079038D0FFE70C980168012040F25842B0
:10419000C4F20202914207902DD0FFE70C9801680B
:1041A000012040F27042C4F202029142079022D0F4
:1041B000FFE70C980168012040F28842C4F2020235
:1041C0009142079017D0FFE70C980168012040F258
:1041D000A042C4F20202914207900CD0FFE70C9873
:1041E00000684FF64831CBF6FD710844B0FA80F014
:1041F00040090790FFE70798C007002800F0788182
:10420000FFE70C98406A08B1FFE7FFE70C9902202E
:1042100081F83500FFE70C99002081F83400FFE7B2
:104220000C9800681021C4F20201884200F08180DD
:10423000FFE70C9800682821C4F20201884278D078
:10424000FFE70C9800684021C4F20201884270D058
:10425000FFE70C9800685821C4F20201884268D038
:10426000FFE70C9800687021C4F20201884260D018
:10427000FFE70C9800688821C4F20201884258D0F8
:10428000FFE70C980068A021C4F20201884250D0D8
:10429000FFE70C980068B821C4F20201884248D0B8
:1042A000FFE70C98006840F21041C4F20201884216
:1042B0003FD0FFE70C98006840F22841C4F20201A9
:1042C000884236D0FFE70C98006840F24041C4F2C3
:1042D000020188422DD0FFE70C98006840F2584157
:1042E000C4F20201884224D0FFE70C98006840F233
:1042F0007041C4F2020188421BD0FFE70C980068AD
:1043000040F28841C4F20201884212D0FFE70C98C3
:10431000006840F2A041C4F20201884209D0FFE7E0
:104320000C98006840F2B841C4F20201884207D1FB
:10433000FFE70C980168086820F00100086006E0BB
:104340000C980168086820F001000860FFE7FFE7AB
:104350000C9800680068C00798B1FFE702F03CFACB
:104360000A99401A06280BD3FFE70C9920204865CC
:104370000C99032081F8350001208DF837002BE3DC
:10438000E6E70C98006800680B900B9848F23F0134
:10439000CFF6106108400B900C998868D1F80CC0DA
:1043A0000B694A6940EA0C00184310438A691043BC
:1043B000CA691043096A01430B9808430B900C9893
:1043C000406A042808D1FFE70C99C86A096B0143C9
:1043D0000B9808430B90FFE70C984068292807D3F7
:1043E000FFE70C98416801202F29069036D3FFE79C
:1043F0000C9840683F2807D3FFE70C9841680120DC
:10440000432906902AD3FFE70C984068472807D332
:10441000FFE70C9841680120492906901ED3FFE769
:104420000C9840684F2807D3FFE70C98416801209B
:104430005329069012D3FFE70C9841680020742995
:10444000059008D3FFE70C9841680020782938BF11
:1044500001200590FFE705980690FFE70698C00742
:1044600028B1FFE70B9840F480100B90FFE70B9802
:104470000C99096808600C98006840690B900B98CB
:1044800020F007000B900C98416A0B9808430B90A2
:104490000C98406A04281AD1FFE70C98816A0B989F
:1044A00008430B900C98C06A80B1FFE70C98FCF7AA
:1044B0009BFD50B1FFE70C99402048650C99012005
:1044C00081F835008DF8370086E2FFE7FFE70B98AB
:1044D0000C99096848610C98FCF74AFB09900C9804
:1044E000C06D00F01F013F2088400999886026E1D7
:1044F0000C980168012045F20842C5F6020291427B
:1045000004904ED0FFE70C980168012045F21C4250
:10451000C5F602029142049043D0FFE70C9801686F
:10452000012045F23042C5F602029142049038D093
:10453000FFE70C980168012045F24442C5F60202EB
:10454000914204902DD0FFE70C980168012045F2BC
:104550005842C5F602029142049022D0FFE70C981F
:104560000168012045F26C42C5F6020291420490B6
:1045700017D0FFE70C980168012045F28042C5F68C
:104580000202914204900CD0FFE70C9800684AF6B2
:104590006C31CAF2FD710844B0FA80F04009049011
:1045A000FFE70498C007002800F0BD80FFE70C98E3
:1045B0000168012045F20842C5F6020291420390CB
:1045C0004ED0FFE70C980168012045F21C42C5F669
:1045D00002029142039043D0FFE70C98016801204A
:1045E00045F23042C5F602029142039038D0FFE70F
:1045F0000C980168012045F24442C5F6020291423E
:1046000003902DD0FFE70C980168012045F2584235
:10461000C5F602029142039022D0FFE70C98016890
:10462000012045F26C42C5F602029142039017D078
:10463000FFE70C980168012045F28042C5F60202AE
:10464000914203900CD0FFE70C9800684AF66C3159
:10465000CAF2FD710844B0FA80F040090390FFE708
:104660000398C00708B1FFE7FFE70C99022081F823
:104670003500FFE70C99002081F83400FFE70C9823
:10468000006800680B900B986FF310100B900C985B
:104690008068402803D1FFE71020029008E00C98C2
:1046A00080688038B0FA80F0400980030290FFE70C
:1046B00002980C99CA680B69D1F814C0D1F818E0B7
:1046C000CC694EEA040E4CEA0E0C43EA0C031A4382
:1046D00040EAD200096A40EA11110B9808430B9096
:1046E0000B980C99096808600C9908684AF6F8322A
:1046F000CAF2FD7210444CF6CD42CCF6CC42A0FB7F
:1047000002026FF0030000EA9200C8650C98FCF703
:104710002FFA08900C98C06D00F01F01012088400E
:10472000089948600AE00C99402048650C990320DC
:1047300081F8350001208DF837004DE1FFE70C9836
:10474000016801201022C4F202029142019000F09F
:104750000381FFE70C98016801202822C4F20202BD
:104760009142019000F0F880FFE70C980168012069
:104770004022C4F202029142019000F0ED80FFE776
:104780000C98016801205822C4F202029142019063
:1047900000F0E280FFE70C98016801207022C4F26B
:1047A00002029142019000F0D780FFE70C98016867
:1047B00001208822C4F202029142019000F0CC80D4
:1047C000FFE70C9801680120A022C4F20202914286
:1047D000019000F0C180FFE70C9801680120B82229
:1047E000C4F202029142019000F0B680FFE70C98FB
:1047F0000168012040F21042C4F20202914201908D
:1048000000F0AA80FFE70C980168012040F22842DE
:10481000C4F202029142019000F09E80FFE70C98E2
:104820000168012040F24042C4F20202914201902C
:1048300000F09280FFE70C980168012040F2584296
:10484000C4F202029142019000F08680FFE70C98CA
:104850000168012040F27042C4F2020291420190CC
:104860007AD0FFE70C980168012040F28842C4F238
:104870000202914201906FD0FFE70C98016801207D
:1048800040F2A042C4F202029142019064D0FFE7DC
:104890000C980168012040F2B842C4F20202914231
:1048A000019059D0FFE70C980168012045F20842B9
:1048B000C5F60202914201904ED0FFE70C980168C4
:1048C000012045F21C42C5F602029142019043D0FC
:1048D000FFE70C980168012045F23042C5F602025C
:1048E0009142019038D0FFE70C980168012045F211
:1048F0004442C5F60202914201902DD0FFE70C9888
:104900000168012045F25842C5F602029142019029
:1049100022D0FFE70C980168012045F26C42C5F6F1
:1049200002029142019017D0FFE70C980168012024
:1049300045F28042C5F60202914201900CD0FFE799
:104940000C9800684AF66C31CAF2FD710844B0FA5E
:1049500080F040090190FFE70198C00790B3FFE79E
:104960000C98FCF7EDF90C988068802804D1FFE7DB
:104970000C9900204860FFE70C990879096E0860DF
:104980000C98416E806E48600C98406888B1FFE7D3
:104990000C98406808280CD8FFE70C98FCF78CFAB4
:1049A0000C98C16E002008600C98016F406F486041
:1049B00007E00C990020C8660C9908670C994867B5
:1049C000FFE7FFE70C99002048650C9A012182F867
:1049D00035108DF83700FFE79DF837000EB010BD99
:1049E00080B588B0069005910492039300208DF85D
:1049F0000B00069820B9FFE701208DF81F006CE33B
:104A0000FFE7069890F83400012804D1FFE7022060
:104A10008DF81F0061E30699012081F83400FFE75B
:104A2000FFE7069890F83500012840F04383FFE740
:104A30000699022081F835000699002048650698FD
:104A400000681021C4F20201884200F08180FFE773
:104A5000069800682821C4F20201884278D0FFE756
:104A6000069800684021C4F20201884270D0FFE736
:104A7000069800685821C4F20201884268D0FFE716
:104A8000069800687021C4F20201884260D0FFE7F6
:104A9000069800688821C4F20201884258D0FFE7D6
:104AA00006980068A021C4F20201884250D0FFE7B6
:104AB00006980068B821C4F20201884248D0FFE796
:104AC0000698006840F21041C4F2020188423FD0CB
:104AD000FFE70698006840F22841C4F202018842CC
:104AE00036D0FFE70698006840F24041C4F2020168
:104AF00088422DD0FFE70698006840F25841C4F282
:104B00000201884224D0FFE70698006840F2704115
:104B1000C4F2020188421BD0FFE70698006840F209
:104B20008841C4F20201884212D0FFE7069800686B
:104B300040F2A041C4F20201884209D0FFE7069882
:104B4000006840F2B841C4F20201884207D1FFE791
:104B500006980168086820F00100086006E00698E1
:104B60000168086820F001000860FFE706980599D1
:104B7000049A039BFCF7B0FA069801680120102202
:104B8000C4F202029142019000F0A380FFE7069870
:104B9000016801202822C4F202029142019000F033
:104BA0009880FFE70698016801204022C4F20202C3
:104BB0009142019000F08D80FFE706980168012086
:104BC0005822C4F202029142019000F08280FFE775
:104BD0000698016801207022C4F2020291420190FD
:104BE00077D0FFE70698016801208822C4F202020C
:104BF000914201906DD0FFE7069801680120A02244
:104C0000C4F202029142019063D0FFE70698016866
:104C10000120B822C4F202029142019059D0FFE76C
:104C200006980168012040F21042C4F2020291424B
:104C300001904ED0FFE706980168012040F228421B
:104C4000C4F202029142019043D0FFE70698016846
:104C5000012040F24042C4F202029142019038D059
:104C6000FFE706980168012040F25842C4F20202B0
:104C7000914201902DD0FFE706980168012040F293
:104C80007042C4F202029142019022D0FFE70698DE
:104C90000168012040F28842C4F202029142019070
:104CA00017D0FFE706980168012040F2A042C4F245
:104CB0000202914201900CD0FFE7069800684FF67F
:104CC0004831CBF6FD710844B0FA80F040090190FC
:104CD000FFE70198C007A8B1FFE7069800680068E1
:104CE0000B2161F344000699096808600698006C7E
:104CF00038B1FFE706980168086840F008000860CE
:104D0000FFE714E0069800680068052161F343009E
:104D10000699096808600698006C38B1FFE70698A4
:104D20000168086840F004000860FFE7FFE70698A4
:104D3000016801201022C4F202029142009000F0AA
:104D40000381FFE70698016801202822C4F20202CD
:104D50009142009000F0F880FFE70698016801207A
:104D60004022C4F202029142009000F0ED80FFE781
:104D70000698016801205822C4F202029142009074
:104D800000F0E280FFE70698016801207022C4F27B
:104D900002029142009000F0D780FFE70698016878
:104DA00001208822C4F202029142009000F0CC80DF
:104DB000FFE7069801680120A022C4F20202914296
:104DC000009000F0C180FFE7069801680120B8223A
:104DD000C4F202029142009000F0B680FFE706980C
:104DE0000168012040F21042C4F202029142009098
:104DF00000F0AA80FFE706980168012040F22842EF
:104E0000C4F202029142009000F09E80FFE70698F3
:104E10000168012040F24042C4F202029142009037
:104E200000F09280FFE706980168012040F25842A6
:104E3000C4F202029142009000F08680FFE70698DB
:104E40000168012040F27042C4F2020291420090D7
:104E50007AD0FFE706980168012040F28842C4F248
:104E60000202914200906FD0FFE70698016801208E
:104E700040F2A042C4F202029142009064D0FFE7E7
:104E800006980168012040F2B842C4F20202914241
:104E9000009059D0FFE706980168012045F20842CA
:104EA000C5F60202914200904ED0FFE706980168D5
:104EB000012045F21C42C5F602029142009043D007
:104EC000FFE706980168012045F23042C5F602026C
:104ED0009142009038D0FFE706980168012045F222
:104EE0004442C5F60202914200902DD0FFE7069899
:104EF0000168012045F25842C5F602029142009035
:104F000022D0FFE706980168012045F26C42C5F601
:104F100002029142009017D0FFE706980168012035
:104F200045F28042C5F60202914200900CD0FFE7A4
:104F3000069800684AF66C31CAF2FD710844B0FA6E
:104F400080F040090090FFE70098C007D0B1FFE76C
:104F50000698006E0068C003002807D5FFE7069892
:104F6000016E086840F480700860FFE70698C06E24
:104F700038B1FFE70698C16E086840F48070086099
:104F8000FFE7FFE7069800681021C4F2020188429B
:104F900000F08180FFE7069800682821C4F2020132
:104FA000884278D0FFE7069800684021C4F20201E9
:104FB000884270D0FFE7069800685821C4F20201C9
:104FC000884268D0FFE7069800687021C4F20201A9
:104FD000884260D0FFE7069800688821C4F2020189
:104FE000884258D0FFE706980068A021C4F2020169
:104FF000884250D0FFE706980068B821C4F2020149
:10500000884248D0FFE70698006840F21041C4F299
:10501000020188423FD0FFE70698006840F228412D
:10502000C4F20201884236D0FFE70698006840F2D9
:105030004041C4F2020188422DD0FFE70698006883
:1050400040F25841C4F20201884224D0FFE706989A
:10505000006840F27041C4F2020188421BD0FFE7B1
:105060000698006840F28841C4F20201884212D0DA
:10507000FFE70698006840F2A041C4F202018842AE
:1050800009D0FFE70698006840F2B841C4F2020177
:10509000884207D1FFE706980168086840F00100E0
:1050A000086006E006980168086840F001000860A2
:1050B000FFE70DE006994FF400604865FFE70699A9
:1050C000002081F83400FFE701208DF80B00FFE796
:1050D0009DF80B008DF81F00FFE79DF81F0008B03A
:1050E00080BD00000000000085B003900291019295
:1050F000039890F898008DF803009DF803000128AC
:1051000005D0FFE79DF8030002285DD1FFE7029874
:1051100003990968896D084207D1FFE70398016880
:10512000C86D40F00100C86515E002980399096850
:10513000896D08400299884207D1FFE7039801680A
:10514000C86D40F00200C86504E0039801680320C0
:10515000C865FFE7FFE79DF809008007002809D52B
:10516000FFE7019A03980168D1F8E0001043C1F805
:10517000E000FFE79DF809004007002809D5FFE798
:10518000019A03980168D1F8E4001043C1F8E400E3
:10519000FFE7FFE702984FF6FF71C3F6CF7100EA11
:1051A000010203980168486D10434865029A4AF667
:1051B0001401C4F20001086840EA92700860FFE739
:1051C00000208DF813000AE00399D1F89C0040F00C
:1051D0000200C1F89C0001208DF81300FFE79DF844
:1051E000130005B07047000080B586B004900391AD
:1051F00002920398406808B9FFE700E0FFE70498CF
:1052000090F89800022845D1FFE704980068D0F88C
:10521000C00010F07C5F0BD1FFE70499D1F89C002F
:1052200040F02000C1F89C0001208DF817003CE000
:1052300004980068D0F8C400800200280BD5FFE76E
:105240000499D1F89C0040F40070C1F89C00012042
:105250008DF8170029E004980068D0F8C400C0F366
:105260000440019004980399029A019BFCF7B8FC52
:105270000199012000FA01F1049A1268C2F8D010D5
:10528000019988400499C1F89400FFE700208DF847
:1052900017000AE00499D1F89C0040F00800C1F81A
:1052A0009C0001208DF81700FFE79DF8170006B05D
:1052B00080BD00000000000082B00190009102B0AB
:1052C000704700000000000087B005900491059829
:1052D00090F898008DF803009DF80300012805D090
:1052E000FFE79DF8030002286AD1FFE70498C06831
:1052F000072801D1FFE7FFE70498006878BBFFE7C4
:105300000498C068072801D0FFE7FFE70498C06849
:1053100007280CD1FFE7049A10699169D26900044B
:1053200040EA0220084340F0605003900CE00499EA
:105330008868CB680A694969800740EAC36040EA27
:10534000024008430390FFE70598C06E049949683E
:1053500000EB810001900398019908602CE004980B
:10536000C068072801D0FFE7FFE70498C16800691B
:1053700040EA417003900498C068072804D1FFE711
:1053800004988069029006E004988168406940EAC8
:1053900081700290FFE70598006F0499496800EB5F
:1053A000C1000190039801990860019804300190B0
:1053B000029801990860FFE700208DF81B000AE0C1
:1053C0000599D1F89C0040F00200C1F89C00012032
:1053D0008DF81B00FFE79DF81B0007B07047000029
:1053E00085B0DDF814C003900291019200930398F8
:1053F00090F89800012812D1FFE702980001019966
:1054000040EA8100009940EA410005990843039968
:105410000968C1F8800000208DF813000AE00399A4
:10542000D1F89C0040F00400C1F89C0001208DF8E8
:105430001300FFE79DF8130005B07047000000005F
:1054400081B0009001B0704782B00190009102B02D
:1054500070470000000000008AB008900791069293
:10546000059300200190089890F898008DF80300AB
:105470009DF80300022840F05E81FFE7079840286E
:1054800052D1FFE708980068D0F8A00010F4FE0F92
:105490000BD1FFE70899D1F89C0040F02000C1F83B
:1054A0009C0001208DF8270050E108980068D0F892
:1054B000A400400658B9FFE70899D1F89C0040F4D1
:1054C0008070C1F89C0001208DF827003EE108980B
:1054D0000068D0F8A40000F080710120B0EB116FDB
:1054E0000ED1FFE708980068D0F8A0104FF00040F8
:1054F000B0EBD17F03D1FFE701200190FFE7FFE789
:1055000008980068D0F8A40000F47C51019800EBE2
:10551000112001900898426C406F0199514300EBB3
:1055200081000490FFE771E00798412852D1FFE71E
:1055300008980068D0F8B00010F4FE0F0BD1FFE718
:105540000899D1F89C0040F02000C1F89C0001208F
:105550008DF82700FAE008980068D0F8B4004006FB
:1055600058B9FFE70899D1F89C0040F48070C1F861
:105570009C0001208DF82700E8E008980068D0F82A
:10558000B40000F080710120B0EB116F0ED1FFE785
:1055900008980068D0F8B0104FF00040B0EBD17F11
:1055A00003D1FFE701200190FFE7FFE708980068BB
:1055B000D0F8B40000F47C51019800EB1120019068
:1055C0000898C26C806F0199514300EB81000490F0
:1055D000FFE71AE007980899096D88420BD3FFE7A7
:1055E0000899D1F89C0040F02000C1F89C000120EF
:1055F0008DF82700AAE00898426DC06F07995143C3
:1056000000EB81000490FFE7FFE7FFE704980068E4
:1056100000F08040069948600698406838B9FFE776
:1056200004980068C0F38A400699086006E0049870
:10563000006820F0604006990860FFE70498006861
:1056400000F00050069988600498006800F000405F
:10565000069908610498043004900498008806991B
:10566000C8610498006800F470200699C860049826
:10567000006800F48010069948610498006800F4FE
:1056800000100699886104980068C0F306600699C6
:10569000086204980068C00F0699486204980430B4
:1056A00004900498039000200290FFE70298069966
:1056B000CA8947F62071C0F60101895C88420AD286
:1056C000FFE70398029A805C05998854FFE70298E7
:1056D00001300290EAE70798402806D1FFE70198D9
:1056E00008990968C1F8A80021E00798412806D167
:1056F000FFE7019808990968C1F8B80016E0079813
:105700001F2808D8FFE707990120884008990968F1
:10571000C1F8980009E0079800F01F0101208840B7
:1057200008990968C1F89C00FFE7FFE7FFE7002040
:105730008DF827000AE00899D1F89C0040F0080095
:10574000C1F89C0001208DF82700FFE79DF8270095
:105750000AB070470000000081B0009001B07047AF
:1057600080B594B013904AF61000C4F200000068AF
:10577000800712904AF61400C4F2000001681298E3
:1057800000EA8170129013980068006D00F4704078
:10579000119013980068416D11980840119013986A
:1057A0000068006D00F00F00109013980068416DC4
:1057B00010980840109013980068006D00F0F000F9
:1057C0000F9013980068416D0F9808400F90139840
:1057D0000068006D00F071500E9013980068416DE4
:1057E0000E9808400E9013980068006D00F06070ED
:1057F0000D9013980068416D0D9808400D90139816
:105800000068406D039013980068006D01909DF84A
:105810000D00C007B8B1FFE79DF80500C00788B1CB
:10582000FFE7FFE7139801684FF4807008654AF6B8
:105830001001C4F2000100200860FFE71398FFF791
:105840008BFFFFE7FFE79DF80D0000F0040100204B
:10585000B0EB910F28D0FFE79DF8050000F00401A0
:105860000020B0EB910F1ED0FFE713980068D0F82E
:10587000DC000B9013980068D0F8E4100B980840F7
:105880000B90FFE7139801684FF4806008654AF6B3
:105890001001C4F2000100200860FFE713980B9983
:1058A00000F092FDFFE7FFE71298B8B1FFE7FFE7CE
:1058B00012984FF6FF71C3F6CF710840139909682B
:1058C00008651298800F4AF61001C4F200010860C2
:1058D000FFE713981299FFF7EFFCFFE71198B8B1B3
:1058E000FFE7FFE711984FF6FF71C3F6CF7108404D
:1058F0001399096808651198800F4AF61001C4F2DF
:1059000000010860FFE71398119900F06DFDFFE7B3
:105910001098B8B1FFE7FFE710984FF6FF71C3F694
:10592000CF7108401399096808651098800F4AF6EE
:105930001001C4F200010860FFE71398109900F00D
:10594000C7FCFFE70F98B8B1FFE7FFE70F984FF6E6
:10595000FF71C3F6CF7108401399096808650F9865
:10596000800F4AF61001C4F200010860FFE71398A7
:105970000F9900F0D1FCFFE79DF80D0000F0080141
:105980000020B0EBD10F1BD0FFE79DF8050000F021
:1059900008010020B0EBD10F11D0FFE7FFE713980B
:1059A00001684FF4006008654AF61001C4F2000176
:1059B00000200860FFE7139800F01EFDFFE7FFE7F7
:1059C0009DF80D0000F002010020B0EB510F28D02F
:1059D000FFE79DF8050000F002010020B0EB510F39
:1059E0001ED0FFE713980068D0F8D8000C901398E9
:1059F0000068D0F8E0100C9808400C90FFE713986E
:105A000001684FF4007008654AF61001C4F2000105
:105A100000200860FFE713980C9900F0DDFCFFE719
:105A2000FFE79DF80E0000F008010020B0EBD10F59
:105A30001BD0FFE79DF8060000F008010020B0EB46
:105A4000D10F11D0FFE7FFE7139801684FF4002052
:105A500008654AF61001C4F2000100200860FFE763
:105A6000139800F031FCFFE7FFE79DF80E00C00738
:105A7000B8B1FFE79DF80600C00788B1FFE7FFE770
:105A8000139801684FF4803008654AF61001C4F29B
:105A9000000100200860FFE7139800F091FCFFE789
:105AA000FFE79DF80E0000F004010020B0EB910F1D
:105AB0001BD0FFE79DF8060000F004010020B0EBCA
:105AC000910F11D0FFE7FFE7139801684FF4802092
:105AD00008654AF61001C4F2000100200860FFE7E3
:105AE000139800F069FCFFE7FFE79DF80E0000F057
:105AF00002010020B0EB510F1FD0FFE79DF8060018
:105B000000F002010020B0EB510F15D0FFE7FFE7D6
:105B1000139801684FF4003008654AF61001C4F28A
:105B2000000100200860FFE71399D1F89C0040F0C5
:105B30008000C1F89C00FFE7FFE70D98B8B1FFE7D0
:105B4000FFE70D984FF6FF71C3F6CF710840139928
:105B5000096808650D98800F4AF61001C4F200012B
:105B60000860FFE713980D99FFF76EFCFFE70E98AA
:105B7000D0B1FFE7FFE70E984FF6FF71C3F6CF7184
:105B800008401399096808650E98800F4AF61001BD
:105B9000C4F200010860FFE70E9A1399D1F89C0047
:105BA0001043C1F89C00FFE7139800684AF2000117
:105BB000C4F20001884240F0B980FFE713984068C2
:105BC00080688007002800F0B080FFE713984068E5
:105BD000006A00F00F000A9013984068416A0A9822
:105BE00008400A9013984068006A00F0300009905D
:105BF00013984068416A09980840099013984068D2
:105C0000006A00F4C070089013984068416A0898D0
:105C10000840089013984068006A00F4FC40079020
:105C200013984068416A07980840079013984068A5
:105C3000006A00F4F020069013984068416A0698C4
:105C40000840069013984068406A02901398406894
:105C5000006A00900A9848B1FFE70A9813994968CA
:105C6000086213980A9900F08FFBFFE7099848B182
:105C7000FFE709981399496808621398099900F099
:105C800093FBFFE79DF8080000F040010020B0EB17
:105C9000911F1FD0FFE79DF8000000F04001002099
:105CA000B0EB911F15D0FFE713984068C06B000C54
:105CB000059013984068C06B00F03F000490139863
:105CC00041684020086213980599049A00F064FB2B
:105CD000FFE7FFE7089848B1FFE70898139949687C
:105CE00008621398089900F047FBFFE7079860B136
:105CF000FFE70798139949680862079A1399D1F842
:105D00009C001043C1F89C00FFE7069860B1FFE7D4
:105D10000698139949680862069A1399D1F89C006D
:105D20001043C1F89C00FFE7FFE7FFE71398D0F8A6
:105D30009C0020B1FFE71398FFF782FBFFE714B048
:105D400080BD00000000000080B598B0169047F6B6
:105D50007C61C0F6010101A84C22FAF72FFC1698CD
:105D600020B9FFE701208DF85F00D9E1169800689F
:105D70004AF20001C4F20001884206D1FFE71699F9
:105D8000086800F580704860FFE716988068B0F5F5
:105D9000407F01D1FFE7FFE71698006C08B1FFE7ED
:105DA000FFE71698806C08B1FFE7FFE71698006DD3
:105DB00008B1FFE7FFE71698006E08B1FFE7FFE7BD
:105DC0001699C86D096E084408B1FFE7FFE71698F9
:105DD00090F8980040B9FFE71699002081F89900E3
:105DE000169800F0A1F9FFE716980168886920F07D
:105DF0001000886100F0F0FC1590FFE7169800682D
:105E000080690007002817D5FFE700F0E5FC159929
:105E1000401A0B280FD3FFE71699D1F89C0040F0E9
:105E20000100C1F89C001699032081F89800012018
:105E30008DF85F0074E1E1E716980168886940F029
:105E40000100886100F0C8FC1590FFE71698006813
:105E50008069C007B8B9FFE700F0BEFC1599401A89
:105E60000B280FD3FFE71699D1F89C0040F00100F2
:105E7000C1F89C001699032081F8980001208DF844
:105E80005F004DE1E2E716980168886940F0020082
:105E900088611698007C012807D1FFE716980168F1
:105EA000886920F04000886106E0169801688869DA
:105EB00040F040008861FFE71698407C012807D138
:105EC000FFE716980168886940F48040886106E021
:105ED00016980168886920F480408861FFE7169869
:105EE000807C012807D1FFE716980168886920F4B3
:105EF0008050886106E016980168886940F48050F7
:105F00008861FFE716980068806920F44070169A4F
:105F1000116892681043886116980168886920F0BA
:105F2000A400886116980168086920F010000861D3
:105F30001698C068012807D1FFE71698016888699C
:105F400040F0040088612BE01698C06830B3FFE78A
:105F50001698C068022819D0FFE71698016888696A
:105F600040F08000886116980168086940F01000D0
:105F700008611698C068032807D1FFE716980168E2
:105F8000886940F020008861FFE706E01698016804
:105F9000886940F020008861FFE700E0FFE7FFE745
:105FA000169A116853699069D2F81CE0A0F1010CAF
:105FB0006FF0FF0000EB0E2040EA4C60126A013ADD
:105FC00010430022CFF6FF7202EB03421043C86178
:105FD00016988068B0F5407F1CD1FFE7169A1168CB
:105FE000536A906AD2F82CE001386FF0FF0C0CEB8A
:105FF0000E2C40EA0C00D2F830C06FF00F0202EB1A
:106000000C1210430022CFF6FF7202EB0342104342
:10601000C860FFE71698006E48B1FFE71698016860
:10602000426ED1F8C0001043C1F8C000FFE71699D6
:10603000C86D096E084480B1FFE716980068D0F873
:10604000C80020F00700169A1168936E01AA52F852
:1060500023201043C1F8C800FFE71698006C80B1F8
:10606000FFE716980068D0F8BC0020F00700169AE9
:106070001168536C01AA52F823201043C1F8BC00E8
:10608000FFE71698806C88B1FFE716980068D0F893
:10609000BC0020F07000169A1168D36C01AA52F867
:1060A000232040EA0210C1F8BC00FFE71698006DFB
:1060B00088B1FFE716980068D0F8BC0020F4E060D3
:1060C000169A1168536D01AA52F8232040EA022063
:1060D000C1F8BC00FFE7169800684AF20001C4F25C
:1060E0000001884207D1FFE716984168886820F0D0
:1060F00003008860FFE716990020C1F89400169904
:10610000C1F89C001699012081F898001698FBF7B9
:1061100003FC8DF853009DF853008DF85F00FFE7F6
:106120009DF85F0018B080BD80B5BCB03B900020EA
:106130003A90399038903790369008A8B821FAF7FD
:1061400099FA3B9800684AF20001C4F200018842C3
:1061500055D1FFE7002009904FF4004008904FF020
:106160008050239008A800F077FF18B1FFE7FBF7F5
:10617000BBFBFFE740F21810C2F20040016801319A
:1061800001600068012810D1FFE7FFE744F2EC400E
:10619000C5F60200016841F480710160006800F4F6
:1061A000807007900798FFE7FFE7FFE744F2E040C1
:1061B000C5F60200016841F008010160006800F0C6
:1061C000080006900698FFE70320369002203790DB
:1061D000002002903890399009203A9040F6004013
:1061E000C5F6020036A900F00BF9029A13200390BD
:1061F000052100F0F9FB039800F0EAFB61E03B9811
:1062000000684AF20041C4F20001884258D1FFE719
:10621000002009904FF4004008904FF080502390E8
:1062200008A800F019FF18B1FFE7FBF75DFBFFE7D7
:1062300040F21810C2F200400168013101600068AC
:10624000012810D1FFE7FFE744F2EC40C5F6020059
:10625000016841F480710160006800F4807005906D
:106260000598FFE7FFE7FFE744F2E040C5F60200CC
:10627000016841F002010160006800F00200049032
:106280000498FFE7602036900220379000200090AD
:106290003890399009203A9040F20040C5F602004B
:1062A00036A900F0ADF8102000F09EFA009A1420F4
:1062B0000190052100F098FB019800F089FBFFE7B1
:1062C000FFE73CB080BD000081B0009001B0704796
:1062D00080B582B0019000919DF80000C007B8B170
:1062E000FFE7019841F29051C2F20041884203D188
:1062F000FFE70DF041FEFFE7019841F23061C2F285
:106300000041884203D1FFE70DF042FEFFE7FFE7BF
:1063100002B080BD0000000082B00190009102B088
:10632000704700000000000082B00090009890F8D4
:106330009800012811D1FFE70099022081F8980008
:1063400000980168886920F00100886100990020A8
:10635000C1F89C008DF807000AE00099D1F89C0074
:1063600040F00400C1F89C0001208DF80700FFE711
:106370009DF8070002B0704782B00190009102B012
:10638000704700000000000082B00190009102B050
:10639000704700000000000083B00290019100925D
:1063A00003B070470000000082B00190009102B07D
:1063B000704700000000000081B0009001B07047FD
:1063C00081B0009001B0704782B00190009102B09E
:1063D000704700000000000082B00190009102B000
:1063E000704700000000000082B00190009102B0F0
:1063F000704700000000000081B0009001B07047BD
:106400008FB00E900D9100200C908020C5F60000FA
:106410000990FFE70D9800680C99C840002800F02B
:10642000C181FFE70D9800680C9A01219140084056
:106430000B900B98002800F0B181FFE70D984068A1
:1064400000F00300012807D0FFE70D98406800F036
:10645000030002282FD1FFE70E9880680A900C985D
:106460004100032000FA01F10A9888430A900D9830
:10647000C0680C99490000FA01F10A9808430A9093
:106480000A980E9988600E9840680A900C9901202D
:1064900000FA01F10A9888430A900D984068C0F309
:1064A00000100C9900FA01F10A9808430A900A9822
:1064B0000E994860FFE70D98406800F0030003283C
:1064C00018D0FFE70E98C0680A900C98410003208E
:1064D00000FA01F10A9888430A900D9880680C9997
:1064E000490000FA01F10A9808430A900A980E99A7
:1064F000C860FFE70D98406800F00300022826D12D
:10650000FFE70E980C996FF0030202EA510108446C
:10651000006A0A900C9800F0070081000F2000FA32
:1065200001F10A9888430A900D9800690C9901F0CE
:106530000701890000FA01F10A9808430A900A98B5
:106540000E990C9B02EA530211440862FFE70E9871
:1065500000680A900C984100032000FA01F10A98A3
:1065600088430A900D98406800F003000C99490098
:1065700000FA01F10A9808430A900A980E990860F7
:106580000D9880798007002800F00781FFE7FFE77A
:1065900044F2F440C5F60200016841F002010160D6
:1065A000006800F0020008900898FFE70C9820F0BF
:1065B000030040F20841C5F6000140580A900C98CB
:1065C00000F0030081000F2000FA01F10A988843CF
:1065D0000A900E980021C5F60201884203D1FFE718
:1065E000002007906CE00E9840F20041C5F60201D1
:1065F000884203D1FFE7012006905EE00E9840F646
:106600000001C5F60201884203D1FFE70220059090
:1066100050E00E9840F60041C5F60201884203D1D1
:10662000FFE70320049042E00E9841F20001C5F616
:106630000201884203D1FFE70420039034E00E9862
:1066400041F20041C5F60201884203D1FFE705206F
:10665000029026E00E9841F60001C5F6020188423C
:1066600003D1FFE70620019018E00E9841F60041A3
:10667000C5F60201884203D1FFE7072000900AE037
:106680000E9942F20042C5F602020A20914208BF6A
:1066900009200090FFE700980190FFE70198029021
:1066A000FFE702980390FFE703980490FFE7049840
:1066B0000590FFE705980690FFE706980790FFE72B
:1066C00007980C9901F00301890000FA01F10A987A
:1066D00008430A900A980C9921F0030140F20842FD
:1066E000C5F6000288504FF0B04000680A900B9940
:1066F0000A9888430A900D988079C006002805D52D
:10670000FFE70B990A9808430A90FFE70A984FF0B1
:10671000B04108600420C5F6000000680A900B999B
:106720000A9888430A900D9880798006002805D53C
:10673000FFE70B990A9808430A90FFE70A9804219B
:10674000C5F600010860099840680A900B990A98FC
:1067500088430A900D9880798007002805D5FFE7C7
:106760000B990A9808430A90FFE70A98099948602C
:10677000099800680A900B990A9888430A900D9826
:106780008079C00728B1FFE70B990A9808430A905F
:10679000FFE70A9809990860FFE7FFE70C980130C6
:1067A0000C9037E60FB0704782B00190ADF8021040
:1067B0008DF801209DF8010028B1FFE7BDF8020027
:1067C0000199886105E0BDF8020000040199886123
:1067D000FFE702B07047000045F62430C2F20040E7
:1067E000006870470000000082B00190FFE744F2AB
:1067F000F440C5F60200016841F002010160006842
:1068000000F0020000900098FFE7019A40F2044176
:10681000C5F6000108681043086002B07047000028
:1068200040F26800C2F20040027845F62431C2F21C
:106830000041086810440860704700000000000034
:1068400080B582B0032000F0E7F801F0E1FE44F2E9
:106850001842C5F602021168C1F3032347F610710E
:10686000C0F60101CB5C03F01F03D84000900098F4
:10687000126802F00F02895C01F01F01C84040F26B
:106880006001C2F200410860009840F25C01C2F26F
:10689000004108600F2000F013F820B1FFE701204D
:1068A0008DF8070005E000F077F800208DF807006C
:1068B000FFE79DF8070002B080BD00000000000067
:1068C00080B590B00E900E980F2810D8FFE70E9963
:1068D0001C200090002200F087F8009800F078F863
:1068E0000E9840F26C01C2F20041086003E0012002
:1068F0008DF83F004CE0FFE744F2E840C5F60200A7
:10690000016841F001010160006800F001000190A0
:106910000198FFE706A802A901F0E2FD0B98049098
:10692000049820B9FFE701F04BFE059004E001F068
:1069300047FE40000590FFE705984DF68361C4F2DD
:106940001B31A0FB01014FF0FF3000EB91400390A1
:1069500041F25870C2F200404FF08041016040F2B5
:10696000E731C1600399416000210161816003F05A
:10697000CBF948B9FFE741F25870C2F2004003F08A
:106980001BFA8DF83F0003E001208DF83F00FFE780
:106990009DF83F0010B080BD80B582B0FFE744F2A3
:1069A000F440C5F60200016841F002010160006890
:1069B00000F0020001900198FFE76FF001000F2145
:1069C000002200F011F802B080BD000000000000BD
:1069D00080B582B0ADF80600BDF906000CF0E4FD0C
:1069E00002B080BD0000000080B586B0ADF8160092
:1069F000049103920CF0F0FD0290BDF91600019095
:106A000002980499039A05F03BFD014601980CF0A9
:106A1000EBFD06B080BD000080B582B0019001980A
:106A20000CF02AFE02B080BD80B584B0029044F61E
:106A30000C00C5F60200006800F004010020B0EB75
:106A4000910F13D1FFE744F60C00C5F60200006871
:106A500000F007000299884204D0FFE701208DF87A
:106A60000F002EE000208DF80F002AE044F60C0104
:106A7000C5F60201086820F00700029A104308607A
:106A8000FFF7AAFE0190FFE744F60400C5F60200F6
:106A9000006800F400510020B0EB513F0DD1FFE73A
:106AA000FFF79AFE0199401AB0F57A7F04D9FFE703
:106AB00001208DF80F0004E0E6E700208DF80F00BC
:106AC000FFE79DF80F0004B080BD0000000000004B
:106AD00080B501F049FD44F22041C5F60201096884
:106AE000C1F3021247F61071C0F60101895C01F092
:106AF0001F01C84080BD000088B0079044F22840C4
:106B0000C5F60200016801F0030106910068C0F3B8
:106B10000530059044F22C40C5F602000068C0F331
:106B200000100490049844F23C41C5F60201096843
:106B300089B2C908484300EE100AB8EE400A8DED4C
:106B4000020A0598002800F01B81FFE706980090D4
:106B500048B1FFE70098012869D0FFE700980228B4
:106B600000F08980ABE044F20040C5F60200006806
:106B700000F020010020B0EB511F33D0FFE744F2BA
:106B80000040C5F602000068C0F3C10149F20000F0
:106B9000C0F2D030C84003909DED030AB8EE400A21
:106BA0009DED051AB8EE411A80EE010A44F2384014
:106BB000C5F6020000686FF35F2001EE100AB8EE20
:106BC000411A9DED022A9FED743A82EE032A31EEBE
:106BD000021AB7EE002A31EE021A20EE010A8DEDFC
:106BE000010A23E09DED050AB8EE401A9FED6C0AFC
:106BF00080EE010A44F23840C5F6020000686FF3E7
:106C00005F2001EE100AB8EE411A9DED022A9FEDB9
:106C1000623A82EE032A31EE021AB7EE002A31EE12
:106C2000021A20EE010A8DED010AFFE76BE09DEDEF
:106C3000050AB8EE401A9FED590A80EE010A44F2A7
:106C40003840C5F6020000686FF35F2001EE100ABD
:106C5000B8EE411A9DED022A9FED4F3A82EE032ACB
:106C600031EE021AB7EE002A31EE021A20EE010AC6
:106C70008DED010A47E09DED050AB8EE401A9FED43
:106C8000450A80EE010A44F23840C5F60200006869
:106C90006FF35F2001EE100AB8EE411A9DED022A53
:106CA0009FED3D3A82EE032A31EE021AB7EE002A3A
:106CB00031EE021A20EE010A8DED010A23E09DED6E
:106CC000050AB8EE401A9FED350A80EE010A44F23B
:106CD0003840C5F6020000686FF35F2001EE100A2D
:106CE000B8EE411A9DED022A9FED2B3A82EE032A5F
:106CF00031EE021AB7EE002A31EE021A20EE010A36
:106D00008DED010AFFE79DED010A44F23840C5F61A
:106D10000200016889B2490A01EE101AB8EE411A60
:106D2000B7EE002A31EE021A80EE010A0799BCEE96
:106D3000C00A81ED000A9DED010A0168C1F3064118
:106D400001EE101AB8EE411A31EE021A80EE010A75
:106D50000799BCEEC00A81ED010A9DED010A0068A9
:106D6000C0F3066001EE100AB8EE411A31EE021AC5
:106D700080EE010A0798BCEEC00A80ED020A07E027
:106D80000799002008600799486007998860FFE725
:106D900008B07047001BB74B000000460024744A3F
:106DA0000024744C0000000088B0079044F2284092
:106DB000C5F60200016801F0030106910068C0F306
:106DC0000550059044F22C40C5F602000068C0F35F
:106DD00000200490049844F24441C5F60201096879
:106DE00089B2C908484300EE100AB8EE400A8DED9A
:106DF000020A0598002800F01B81FFE70698009022
:106E000048B1FFE70098012869D0FFE70098022801
:106E100000F08980ABE044F20040C5F60200006853
:106E200000F020010020B0EB511F33D0FFE744F207
:106E30000040C5F602000068C0F3C10149F200003D
:106E4000C0F2D030C84003909DED030AB8EE400A6E
:106E50009DED051AB8EE411A80EE010A44F2404059
:106E6000C5F6020000686FF35F2001EE100AB8EE6D
:106E7000411A9DED022A9FED743A82EE032A31EE0B
:106E8000021AB7EE002A31EE021A20EE010A8DED49
:106E9000010A23E09DED050AB8EE401A9FED6C0A49
:106EA00080EE010A44F24040C5F6020000686FF32C
:106EB0005F2001EE100AB8EE411A9DED022A9FED07
:106EC000623A82EE032A31EE021AB7EE002A31EE60
:106ED000021A20EE010A8DED010AFFE76BE09DED3D
:106EE000050AB8EE401A9FED590A80EE010A44F2F5
:106EF0004040C5F6020000686FF35F2001EE100A03
:106F0000B8EE411A9DED022A9FED4F3A82EE032A18
:106F100031EE021AB7EE002A31EE021A20EE010A13
:106F20008DED010A47E09DED050AB8EE401A9FED90
:106F3000450A80EE010A44F24040C5F602000068AE
:106F40006FF35F2001EE100AB8EE411A9DED022AA0
:106F50009FED3D3A82EE032A31EE021AB7EE002A87
:106F600031EE021A20EE010A8DED010A23E09DEDBB
:106F7000050AB8EE401A9FED350A80EE010A44F288
:106F80004040C5F6020000686FF35F2001EE100A72
:106F9000B8EE411A9DED022A9FED2B3A82EE032AAC
:106FA00031EE021AB7EE002A31EE021A20EE010A83
:106FB0008DED010AFFE79DED010A44F24040C5F660
:106FC0000200016889B2490A01EE101AB8EE411AAE
:106FD000B7EE002A31EE021A80EE010A0799BCEEE4
:106FE000C00A81ED000A9DED010A0168C1F3064166
:106FF00001EE101AB8EE411A31EE021A80EE010AC3
:107000000799BCEEC00A81ED010A9DED010A0068F6
:10701000C0F3066001EE100AB8EE411A31EE021A12
:1070200080EE010A0798BCEEC00A80ED020A07E074
:107030000799002008600799486007998860FFE772
:1070400008B07047001BB74B000000460024744A8C
:107050000024744C0000000080B59AB01890002005
:107060008DF857008DF856001898C0780007002852
:1070700048D5FFE71898406E149078B1FFE7149850
:10708000B0F5801F13D0FFE71498B0F5001F16D09D
:10709000FFE71498B0F5401F19D019E044F22C41D5
:1070A000C5F60201086840F40030086014E0189842
:1070B0000830022105F008FB8DF857000CE0189805
:1070C0002830022105F0E8FB8DF8570004E003E0CA
:1070D00001208DF85700FFE79DF8570060B9FFE7E2
:1070E00044F25041C5F60201086820F44010189A95
:1070F000526E1043086004E09DF857008DF856006A
:10710000FFE7FFE718984078C007002840D0FFE766
:107110001898806D1390042820D81399DFE801F0A7
:10712000030C141C1D0044F22C41C5F60201086832
:1071300040F40030086015E018980830002105F090
:10714000C3FA8DF857000DE018982830002105F09B
:10715000A3FB8DF8570005E004E003E001208DF863
:107160005700FFE79DF8570060B9FFE744F2504130
:10717000C5F60201086820F00700189A926D1043C6
:10718000086004E09DF857008DF85600FFE7FFE720
:10719000189840784007002856D5FFE71898D0F88F
:1071A000A4001290C8B1FFE71298B0F5001F1DD0DF
:1071B000FFE71298B0F5800F20D0FFE71298B0F5E6
:1071C000C00F23D0FFE71298B0F5000F1FD0FFE7E4
:1071D0001298B0F5200F1BD01BE044F22C41C5F6ED
:1071E0000201086840F40030086016E01898083082
:1071F000002105F069FA8DF857000EE01898283044
:10720000002105F049FB8DF8570006E005E004E099
:1072100003E001208DF85700FFE79DF8570068B99B
:10722000FFE744F25841C5F60201086820F4600007
:10723000189AD2F8A4201043086004E09DF8570083
:107240008DF85600FFE7FFE7189840780007002800
:1072500056D5FFE71898D0F8A8001190C8B1FFE7FD
:107260001198B0F1807F1DD0FFE71198B0F1007F39
:1072700020D0FFE71198B0F1407F23D0FFE71198AD
:10728000B0F1806F1FD0FFE71198B0F1A06F1BD055
:107290001BE044F22C41C5F60201086840F40030BE
:1072A000086016E018980830002105F00DFA8DF8F6
:1072B00057000EE018982830002105F0EDFA8DF8FF
:1072C000570006E005E004E003E001208DF85700D8
:1072D000FFE79DF8570068B9FFE744F25841C5F64B
:1072E0000201086820F0E060189AD2F8A820104344
:1072F000086004E09DF857008DF85600FFE7FFE7AF
:107300001898C078800700283ED5FFE71898C06C11
:107310001090F0B1FFE71098102808D0FFE7109800
:1073200020280DD0FFE71098302811D012E044F249
:107330002C41C5F60201086840F4003008600DE0F9
:1073400018980830022105F0BFF98DF8570005E0C4
:1073500004E003E001208DF85700FFE79DF8570097
:1073600060B9FFE744F24C41C5F60201086820F01D
:107370003000189AD26C1043086004E09DF8570062
:107380008DF85600FFE7FFE718984078C006002800
:107390004ED5FFE71898C06D0F90A0B1FFE70F988A
:1073A000B0F5805F18D0FFE70F98B0F5005F1BD0F5
:1073B000FFE70F98B0F5405F1ED0FFE70F98B0F5DC
:1073C000804F1AD01AE044F22C41C5F60201086839
:1073D00040F40030086015E018980830002105F0EE
:1073E00073F98DF857000DE018982830002105F04A
:1073F00053FA8DF8570005E004E003E001208DF812
:107400005700FFE79DF8570060B9FFE744F250418D
:10741000C5F60201086820F4E040189AD26D1043C6
:10742000086004E09DF857008DF85600FFE7FFE77D
:1074300018984078800600284CD5FFE71898006E11
:107440000E90C8B1FFE70E98B0F5803F15D0FFE76A
:107450000E98B0F5003F18D0FFE70E98B0F5403F0A
:107460001BD0FFE70E98B0F5802F17D0FFE70E98DE
:10747000B0F5A02F13D013E016E0189808300121C2
:1074800005F022F98DF857000EE0189828300121F8
:1074900005F002FA8DF8570006E005E004E003E08D
:1074A00001208DF85700FFE79DF8570060B9FFE70E
:1074B00044F25041C5F60201086820F4E020189A11
:1074C000126E1043086004E09DF857008DF85600D6
:1074D000FFE7FFE718984078400600284ED5FFE701
:1074E0001898D0F8AC000D90C8B1FFE70D98B0F136
:1074F000805F15D0FFE70D98B0F1005F18D0FFE76F
:107500000D98B0F1405F1BD0FFE70D98B0F1804FB0
:1075100017D0FFE70D98B0F1A04F13D013E016E09D
:1075200018980830012105F0CFF88DF857000EE0CB
:1075300018982830012105F0AFF98DF8570006E0C2
:1075400005E004E003E001208DF85700FFE79DF817
:10755000570068B9FFE744F25841C5F602010868D0
:1075600020F0E040189AD2F8AC201043086004E004
:107570009DF857008DF85600FFE7FFE71898407810
:10758000000600283BD5FFE71898C06E0C90D8B1D4
:10759000FFE70C98B0F1805F05D0FFE70C98B0F1E1
:1075A000005F09D011E044F22C41C5F602010868E1
:1075B00040F4003008600CE018980830012105F014
:1075C00083F88DF8570004E003E001208DF85700A0
:1075D000FFE79DF8570060B9FFE744F25041C5F658
:1075E0000201086820F04050189AD26E10430860DB
:1075F00004E09DF857008DF85600FFE7FFE7189864
:10760000C078C007002837D0FFE71898806C0B902F
:10761000032817D80B99DFE801F014020B1344F28A
:107620002C41C5F60201086840F4003008600DE006
:1076300018980830022105F047F88DF8570005E04A
:1076400004E003E001208DF85700FFE79DF85700A4
:1076500060B9FFE744F24C41C5F60201086820F02A
:107660000300189A926C1043086004E09DF85700DC
:107670008DF85600FFE7FFE718988078400600284D
:1076800040F1B480FFE744F60001C5F60201086846
:1076900040F480700860FFF79FF81690FFE744F60B
:1076A0000000C5F602000068C00500280CD4FFE702
:1076B000FFF792F81699401A652804D3FFE70320D4
:1076C0008DF8570000E0EAE79DF85700002840F0E9
:1076D0008780FFE744F27040C5F60200006800F4BE
:1076E00040701899D1F8B01001F44071884213D05D
:1076F000FFE744F27041C5F60201086820F44070CB
:107700001790086840F480300860086820F48030E2
:10771000086017980860FFE71898D0F8B000B0F537
:10772000807F1FD1FFE7FFF757F81690FFE744F27D
:107730007040C5F60200006800F002010020B0EBC6
:10774000510F0ED1FFE7FFF747F81699401A41F2A3
:107750008931884204D3FFE703208DF8570000E009
:10776000E5E7FFE79DF85700A0BBFFE7FFE71898A4
:10777000D0F8B00000F44070B0F5407F13D1FFE7BF
:1077800044F21041C5F60201086820F47C50189AB2
:10779000D2F8B0204FF6F043C0F6FF731A4040EA2B
:1077A0001210086008E044F21041C5F602010868B2
:1077B00020F47C500860FFE71898D0F8B0206FF3F1
:1077C0001F3244F27041C5F6020108681043086098
:1077D000FFE704E09DF857008DF85600FFE704E04E
:1077E0009DF857008DF85600FFE7FFE718980068EE
:1077F000C007002800F04C80FFE71898806F0A90BF
:1078000028282BD80A99DFE801F0152929292929E8
:10781000292916292929292929291E2929292929F6
:1078200029292629292929292929272929292929CD
:107830002929280016E018980830012104F044FF97
:107840008DF857000EE018982830012105F024F833
:107850008DF8570006E005E004E003E001208DF814
:107860005700FFE79DF8570060B9FFE744F2544125
:10787000C5F60201086820F03800189A926F10438C
:10788000086004E09DF857008DF85600FFE7FFE719
:10789000189800788007002839D5FFE71898406FBE
:1078A0000990052819D80999DFE801F003040C14A0
:1078B000151616E018980830012104F005FF8DF820
:1078C00057000EE018982830012104F0E5FF8DF8EC
:1078D000570006E005E004E003E001208DF85700C2
:1078E000FFE79DF8570060B9FFE744F25441C5F641
:1078F0000201086820F00700189A526F10430860D0
:1079000004E09DF857008DF85600FFE7FFE7189850
:107910000078400700283BD5FFE71898D0F8900082
:107920000890052819D80899DFE801F003040C1421
:10793000151616E018980830012104F0C5FE8DF8E0
:1079400057000EE018982830012104F0A5FF8DF8AB
:10795000570006E005E004E003E001208DF8570041
:10796000FFE79DF8570068B9FFE744F25841C5F6B4
:107970000201086820F00700189AD2F890201043FE
:10798000086004E09DF857008DF85600FFE7FFE718
:1079900018980078800600284ED5FFE71898D0F890
:1079A0008C000790C8B1FFE70798B0F1805F15D051
:1079B000FFE70798B0F1005F18D0FFE70798B0F134
:1079C000405F1BD0FFE70798B0F1804F17D0FFE76B
:1079D0000798B0F1A04F13D013E016E018980830C4
:1079E000002104F071FE8DF857000EE01898283041
:1079F000022104F051FF8DF8570006E005E004E095
:107A000003E001208DF85700FFE79DF8570068B9A3
:107A1000FFE744F25441C5F60201086820F0E04057
:107A2000189AD2F88C201043086004E09DF85700A3
:107A30008DF85600FFE7FFE7189800784006002809
:107A40004ED5FFE71898D0F898000690C8B1FFE728
:107A50000698B0F5806F15D0FFE70698B0F5006F77
:107A600018D0FFE70698B0F5406F1BD0FFE70698E7
:107A7000B0F5805F17D0FFE70698B0F5A05F13D090
:107A800013E016E018980830002104F01DFE8DF870
:107A900057000EE018982830022104F0FDFE8DF802
:107AA000570006E005E004E003E001208DF85700F0
:107AB000FFE79DF8570068B9FFE744F25841C5F663
:107AC0000201086820F4E050189AD2F89820104378
:107AD000086004E09DF857008DF85600FFE7FFE7C7
:107AE00018980078000600284ED5FFE71898D0F8BF
:107AF0009C000590C8B1FFE70598B0F5005F15D070
:107B0000FFE70598B0F5804F18D0FFE70598B0F56E
:107B1000C04F1BD0FFE70598B0F5004F17D0FFE727
:107B20000598B0F5204F13D013E016E018980830F0
:107B3000002104F0C9FD8DF857000EE01898283098
:107B4000022104F0A9FE8DF8570006E005E004E0EC
:107B500003E001208DF85700FFE79DF8570068B952
:107B6000FFE744F25841C5F60201086820F460407E
:107B7000189AD2F89C201043086004E09DF8570042
:107B80008DF85600FFE7FFE71898007800070028F7
:107B900020D5FFE71898D0F88000B0F5805F0CD1B1
:107BA000FFE718982830022104F076FE20B1FFE7A5
:107BB00001208DF85600FFE7FFE744F25441C5F677
:107BC0000201086820F44050189AD2F8802010432F
:107BD0000860FFE718980078C006002820D5FFE766
:107BE0001898D0F89400B0F5807F0CD1FFE7189872
:107BF0002830022104F050FE20B1FFE701208DF86B
:107C00005600FFE7FFE744F25841C5F60201086855
:107C100020F44070189AD2F8942010430860FFE7CF
:107C200018988078000700283CD5FFE71898D0F80E
:107C3000A000049050B1FFE70498B0F5803F0DD04C
:107C4000FFE70498B0F5003F10D010E01898083016
:107C5000002104F039FD8DF857000CE01898283009
:107C6000022104F019FE8DF8570004E003E0012022
:107C70008DF85700FFE79DF8570068B9FFE744F219
:107C80005841C5F60201086820F44030189AD2F82D
:107C9000A0201043086004E09DF857008DF85600BE
:107CA000FFE7FFE718988078400700283FD5FFE7F7
:107CB0001898D0F884000390B0F5801F0AD0FFE731
:107CC0000398B0F5001F0ED0FFE70398B0F5401FF2
:107CD00011D011E044F22C41C5F60201086840F4CD
:107CE000003008600CE018982830012104F0D4FD21
:107CF0008DF8570004E003E001208DF85700FFE7FE
:107D00009DF8570068B9FFE744F25441C5F60201F7
:107D1000086820F44010189AD2F8842010430860B4
:107D200004E09DF857008DF85600FFE7FFE718982C
:107D30008078C007A8B3FFE71898006D029028B1BB
:107D4000FFE70298B0F5803F09D010E044F22C41E3
:107D5000C5F60201086840F4003008600BE018988E
:107D60000830022104F0B0FC8DF8570003E0012038
:107D70008DF85700FFE79DF8570060B9FFE744F220
:107D80004C41C5F60201086820F48030189A126D43
:107D90001043086004E09DF857008DF85600FFE797
:107DA000FFE71898C078800600280CD5FFE71898E0
:107DB0002830022104F070FD20B1FFE701208DF88A
:107DC0005600FFE7FFE718988078800700283AD52B
:107DD000FFE71898C06F0190D0B1FFE70198B0F5A8
:107DE000807F0AD0FFE70198B0F5007F0ED0FFE753
:107DF0000198B0F5407F0AD00BE044F22C41C5F663
:107E00000201086840F40030086006E005E004E084
:107E100003E001208DF85700FFE79DF8570060B997
:107E2000FFE744F25441C5F60201086820F44070AF
:107E3000189AD26F1043086004E09DF857008DF83F
:107E40005600FFE7FFE718988078C00600280CD599
:107E5000FFE744F25041C5F60201086820F00040F7
:107E6000189A126F10430860FFE718988078800610
:107E700000280CD5FFE744F25041C5F6020108681E
:107E800020F08070189A926E10430860FFE71898EF
:107E9000C0784006002811D5FFE7FFE744F2104103
:107EA000C5F60201086820F4004008601898D0F870
:107EB000B420086810430860FFE7FFE71898C0780F
:107EC000000600280CD5FFE744F24C41C5F602013C
:107ED000086820F04050189A526D10430860FFE780
:107EE00018988078000600280DD5FFE744F2544129
:107EF000C5F60201086820F44000189AD2F88820DC
:107F000010430860FFE718980079C00790B1FFE7B9
:107F100018980830002104F0D7FB8DF857009DF821
:107F2000570008B9FFE704E09DF857008DF85600A8
:107F3000FFE7FFE7189800798007002812D5FFE7D0
:107F400018980830012104F0BFFB8DF857009DF808
:107F5000570008B9FFE704E09DF857008DF8560078
:107F6000FFE7FFE7189800794007002812D5FFE7E0
:107F700018980830022104F0A7FB8DF857009DF8EF
:107F8000570008B9FFE704E09DF857008DF8560048
:107F9000FFE7FFE7189800790007002812D5FFE7F0
:107FA00018982830002104F077FC8DF857009DF8D0
:107FB000570008B9FFE704E09DF857008DF8560018
:107FC000FFE7FFE718980079C006002812D5FFE701
:107FD00018982830012104F05FFC8DF857009DF8B7
:107FE000570008B9FFE704E09DF857008DF85600E8
:107FF000FFE7FFE7189800798006002812D5FFE711
:1080000018982830022104F047FC8DF857009DF89D
:10801000570008B9FFE704E09DF857008DF85600B7
:10802000FFE7FFE79DF8560020B9FFE700208DF835
:10803000670003E001208DF86700FFE79DF8670007
:108040001AB080BD0000000080B586B00490039196
:10805000049820B9FFE701208DF817003CE203984F
:1080600042F20001C5F20021096801F00F018842C7
:1080700016D9FFE742F20000C5F20020016821F0A6
:108080000F01039A11430160006800F00F0003998B
:10809000884204D0FFE701208DF817001CE2FFE7BB
:1080A000049800784007002819D5FFE70498006974
:1080B00044F21841C5F60201096801F070018842D6
:1080C0000CD9FFE744F21841C5F60201086820F018
:1080D0007000049A126910430860FFE7FFE70498F4
:1080E00000780007002819D5FFE70498406944F29A
:1080F0001C41C5F60201096801F0700188420CD9E3
:10810000FFE744F21C41C5F60201086820F0700048
:10811000049A526910430860FFE7FFE7049800786B
:10812000C006002819D5FFE70498806944F21C4175
:10813000C5F60201096801F4E06188420CD9FFE745
:1081400044F21C41C5F60201086820F4E060049A7C
:10815000926910430860FFE7FFE704980078800603
:10816000002819D5FFE70498C06944F22041C5F6FC
:108170000201096801F0700188420CD9FFE744F25E
:108180002041C5F60201086820F07000049AD26907
:1081900010430860FFE7FFE7049800788007002895
:1081A00019D5FFE70498C06844F21841C5F60201EA
:1081B000096801F00F0188420CD9FFE744F2184129
:1081C000C5F60201086820F00F00049AD268104337
:1081D0000860FFE7FFE704980078C007002800F078
:1081E0008C80FFE744F21841C5F60201086820F4CC
:1081F0007060049A926810430860049840680228EE
:1082000011D1FFE744F20040C5F60200006800F417
:1082100000310020B0EB514F04D1FFE701208DF871
:10822000170059E13EE004984068032811D1FFE7A8
:1082300044F20040C5F60200006800F00071002022
:10824000B0EB516F04D1FFE701208DF8170043E137
:1082500027E004984068012811D1FFE744F200406C
:10826000C5F60200006800F480710020B0EB112F09
:1082700004D1FFE701208DF817002DE110E044F252
:108280000040C5F60200006800F004010020B0EBD9
:10829000910F04D1FFE701208DF817001CE1FFE7E3
:1082A000FFE7FFE744F21041C5F60201086820F03D
:1082B0000700049A526810430860FEF78DFA019097
:1082C000FFE744F21040C5F60200006800F03800F5
:1082D00004994968B0EBC10F0ED0FFE7FEF77CFAB6
:1082E0000199401A41F28931884204D3FFE7032003
:1082F0008DF81700F0E0E4E7FFE7049800788007C6
:10830000002819D5FFE70498C06844F21841C5F663
:108310000201096801F00F0188420CD2FFE744F224
:108320001841C5F60201086820F00F00049AD268CF
:1083300010430860FFE7FFE7039842F20001C5F22F
:108340000021096801F00F01884216D2FFE742F2CE
:108350000000C5F20020016821F00F01039A1143CB
:108360000160006800F00F000399884204D0FFE725
:1083700001208DF81700AFE0FFE704980078400770
:10838000002819D5FFE70498006944F21841C5F6A2
:108390000201096801F0700188420CD2FFE744F243
:1083A0001841C5F60201086820F07000049A1269AD
:1083B00010430860FFE7FFE70498007800070028F3
:1083C00019D5FFE70498406944F21C41C5F6020143
:1083D000096801F0700188420CD2FFE744F21C41A9
:1083E000C5F60201086820F07000049A5269104333
:1083F0000860FFE7FFE704980078C006002819D559
:10840000FFE70498806944F21C41C5F6020109683F
:1084100001F4E06188420CD2FFE744F21C41C5F64A
:108420000201086820F4E060049A92691043086031
:10843000FFE7FFE7049800788006002819D5FFE7DA
:108440000498C06944F22041C5F60201096801F0B0
:10845000700188420CD2FFE744F22041C5F60201C8
:10846000086820F07000049AD26910430860FFE7A2
:10847000FFE700F0CDF844F21842C5F60202116899
:10848000C1F3032347F61071C0F60101CB5C03F082
:108490001F03D84000900098126802F00F02895C18
:1084A00001F01F01C84040F26001C2F200410860C3
:1084B000009840F25C01C2F20041086040F26C009A
:1084C000C2F200400068FEF7FBF98DF80B009DF842
:1084D0000B008DF81700FFE79DF8170006B080BD70
:1084E00082B00190009101993F20086044F2104051
:1084F000C5F60200006800F007000199486044F2E8
:108500001840C5F60200016801F47061019A91609B
:10851000016801F00F01019AD160006800F070005D
:108520000199086144F21C40C5F60200016801F09F
:108530007001019A5161006800F4E060019988615E
:1085400044F22040C5F60200006800F07000019976
:10855000C86142F20000C5F20020006800F00F0080
:108560000099086002B0704780B582B000F050F802
:1085700044F21842C5F602021168C1F3032347F61C
:108580001071C0F60101CB5C03F01F03D8400190CD
:108590000198126802F00F02895C01F01F0120FAB5
:1085A00001F140F26000C2F200400160019940F226
:1085B0005C02C2F200421160006802B080BD00009F
:1085C00080B5FFF7D1FF44F21C41C5F602010968EE
:1085D000C1F3021247F61071C0F60101895C01F087
:1085E0001F01C84080BD000080B5FFF7BDFF44F209
:1085F0001C41C5F602010968C1F3022247F6107159
:10860000C0F60101895C01F01F01C84080BD000077
:108610008AB044F21040C5F60200006800F038004D
:1086200001460191182800F269810199DFE811F0F3
:108630001900660166016601660166016601660150
:108640003A0066016601660166016601660166011F
:108650004000660166016601660166016601660109
:10866000460044F20040C5F60200006800F0200118
:108670000020B0EB511F0ED0FFE744F20040C5F6DA
:1086800002000068C0F3C10149F20000C0F2D0301E
:10869000C840029005E049F20000C0F2D0300290DC
:1086A000FFE731E140F60010C0F23D0002902BE1FF
:1086B00043F20060C0F26E10029025E144F22840BF
:1086C000C5F60200016801F0030108910068C0F3DB
:1086D0000510079044F22C40C5F60200006800F037
:1086E00001000690069844F23441C5F6020109687B
:1086F00089B2C908484300EE100AB8EE400A8DED71
:10870000040A0798002800F0F580FFE70898009019
:1087100048B1FFE70098012869D0FFE700980228D8
:1087200000F08980ABE044F20040C5F6020000682A
:1087300000F020010020B0EB511F33D0FFE744F2DE
:108740000040C5F602000068C0F3C10149F2000014
:10875000C0F2D030C84005909DED050AB8EE400A41
:108760009DED071AB8EE411A80EE010A44F230403E
:10877000C5F6020000686FF35F2001EE100AB8EE44
:10878000411A9DED042A9FED633A82EE032A31EEF1
:10879000021AB7EE002A31EE021A20EE010A8DED20
:1087A000030A23E09DED070AB8EE401A9FED5B0A2D
:1087B00080EE010A44F23040C5F6020000686FF313
:1087C0005F2001EE100AB8EE411A9DED042A9FEDDC
:1087D000513A82EE032A31EE021AB7EE002A31EE48
:1087E000021A20EE010A8DED030AFFE76BE09DED12
:1087F000070AB8EE401A9FED480A80EE010A44F2DB
:108800003040C5F6020000686FF35F2001EE100AE9
:10881000B8EE411A9DED042A9FED3E3A82EE032AFE
:1088200031EE021AB7EE002A31EE021A20EE010AEA
:108830008DED030A47E09DED070AB8EE401A9FED63
:10884000340A80EE010A44F23040C5F602000068A6
:108850006FF35F2001EE100AB8EE411A9DED042A75
:108860009FED2C3A82EE032A31EE021AB7EE002A6F
:1088700031EE021A20EE010A8DED030A23E09DED90
:10888000070AB8EE401A9FED240A80EE010A44F26E
:108890003040C5F6020000686FF35F2001EE100A59
:1088A000B8EE411A9DED042A9FED1A3A82EE032A92
:1088B00031EE021AB7EE002A31EE021A20EE010A5A
:1088C0008DED030AFFE744F23040C5F60200006870
:1088D00081B2012000EB512009909DED030A9DED2E
:1088E000091AB8EE411A80EE010ABCEEC00A8DEDFD
:1088F000020A02E000200290FFE705E040F60010C7
:10890000C0F23D000290FFE702980AB0704700BF36
:10891000001BB74B000000460024744A0024744C2E
:1089200080B58CB00A900A9828B9FFE701208DF82D
:108930002F0000F001BD0A980078C007002800F061
:10894000B980FFE744F21040C5F60200006800F06D
:108950003800069044F22840C5F6020000680590F1
:10896000069810280AD0FFE7069818281CD1FFE7C0
:10897000059800F00300022816D1FFE744F20040FA
:10898000C5F60200006800F400310020B0EB514F42
:1089900009D0FFE70A98406828B9FFE701208DF861
:1089A0002F0000F0C9BC84E0FFE70A984068B0F5EA
:1089B000803F09D1FFE744F20041C5F60201086893
:1089C00040F48030086032E00A98406868B9FFE7F8
:1089D00044F20041C5F60201086820F480300860C6
:1089E000086820F48020086020E00A984068B0F50C
:1089F000A02F0DD1FFE744F20041C5F6020108683F
:108A000040F480200860086840F4803008600CE082
:108A100044F20041C5F60201086820F48030086085
:108A2000086820F480200860FFE7FFE7FFE7FFE722
:108A30000A984068F0B1FFE7FDF7CEFE0990FFE726
:108A400044F20040C5F60200006800F40031002046
:108A5000B0EB514F0DD1FFE7FDF7BEFE0999401A6B
:108A6000652805D3FFE703208DF82F0000F064BCD4
:108A7000E6E71DE0FDF7B0FE0990FFE744F2004095
:108A8000C5F60200006800F400310020B0EB514F41
:108A90000DD0FFE7FDF7A0FE0999401A652805D320
:108AA000FFE703208DF82F0000F046BCE6E7FFE764
:108AB000FFE7FFE70A9800788007002840F1C580AB
:108AC000FFE744F21040C5F60200006800F03800ED
:108AD000049044F22840C5F6020000680390049810
:108AE00050B1FFE70498182850D1FFE79DF80C001B
:108AF000800700284AD1FFE744F20040C5F6020093
:108B0000006800F004010020B0EB910F09D0FFE7EE
:108B10000A98C06828B9FFE701208DF82F0000F0FF
:108B20000BBC44F20041C5F60201086820F01900B0
:108B30000A9AD26810430860FDF74EFE0990FFE7DD
:108B400044F20040C5F60200006800F00401002075
:108B5000B0EB910F0CD1FFE7FDF73EFE0999401AEB
:108B6000032804D3FFE703208DF82F00E4E3E7E7B1
:108B700044F20441C5F60201086820F0FE400A9A5A
:108B8000126940EA02600860FFE75DE00A98C06889
:108B9000A0B3FFE744F20041C5F60201086820F0E7
:108BA00019000A9AD26810430860FDF715FE099073
:108BB000FFE744F20040C5F60200006800F004013F
:108BC0000020B0EB910F0CD1FFE7FDF705FE0999EE
:108BD000401A032804D3FFE703208DF82F00ABE3EE
:108BE000E7E744F20441C5F60201086820F0FE40C0
:108BF0000A9A126940EA0260086024E044F20041E7
:108C0000C5F60201086820F001000860FDF7E4FDE8
:108C10000990FFE744F20040C5F60200006800F04A
:108C200004010020B0EB910F0CD0FFE7FDF7D4FD5D
:108C30000999401A032804D3FFE703208DF82F0079
:108C40007AE3E7E7FFE7FFE7FFE70A980078C00667
:108C5000002840F1A080FFE744F21040C5F6020072
:108C6000006800F03800029044F22840C5F6020087
:108C700000680190029808280AD0FFE70298182897
:108C80002BD1FFE7019800F00300012825D1FFE771
:108C900044F20040C5F60200006800F48071002034
:108CA000B0EB112F09D0FFE70A98C069802804D0E3
:108CB000FFE701208DF82F003EE3FFE744F20C416F
:108CC000C5F60201086820F07C500A9A126A40EA50
:108CD00002600860FFE7FFE75CE00A98C06998B3AC
:108CE000FFE744F20041C5F60201086840F0800049
:108CF0000860FDF771FD0990FFE744F20040C5F6FA
:108D00000200006800F480710020B0EB112F0CD13C
:108D1000FFE7FDF761FD0999401A032804D3FFE737
:108D200003208DF82F0007E3E7E7FFE744F20C414B
:108D3000C5F60201086820F07C500A9A126A40EADF
:108D400002600860FFE724E044F20041C5F602013A
:108D5000086820F080000860FDF73EFD0990FFE7FD
:108D600044F20040C5F60200006800F48071002063
:108D7000B0EB112F0CD0FFE7FDF72EFD0999401A3B
:108D8000032804D3FFE703208DF82F00D4E2E7E7A0
:108D9000FFE7FFE7FFE70A980078000700284FD5B4
:108DA000FFE70A98406928B3FFE744F27441C5F62B
:108DB0000201086840F001000860FDF70DFD099010
:108DC000FFE744F27440C5F60200006800F00201BB
:108DD0000020B0EB510F0CD1FFE7FDF7FDFC099926
:108DE000401A032804D3FFE703208DF82F00A3E2E5
:108DF000E7E724E044F27441C5F60201086820F078
:108E000001000860FDF7E8FC0990FFE744F27440B8
:108E1000C5F60200006800F002010020B0EB510F1F
:108E20000CD0FFE7FDF7D8FC0999401A032804D3BA
:108E3000FFE703208DF82F007EE2E7E7FFE7FFE77B
:108E40000A980078800600284FD5FFE70A988069C5
:108E500028B3FFE744F20041C5F60201086840F478
:108E600080500860FDF7B8FC0990FFE744F200402D
:108E7000C5F60200006800F400510020B0EB513F3D
:108E80000CD1FFE7FDF7A8FC0999401A032804D389
:108E9000FFE703208DF82F004EE2E7E724E044F2DD
:108EA0000041C5F60201086820F480500860FDF713
:108EB00093FC0990FFE744F20040C5F60200006809
:108EC00000F400510020B0EB513F0CD0FFE7FDF75C
:108ED00083FC0999401A032804D3FFE703208DF887
:108EE0002F0029E2E7E7FFE7FFE70A98007840074D
:108EF000002840F1A780FFE744F60001C5F6020113
:108F0000086840F480700860FDF766FC0990FFE790
:108F100044F60000C5F602000068C00500280CD425
:108F2000FFE7FDF759FC0999401A652804D3FFE7CC
:108F300003208DF82F00FFE1EAE7FFE70A98806839
:108F4000012809D1FFE744F27041C5F60201086823
:108F500040F00100086031E00A98806868B9FFE7D6
:108F600044F27041C5F60201086820F00100086073
:108F7000086820F0040008601FE00A98806805284F
:108F80000DD1FFE744F27041C5F60201086840F0D8
:108F900004000860086840F0010008600CE044F23A
:108FA0007041C5F60201086820F0010008600868F9
:108FB00020F004000860FFE7FFE7FFE7FFE70A98FB
:108FC0008068F8B1FFE7FDF707FC0990FFE744F27E
:108FD0007040C5F60200006800F002010020B0EB0E
:108FE000510F0ED1FFE7FDF7F7FB0999401A41F247
:108FF0008931884204D3FFE703208DF82F009BE1DD
:10900000E5E71EE0FDF7E8FB0990FFE744F270405A
:10901000C5F60200006800F002010020B0EB510F1D
:109020000ED0FFE7FDF7D8FB0999401A41F28931CC
:10903000884204D3FFE703208DF82F007CE1E5E7A9
:10904000FFE7FFE70A98406A002800F07181FFE718
:1090500044F21040C5F60200006800F038001828FD
:1090600000F0E080FFE70A98406A022840F0B480F0
:10907000FFE744F20041C5F60201086820F0807065
:109080000860FDF7A9FB0990FFE744F20040C5F630
:109090000200006800F000710020B0EB516F0CD0AE
:1090A000FFE7FDF799FB0999401A032804D3FFE76E
:1090B00003208DF82F003FE1E7E7FFE744F2284166
:1090C000C5F60201086840F2F33290430A9B9A6A9F
:1090D000DB6A42EA0312104308600A99086BD1F870
:1090E00034C08B6BCA6B01386FF35F204FF60061A1
:1090F000CFF6FF7101EB4C2189B208440021CFF675
:10910000FF7101EB034101F4FE0108444FF07F4180
:1091100001EB026101F0FE41084444F23041C5F622
:1091200002010860FFE744F22C41C5F602010091FC
:10913000086820F00100086044F23442C5F60202DB
:1091400010684FF6F87398430A9B9B6C40EAC30083
:109150001060086820F00C000A9A126C1043086036
:10916000086820F002000A9A526C104308600868F0
:1091700040F480300860086840F4003008600868F7
:1091800040F480200860086840F00100086044F264
:109190000041C5F60201086840F080700860FDF7E4
:1091A0001BFB0990FFE744F20040C5F6020000688F
:1091B00000F000710020B0EB516F0CD1FFE7FDF71C
:1091C0000BFB0999401A032804D3FFE703208DF80D
:1091D0002F00B1E0E7E724E044F20041C5F60201C8
:1091E000086820F080700860FDF7F6FA0990FFE744
:1091F00044F20040C5F60200006800F00071002053
:10920000B0EB516F0CD0FFE7FDF7E6FA0999401A71
:10921000032804D3FFE703208DF82F008CE0E7E755
:10922000FFE784E044F22840C5F602000068089099
:1092300044F23040C5F60200006807900A98406A80
:10924000012837D0FFE7089800F003000A99896ADF
:1092500088422FD1FFE7089800F47C710A98C06A11
:10926000B0EB111F26D1FFE707986FF35F200A9933
:10927000096B013988421DD1FFE7BDF81C100A981F
:10928000406B0138B0EB512F14D1FFE7079800F481
:10929000FE010A98806B0138B0EB114F0AD1FFE74D
:1092A000079800F0FE410A98C06B0138B0EB116FCF
:1092B00004D0FFE701208DF82F003DE044F2344058
:1092C000C5F60200006880B2C00808900A98806C59
:1092D0000899884229D0FFE744F22C41C5F60201E3
:1092E000086820F001000860FDF776FA0990FFE7B2
:1092F000FDF772FA0999401A08B9FFE7F8E744F256
:109300003441C5F6020108684FF6F87290430A9A94
:10931000926C40EAC200086044F22C41C5F602019A
:10932000086840F001000860FFE7FFE7FFE7FFE79C
:1093300000208DF82F00FFE79DF82F000CB080BDB6
:1093400080B586B00490039102920193049820B9ED
:10935000FFE701208DF8170056E00498D0F8880048
:1093600040B9FFE70499002081F88400049801F0D7
:10937000EFFDFFE704992420C1F8880004980168F4
:10938000086820F001000860049804F0C9FF012873
:1093900004D1FFE701208DF8170035E00498806ABA
:1093A00020B1FFE7049804F097FCFFE704980168F8
:1093B000886840F48040886004980068806820F4E1
:1093C00000400399084304990968886002984005A1
:1093D00000900199009840EA0140009004980068CC
:1093E00000686FF319400099084304990968086000
:1093F00004980168086840F001000860049804F0CF
:109400000FFD8DF81700FFE79DF8170006B080BD2F
:1094100080B586B00490049820B9FFE701208DF84C
:1094200017003AE10498406A08B9FFE7FFE704999A
:10943000002088620498006843F20001C4F2010130
:1094400088421BD0FFE70498006843F60001C4F28D
:109450000001884212D0FFE70498006843F60041FB
:10946000C4F20001884209D0FFE70498C0681028C0
:1094700004D3FFE701208DF817000EE1049803F0F4
:109480007FFB02900498006843F20001C4F20101DE
:10949000884216D0FFE70498006843F60001C4F242
:1094A000000188420DD0FFE70498006843F60041B0
:1094B000C4F20001884204D0FFE7029808281FD8B0
:1094C000FFE70498006843F20001C4F201018842FA
:1094D00012D0FFE70498006843F60001C4F20001CF
:1094E000884209D0FFE70498006843F60041C4F2BF
:1094F0000001884208D1FFE70298112804D3FFE752
:1095000001208DF81700C8E0049890F8810040B958
:10951000FFE70499002081F88000049800F0C4F867
:10952000FFE70499022081F8810004980168086827
:1095300020F00100086004980068806800F4F810CA
:10954000039004988069B0F1806F1BD1FFE7049805
:109550004068B0F5800F04D1FFE70498806B50B1EC
:10956000FFE70498406868B9FFE70498806BB0F1A2
:10957000805F07D1FFE704980168086840F48050D5
:109580000860FFE7049880794006002810D5FFE7BF
:109590000498C06807280BD3FFE7049800680068A8
:1095A00020F48070049A1168126D1043086006E080
:1095B00004980168086820F480700860FFE7049B45
:1095C0001968DA68D869D3F828C040EA0C00DDF8D9
:1095D0000CC040EA0C00DB6B184310438860049A0F
:1095E0000192506B516A0843916B0843916908439B
:1095F0001168D2F804C09368D2F810E040EA0E0077
:10960000D2F814E040EA0E00D2F820E040EA0E0062
:1096100040EA0C00D2F84CC040EA0C001843936CAE
:109620001843926D1043C8600498406898B9FFE7EA
:10963000049800688068012161F3CC2004990968CE
:109640008860049800688068022161F34A200499C8
:1096500009688860FFE704980168086D20F0010040
:10966000086504988079400600280BD5FFE7049828
:109670000068C06820F00040049A1168526D1043E1
:10968000C860FFE704990020C1F88400049A012112
:1096900082F881108DF81700FFE79DF8170006B0DB
:1096A00080BD00000000000080B5B6B035900020FD
:1096B0003490339032903190309002A8B821F6F770
:1096C000D9FF3598006841F20041C5F60001884293
:1096D0003FD1FFE7002003904FF4804002904FF00D
:1096E000A0402D9002A8FDF7B7FC18B1FFE7F8F7EE
:1096F000FBF8FFE7FFE744F2F440C5F6020001681B
:1097000041F020010160006800F020000190019804
:10971000FFE7FFE744F2E040C5F60200016841F0D0
:1097200001010160006800F0010000900098FFE76F
:10973000A0203090022031900020329003203390FE
:10974000082034900020C5F6020030A9FCF758FE2E
:10975000FFE736B080BD000080B58AB00890079161
:10976000ADF81A2005930898006820300490002076
:109770008DF80B00FFE7089890F88000012804D1CD
:10978000FFE702208DF82700ECE10899012081F81D
:109790008000FFE7FFE7FDF71FF80390089890F8B7
:1097A000810001280ED0FFE702208DF80B00FFE7B3
:1097B0000899002081F88000FFE79DF80B008DF8E4
:1097C0002700CFE1079820B1FFE7BDF81A0070B974
:1097D000FFE701208DF80B00FFE70899002081F8D2
:1097E0008000FFE79DF80B008DF82700BAE108998B
:1097F000032081F8810008990020C1F884000799AE
:10980000089AD165BDF81A10089AA2F86010BDF840
:109810001A10089AA2F86210089948660899A1F8E7
:1098200068000899A1F86A000899486708990867CC
:1098300008988068B0F5C02F07D1FFE70898016845
:10984000086840F40060086009E008980068C06893
:10985000012161F3524008990968C860FFE7089840
:10986000006840684FF6FF718843BDF81A1008443D
:1098700008990968486008980168086840F0010084
:10988000086008984068B0F5800F07D1FFE7089896
:109890000168086840F400700860FFE70898C06835
:1098A000102848D3FFE7FFE70898B0F862000028C7
:1098B00040D0FFE70898006840698007002810D56D
:1098C000FFE708980168C06D006808620899C86DD4
:1098D0000430C8650899B1F862000138A1F8620047
:1098E00027E0FCF779FF0399401A0599884204D3D1
:1098F000FFE70598013018B9FFE70598C0B9FFE701
:10990000089803F0B1F8FFE70899002081F880007B
:10991000FFE70899D1F8840040F48070C1F8840012
:109920000899012081F8810003208DF8270019E1B2
:10993000FFE7B9E7E8E00898C068082863D3FFE7C5
:10994000FFE70898B0F8620000285BD0FFE70898AE
:1099500000684069800700282BD5FFE70898B0F819
:109960006200022814D3FFE70898C06B80B1FFE7BC
:1099700008980168C06D006808620899C86D0430D5
:10998000C8650899B1F862000238A1F862000FE0DA
:109990000898C06D0088049908800899C86D023045
:1099A000C8650899B1F862000138A1F86200FFE7C4
:1099B00027E0FCF711FF0399401A0599884204D368
:1099C000FFE70598013018B9FFE70598C0B9FFE730
:1099D000089803F049F8FFE70899002081F8800013
:1099E000FFE70899D1F8840040F48070C1F8840042
:1099F0000899012081F8810003208DF82700B1E04B
:109A0000FFE79EE77FE0FFE70898B0F862000028D4
:109A100078D0FFE70898006840698007002848D59B
:109A2000FFE70898B0F86200042815D3FFE708980C
:109A3000C06B412810D3FFE708980168C06D00682B
:109A400008620899C86D0430C8650899B1F86200C9
:109A50000438A1F862002BE00898B0F862000228F0
:109A600014D3FFE70898C06B80B1FFE70898C06D7A
:109A70000088049908800899C86D0230C865089963
:109A8000B1F862000238A1F8620010E0089801689D
:109A9000C06D007881F820000899C86D0130C86554
:109AA0000899B1F862000138A1F86200FFE7FFE70A
:109AB00027E0FCF791FE0399401A0599884204D3E8
:109AC000FFE70598013018B9FFE70598C0B9FFE72F
:109AD000089802F0C9FFFFE70899002081F880008C
:109AE000FFE70899D1F8840040F48070C1F8840041
:109AF0000899012081F8810003208DF8270031E0CA
:109B0000FFE781E7FFE7FFE70898059B03996A46AF
:109B100011600821002203F04BF840B1FFE70899DB
:109B2000D1F8840040F02000C1F88400FFE70898D5
:109B300002F09AFFFFE70899002081F88000FFE714
:109B40000899012081F881000898D0F8840020B19C
:109B5000FFE701208DF8270004E09DF80B008DF849
:109B60002700FFE79DF827000AB080BD0000000035
:109B700081B0009001B0704781B0009001B0704793
:109B800081B0009001B0704785B003900291FFE76B
:109B9000039890F83C00012804D1FFE702208DF8DB
:109BA0001300ABE00399012081F83C00FFE7FFE7D9
:109BB0000399022081F83D000398006840680190F5
:109BC0000398006880680090039800680021C4F240
:109BD0000101884209D0FFE70398006840F2004184
:109BE000C4F2010188420AD1FFE7019820F4700015
:109BF000019002984168019808430190FFE701989D
:109C000020F07000019002980168019808430190CB
:109C10000198039909684860039800680021C4F21C
:109C2000010188424ED0FFE703980068B0F1804FF1
:109C300048D0FFE70398006840F20041C4F20001F9
:109C400088423FD0FFE70398006840F60001C4F265
:109C50000001884236D0FFE70398006840F60041D3
:109C6000C4F2000188422DD0FFE70398006840F25B
:109C70000041C4F20101884224D0FFE70398006844
:109C800041F60001C4F2000188421BD0FFE70398AF
:109C9000006844F20001C4F20101884212D0FFE7DB
:109CA000039800684EF20001C4F20001884209D016
:109CB000FFE7039800684EF20041C4F200018842B9
:109CC0000ED1FFE7009820F0800000900298816894
:109CD0000098084300900098039909688860FFE79E
:109CE0000399012081F83D00FFE70399002081F8E6
:109CF0003C00FFE700208DF81300FFE79DF81300FC
:109D000005B070470000000080B582B00090009858
:109D100020B9FFE701208DF8070045E0009890F892
:109D20003D0040B9FFE70099002081F83C00009811
:109D300000F03EF8FFE70099022081F83D0000990D
:109D400051F8040B03F084FA0099012081F84800CF
:109D5000FFE70099012081F83E00009981F83F005B
:109D6000009981F84000009981F84100009981F83C
:109D70004200009981F84300FFE7FFE700990120C6
:109D800081F84400009981F84500009981F8460067
:109D9000009981F84700FFE70099012081F83D0014
:109DA00000208DF80700FFE79DF8070002B080BD96
:109DB00081B0009001B0704783B00190019890F895
:109DC0003D00012804D0FFE701208DF80B0083E05F
:109DD0000199022081F83D0001980168C86840F0AF
:109DE0000100C860019800680021C4F201018842A6
:109DF0004ED0FFE701980068B0F1804F48D0FFE7F0
:109E00000198006840F20041C4F2000188423FD04E
:109E1000FFE70198006840F60001C4F200018842A3
:109E200036D0FFE70198006840F60041C4F2000117
:109E300088422DD0FFE70198006840F20041C4F24B
:109E40000101884224D0FFE70198006841F6000133
:109E5000C4F2000188421BD0FFE70198006844F279
:109E60000001C4F20101884212D0FFE701980068A6
:109E70004EF20001C4F20001884209D0FFE70198C8
:109E800000684EF20041C4F20001884219D1FFE798
:109E90000198006880680721C0F201010840009025
:109EA000009806280CD0FFE70098B0F5803F07D057
:109EB000FFE701980168086840F001000860FFE7CB
:109EC00006E001980168086840F001000860FFE7BB
:109ED00000208DF80B00FFE79DF80B0003B07047E2
:109EE00081B0009001B0704780B582B001900198B8
:109EF0000068006900F002010020B0EB510F28D08B
:109F0000FFE701980068C06800F002010020B0EB94
:109F1000510F1DD0FFE7019801686FF00200086142
:109F2000019901200877019800688069800720B1B5
:109F3000FFE70198FFF7D4FF06E0019800F064F90D
:109F4000019800F0B1FAFFE7019900200877FFE7D8
:109F5000FFE701980068006900F004010020B0EB01
:109F6000910F29D0FFE701980068C06800F0040154
:109F70000020B0EB910F1ED0FFE7019801686FF051
:109F8000040008610199022008770198006880693F
:109F900010F4407F04D0FFE70198FFF7A1FF06E02F
:109FA000019800F031F9019800F07EFAFFE701997D
:109FB00000200877FFE7FFE701980068006900F0DC
:109FC00008010020B0EBD10F28D0FFE7019800680E
:109FD000C06800F008010020B0EBD10F1DD0FFE7F2
:109FE000019801686FF00800086101990420087762
:109FF00001980068C069800720B1FFE70198FFF76A
:10A000006FFF06E0019800F0FFF8019800F04CFAAD
:10A01000FFE7019900200877FFE7FFE70198006854
:10A02000006900F010010020B0EB111F29D0FFE7FC
:10A0300001980068C06800F010010020B0EB111F0B
:10A040001ED0FFE7019801686FF0100008610199C8
:10A050000820087701980068C06910F4407F04D098
:10A06000FFE70198FFF73CFF06E0019800F0CCF80D
:10A07000019800F019FAFFE7019900200877FFE73F
:10A08000FFE7019800680069C00780B1FFE7019809
:10A090000068C068C00748B1FFE7019801686FF029
:10A0A00001000861019800F003FAFFE7FFE701985B
:10A0B00000680069C1B20020B0EBD11F13D0FFE7E8
:10A0C00001980068C068C1B20020B0EBD11F09D070
:10A0D000FFE7019801686FF0800008610198FFF7C1
:10A0E0004BFDFFE7FFE701980068006900F480710D
:10A0F0000020B0EB112F13D0FFE701980068C06873
:10A10000C1B20020B0EBD11F09D0FFE70198016870
:10A110006FF4807008610198FFF72AFDFFE7FFE701
:10A1200001980068006900F040010020B0EB911F29
:10A1300014D0FFE701980068C06800F040010020DB
:10A14000B0EB911F09D0FFE7019801686FF0400064
:10A150000861019800F0BCF9FFE7FFE7019800688B
:10A16000006900F020010020B0EB511F14D0FFE780
:10A1700001980068C06800F020010020B0EB511F7A
:10A1800009D0FFE7019801686FF02000086101988D
:10A19000FFF7F6FCFFE7FFE702B080BD000000001C
:10A1A00080B588B007900020069005900490039039
:10A1B00002900798006840F20041C4F20001884212
:10A1C0001ED1FFE7FFE744F2E040C5F60200016858
:10A1D00041F002010160006800F002000190019866
:10A1E000FFE7022002900390002104910591069060
:10A1F00040F20040C5F6020002A9FCF701F9FFE7B2
:10A2000008B080BD0000000081B0009001B0704730
:10A2100080B586B004900391029200208DF807006B
:10A22000FFE7049890F83C00012804D1FFE70220E2
:10A230008DF81700C0E00499012081F83C00FFE789
:10A24000FFE702980090142800F2A7800099DFE849
:10A2500001F00BA4A4A424A4A4A43EA4A4A457A4E1
:10A26000A4A471A4A4A48A0004980068039903F02C
:10A27000CFF804980168886940F008008861049864
:10A280000168886920F004008861039802690498D5
:10A29000016888691043886183E004980068039925
:10A2A00003F05EF904980168886940F400608861F1
:10A2B00004980168886920F48060886103980269C5
:10A2C00004980168886940EA0220886169E004987E
:10A2D0000068039903F0FCF904980168C86940F02C
:10A2E0000800C86104980168C86920F00400C861CA
:10A2F0000398026904980168C8691043C86150E076
:10A3000004980068039903F09BFA04980168C869EF
:10A3100040F40060C86104980168C86920F4806056
:10A32000C8610398026904980168C86940EA02207C
:10A33000C86136E004980068039903F0F1FA0498C4
:10A340000168486D40F00800486504980168486D50
:10A3500020F0040048650398026904980168486D7C
:10A36000104348651DE004980068039903F040FB22
:10A3700004980168486D40F40060486504980168DD
:10A38000486D20F48060486503980269049801686C
:10A39000486D40EA0220486503E001208DF807007F
:10A3A000FFE7FFE70499002081F83C00FFE79DF8F4
:10A3B00007008DF81700FFE79DF8170006B080BD75
:10A3C00080B582B00090009820B9FFE701208DF899
:10A3D000070045E0009890F83D0040B9FFE700997C
:10A3E000002081F83C00009800F03EF8FFE700995B
:10A3F000022081F83D00009951F8040B02F028FF7B
:10A400000099012081F84800FFE70099012081F8B8
:10A410003E00009981F83F00009981F840000099C2
:10A4200081F84100009981F84200009981F84300C9
:10A43000FFE7FFE70099012081F84400009981F8C7
:10A440004500009981F84600009981F84700FFE730
:10A450000099012081F83D0000208DF80700FFE7FA
:10A460009DF8070002B080BD82B00190019800689D
:10A4700040F20041C4F20001884210D1FFE7FFE73B
:10A4800044F2E840C5F60200016841F002010160B3
:10A49000006800F0020000900098FFE7FFE702B0BC
:10A4A000704700000000000081B0009001B07047CC
:10A4B00080B582B0019001980068B0F1804F03D15F
:10A4C000FFE7FCF7ADF9FFE702B080BD0000000038
:10A4D00081B0009001B0704783B00190FFE7019810
:10A4E00090F88400012804D1FFE702208DF80B00CA
:10A4F0002CE00199012081F88400FFE7FFE7019932
:10A500002420C1F888000198006800680090019834
:10A510000168086820F001000860009820F00050F1
:10A520000090019900204866009801990968086028
:10A5300001992020C1F88800FFE70199002081F8E7
:10A540008400FFE700208DF80B00FFE79DF80B006B
:10A5500003B070470000000080B586B004900391FE
:10A56000ADF80A200498D0F88C00202844D1FFE7E9
:10A57000039820B1FFE7BDF80A0020B9FFE70120EA
:10A580008DF817003CE004990120C866049900206A
:10A59000086704980399BDF80A2004F0E9FB8DF8D8
:10A5A00009009DF8090010BBFFE70498C06E012860
:10A5B00018D1FFE70498016810200862FFE7FFE761
:10A5C0000498006850E8000F40F010000190FFE789
:10A5D00001990498026842E800100028F0D1FFE7D2
:10A5E000FFE703E001208DF80900FFE7FFE79DF892
:10A5F00009008DF8170003E002208DF81700FFE72F
:10A600009DF8170006B080BD80B582B00190ADF80E
:10A6100002100198006847F60001C4F20001884268
:10A6200038D1FFE740F2FC40C2F20040007898B118
:10A63000FFE740F2E630C2F200404C3040F27F418A
:10A64000C2F200414C22F5F774FF40F2FC41C2F225
:10A6500000410020087011E040F2E630C2F20040F4
:10A6600040F27F41C2F200414C22F5F762FF40F216
:10A67000FC41C2F2004101200870FFE741F61810CA
:10A68000C2F2004040F27F41C2F200414C22FFF78B
:10A6900063FFFFE702B080BD81B0009001B070475A
:10A6A00080B584B002900191FFE7029890F8840091
:10A6B000012804D1FFE702208DF80F0032E0029953
:10A6C000012081F88400FFE7FFE702992420C1F808
:10A6D0008800029800680068009002980168086885
:10A6E00020F00100086002980068806820F0606037
:10A6F00001990843029909688860029803F0A8FA52
:10A70000009802990968086002992020C1F8880021
:10A71000FFE70299002081F88400FFE700208DF810
:10A720000F00FFE79DF80F0004B080BD000000009F
:10A7300080B584B002900191FFE7029890F8840000
:10A74000012804D1FFE702208DF80F0032E00299C2
:10A75000012081F88400FFE7FFE702992420C1F877
:10A7600088000298006800680090029801680868F4
:10A7700020F00100086002980068806820F06040C6
:10A7800001990843029909688860029803F060FA09
:10A79000009802990968086002992020C1F8880091
:10A7A000FFE70299002081F88400FFE700208DF880
:10A7B0000F00FFE79DF80F0004B080BD000000000F
:10A7C00081B0009001B0704781B0009001B0704737
:10A7D00081B0009001B0704780B592B0119011988F
:10A7E0000068C06910901198006800680F90119877
:10A7F000006880680E90109840F60F0108400D9098
:10A800000D98E0B9FFE79DF840008006002815D5B7
:10A81000FFE79DF83C008006002806D4FFE79DF87E
:10A820003B00C006002809D5FFE71198406F20B112
:10A83000FFE71198416F8847FFE72FE3FFE70D9887
:10A84000002800F00C81FFE70E980121C1F2000101
:10A85000084209D1FFE70F9840F22011C0F20041F1
:10A86000084200F0FC80FFE79DF84000C00788B177
:10A87000FFE79DF83D00C00760B1FFE71198016850
:10A88000012008621199D1F8900040F00100C1F850
:10A890009000FFE79DF840008007002811D5FFE7F2
:10A8A0009DF83800C00760B1FFE7119801680220E9
:10A8B00008621199D1F8900040F00400C1F89000AE
:10A8C000FFE79DF840004007002811D5FFE79DF8FD
:10A8D0003800C00760B1FFE71198016804200862E2
:10A8E0001199D1F8900040F00200C1F89000FFE704
:10A8F0009DF840000007002819D5FFE79DF83C00AF
:10A900008006002807D4FFE70E980121C1F200015C
:10A9100008420CD0FFE711980168082008621199DD
:10A92000D1F8900040F00800C1F89000FFE79DF8D2
:10A9300041000007002813D5FFE79DF83F004007BE
:10A9400000280DD5FFE7119801684FF400600862F8
:10A950001199D1F8900040F02000C1F89000FFE775
:10A960001198D0F89000002878D0FFE79DF84000BB
:10A970008006002815D5FFE79DF83C0080060028DA
:10A9800006D4FFE79DF83B00C006002809D5FFE785
:10A990001198406F20B1FFE71198416F8847FFE79A
:10A9A000FFE71198D0F890000C901198006880682B
:10A9B00000F04000402806D0FFE79DF8300010F07E
:10A9C000280F42D0FFE7119803F006FC11980068A9
:10A9D00080684006002833D5FFE7FFE7FFE71198BE
:10A9E000006850E8020F20F040000B90FFE70B9941
:10A9F0001198026842E802100028F0D1FFE7FFE753
:10AA00001198D0F88000B0B1FFE71198D0F880100D
:10AA10004DF66970C0F6000008651198D0F8800006
:10AA2000F7F7F6FE30B1FFE71198D0F88000016D1E
:10AA30008847FFE703E01198FFF7CAFEFFE703E04E
:10AA40001198FFF7C5FEFFE707E01198FFF7C0FE7A
:10AA500011990020C1F89000FFE7FFE71EE211986E
:10AA6000C06E012840F0BB81FFE79DF84000C006A2
:10AA7000002840F1B481FFE79DF83C00C0060028A3
:10AA800040F1AD81FFE7119801681020086211982C
:10AA9000006880684006002840F13F81FFE7119878
:10AAA000D0F8800000681021C4F20201884200F052
:10AAB000A280FFE71198D0F8800000682821C4F236
:10AAC0000201884200F09780FFE71198D0F88000DB
:10AAD00000684021C4F20201884200F08C80FFE748
:10AAE0001198D0F8800000685821C4F20201884211
:10AAF00000F08180FFE71198D0F880000068702195
:10AB0000C4F20201884276D0FFE71198D0F88000A5
:10AB100000688821C4F2020188426CD0FFE71198D6
:10AB2000D0F880000068A021C4F20201884262D0FF
:10AB3000FFE71198D0F880000068B821C4F2020144
:10AB4000884258D0FFE71198D0F88000006840F2A2
:10AB50001041C4F2020188424DD0FFE71198D0F8AD
:10AB60008000006840F22841C4F20201884242D0CD
:10AB7000FFE71198D0F88000006840F24041C4F22D
:10AB80000201884237D0FFE71198D0F880000068B2
:10AB900040F25841C4F2020188422CD0FFE71198DC
:10ABA000D0F88000006840F27041C4F2020188428F
:10ABB00021D0FFE71198D0F88000006840F288416A
:10ABC000C4F20201884216D0FFE71198D0F8800045
:10ABD000006840F2A041C4F2020188420BD0FFE7B6
:10ABE0001198D0F88000006840F2B841C4F2020128
:10ABF000884207D1FFE71198D0F8800000684068CC
:10AC0000019006E01198D0F880000068406801903B
:10AC1000FFE70198ADF82A00BDF82A0000287BD094
:10AC2000FFE7BDF82A001199B1F85C10884273DA89
:10AC3000FFE7BDF82A001199A1F85E001198D0F83D
:10AC40008000C069B0F5807F59D0FFE7FFE7FFE7DC
:10AC50001198006850E8000F20F480700990FFE719
:10AC600009991198026842E800100028F0D1FFE726
:10AC7000FFE7FFE7FFE71198006850E8020F20F0B8
:10AC800001000890FFE708991198026842E8021055
:10AC90000028F0D1FFE7FFE7FFE7FFE71198006822
:10ACA00050E8020F20F040000790FFE70799119845
:10ACB000026842E802100028F0D1FFE7FFE711998F
:10ACC0002020C1F88C0011990020C866FFE7FFE73B
:10ACD0001198006850E8000F20F010000690FFE780
:10ACE00006991198026842E800100028F0D1FFE7A9
:10ACF000FFE71198D0F88000F7F7CEF8FFE7119939
:10AD0000022008671198B0F85C10B0F85E20891A2C
:10AD100089B2FFF779FCFFE7C0E01199B1F85C0058
:10AD2000B1F85E10401AADF816001198B0F85E0048
:10AD3000002853D0FFE7BDF8160000284ED0FFE7EB
:10AD4000FFE7FFE71198006850E8000F20F49070CB
:10AD50000490FFE704991198026842E80010002867
:10AD6000F0D1FFE7FFE7FFE7FFE71198006850E841
:10AD7000020F4FF6FE71CEF6FF7108400390FFE719
:10AD800003991198026842E802100028EDD1FFE70C
:10AD9000FFE711992020C1F88C0011990020C866A6
:10ADA00011994867FFE7FFE71198006850E8000F26
:10ADB00020F010000290FFE702991198026842E823
:10ADC00000100028F0D1FFE7FFE711990220086783
:10ADD0001198BDF81610FFF717FCFFE75EE09DF82D
:10ADE0004200C00600280FD5FFE79DF83A00400654
:10ADF000002809D5FFE7119801684FF48010086218
:10AE00001198FFF7E1FC49E09DF84000000600289A
:10AE100015D5FFE79DF83C000006002806D4FFE7A3
:10AE20009DF83A000006002809D5FFE71198806FC9
:10AE300020B1FFE71198816F8847FFE72EE09DF86A
:10AE40004000400600280AD5FFE79DF83C00400678
:10AE5000002804D5FFE7119803F00EFA1EE09DF8D4
:10AE60004200000600280AD5FFE79DF83F00400693
:10AE7000002804D5FFE71198FFF7A2FC0EE09DF82B
:10AE80004300C00750B1FFE79DF83F0000060028CF
:10AE900004D5FFE71198FFF7FFFBFFE712B080BD75
:10AEA00080B582B00090009820B9FFE701208DF8AE
:10AEB000070046E00098806908B1FFE700E0FFE77F
:10AEC0000098D0F8880040B9FFE70099002081F889
:10AED0008400009800F03CF8FFE700992420C1F8B6
:10AEE000880000980168086820F001000860009858
:10AEF00003F016FA012804D1FFE701208DF80700BE
:10AF00001FE00098806A20B1FFE7009802F0E4FE9D
:10AF1000FFE700980168486820F490404860009876
:10AF20000168886820F02A00886000980168086835
:10AF300040F001000860009802F072FF8DF80700F1
:10AF4000FFE79DF8070002B080BD00000000000090
:10AF500080B5D0B04F9000204E904D904C904B90CB
:10AF60004A901CA8B821F5F785FB4F98006847F672
:10AF70000001C4F20001884240F09F80FFE70020FA
:10AF80001D9002211C9139901CA8FCF765F818B19E
:10AF9000FFE7F6F7A9FCFFE7FFE744F2E840C5F654
:10AFA0000200016841F080410160006800F08040CB
:10AFB0001B901B98FFE7FFE744F2E040C5F6020054
:10AFC000016841F010010160006800F010001A9063
:10AFD0001A98FFE74FF4C0704A9002204B9000206F
:10AFE00013904C9003204D9007204E9041F20000AA
:10AFF000C5F602004AA9FBF703FA139941F2C020F3
:10B00000C2F20040149040F24042C4F202020260D8
:10B010004F2242608160C1604FF4806202614161F1
:10B020008161C1614FF4403202624162F9F728F850
:10B0300018B1FFE7F6F758FCFFE7FFE74F9841F23A
:10B04000C021C2F20041C0F880104F988863FFE72A
:10B0500041F23830C2F20040129040F22841C4F26E
:10B060000201016050214160402181600021C160E6
:10B070004FF48062026141618161C1614FF44032ED
:10B0800002624162F8F7FCFF18B1FFE7F6F72CFC0B
:10B09000FFE7FFE74F9841F23831C2F20041C16744
:10B0A0004F988863FFE75220119005210022FBF79B
:10B0B0009BFC1198FBF78CFC8AE14F98006844F2E6
:10B0C0000041C4F20001884240F0B580FFE7002053
:10B0D0001D9002211C9139901CA8FBF7BDFF18B1EF
:10B0E000FFE7F6F701FCFFE7FFE744F2E840C5F6AB
:10B0F0000200016841F400310160006800F4003092
:10B1000019901998FFE7FFE744F2E040C5F6020006
:10B11000016841F008010160006800F00800189023
:10B120001898FFE710204A9002200A904B904C900C
:10B1300003200B904D9007200C904E9040F600405D
:10B14000C5F602000D904AA90E91FBF759F9DDF8FA
:10B1500028C00B9B0C9A0D980E994FF0600ECDF8FD
:10B1600028E1CDF82CC14FF0000CCDF83CC0CDF853
:10B1700030C14D934E92FBF743F90F9941F2B03035
:10B18000C2F2004010902822C4F2020202602B2278
:10B1900042608160C1604FF48062026141618161FF
:10B1A000C1614FF4003202624162F8F769FF18B1E1
:10B1B000FFE7F6F799FBFFE7FFE74F9841F2B03161
:10B1C000C2F20041C0F880104F988863FFE741F257
:10B1D0002840C2F2004009904021C4F202010160FF
:10B1E0002C214160402181600021C1604FF48062C8
:10B1F000026141618161C1614FF4003202624162CA
:10B20000F8F73EFF18B1FFE7F6F76EFBFFE7FFE741
:10B210004F9841F22841C2F20041C1674F988863BC
:10B22000FFE72620089005210022FBF7DDFB0898A8
:10B23000FBF7CEFBCBE04F98006844F60001C4F268
:10B240000001884240F0C280FFE700201D900221EB
:10B250001C9139901CA8FBF7FFFE18B1FFE7F6F729
:10B2600043FBFFE7FFE744F2E840C5F60200016850
:10B2700041F480210160006800F480201790179845
:10B28000FFE7FFE744F2E040C5F60200016841F045
:10B2900002010160006800F0020016901698FFE7B6
:10B2A000FFE744F2E040C5F60200016841F0080102
:10B2B0000160006800F0080015901598FFE74FF452
:10B2C00080404A90022002904B904C9003200390C3
:10B2D0004D90072004904E9040F20040C5F60200C9
:10B2E0004AA90591FBF78CF8029B039A04980599EB
:10B2F0004FF4407CCDF828C14B93002306934C9328
:10B300004D924E9040F60040C5F60200FBF778F8EB
:10B31000069941F2A040C2F2004007905822C4F2C0
:10B32000020202602D2242608160C1604FF480629F
:10B33000026141618161C1614FF400320262416288
:10B34000F8F79EFE18B1FFE7F6F7CEFAFFE7FFE742
:10B350004F9841F2A041C2F20041C0F880104F98CE
:10B360008863FFE741F21850C2F20040019070215B
:10B37000C4F2020101602E21416040218160002160
:10B38000C1604FF48062026141618161C1614FF42B
:10B39000003202624162F8F773FE18B1FFE7F6F778
:10B3A000A3FAFFE7FFE74F9841F21851C2F20041BC
:10B3B000C1674F988863FFE727200090052100228E
:10B3C000FBF712FB0098FBF703FBFFE7FFE7FFE744
:10B3D00050B080BD0000000080B586B0049003919D
:10B3E000ADF80A200498D0F88C0020283CD1FFE763
:10B3F000039820B1FFE7BDF80A0020B9FFE701205C
:10B400008DF8170034E004990020C866049800689D
:10B4100040F60041C5F6000188421CD0FFE70498C1
:10B42000006840680002002814D5FFE7FFE7FFE747
:10B430000498006850E8000F40F080600190FFE73A
:10B4400001990498026842E800100028F0D1FFE753
:10B45000FFE7FFE7FFE704980399BDF80A2003F030
:10B4600087FC8DF8170003E002208DF81700FFE736
:10B470009DF8170006B080BD81B0009001B0704704
:10B4800081B0009001B0704780B586B00490039100
:10B49000ADF80A200498D0F88800202870D1FFE782
:10B4A000039820B1FFE7BDF80A0020B9FFE70120AB
:10B4B0008DF8170068E0039804990865BDF80A0044
:10B4C0000499A1F85400BDF80A000499A1F85600A7
:10B4D00004990020C1F8900004992120C1F8880047
:10B4E0000498C06F88B3FFE70498C16F4EF2411013
:10B4F000C0F60000C8630498C16F4EF2C110C0F6D8
:10B50000000008640498C16F4DF69170C0F6000009
:10B51000C8640498C16F0020086504980268016D32
:10B52000C06F2832BDF80A30F9F75AFA60B1FFE768
:10B5300004991020C1F8900004992020C1F88800D7
:10B5400001208DF817001FE0FFE7049801684020F4
:10B550000862FFE7FFE70498006850E8020F40F038
:10B5600080000190FFE701990498026842E8021008
:10B570000028F0D1FFE7FFE700208DF8170003E077
:10B5800002208DF81700FFE79DF8170006B080BD78
:10B5900081B0009001B0704781B0009001B0704759
:10B5A000FFE7FEE70000000080B501F0F1FB80BD81
:10B5B00080B58CB04EF24810C4F21C100B900020E5
:10B5C00004900A90099040F29C10C2F20040F6F7F5
:10B5D00073F840F2F840C2F2004080ED000A90EDAE
:10B5E000001A40F2F440C2F2004090ED000A30EE42
:10B5F000010A80ED000A01F0DBFB40F2B030C2F23C
:10B600000040029090ED000AB7EEC00A9FED541B77
:10B6100020EE010BB7EEC00B40F22012C2F2004246
:10B62000039282ED070A90ED010AB7EEC00A20EE00
:10B63000010BB7EEC00B82ED080A90ED020AB7EEDF
:10B64000C00A20EE010BB7EEC00B82ED090A90EDA7
:10B65000030A9FED491A20EE010A82ED040A90EDDB
:10B66000040A20EE010A82ED050A90ED050A20EE9B
:10B67000010A82ED060A81691160C1695160016A9F
:10B680009160406AD06002F1400148F28810C0F633
:10B69000010004F0D9F9039A02F14C0148F2941028
:10B6A000C0F6010004F0D0F9039A02F1580148F203
:10B6B000A010C0F6010004F0C7F9039A09A806A972
:10B6C00004F046FA04988DF81700FFE79DF817007C
:10B6D00002282ADCFFE79DF8171040F22010C2F282
:10B6E000004006AA02EB810292ED002A00EB8100E5
:10B6F00090ED071A90ED0A0A31EE421AB7EEC11A20
:10B70000B7EEC00A9FED182B20EE020B9FED182B11
:10B71000A1EE020BB7EEC00B80ED0A0AFFE79DF821
:10B72000170001308DF81700D0E740F22012C2F266
:10B730000042019202F1280002F1340104F084F980
:10B74000019940F2B030C2F20040C26ACA66826A11
:10B750000A67006B48670CB080BD00BF00BF00BF28
:10B760009A999999999923409A9999999999B93F50
:10B77000CDCCCCCCCCCCEC3F35FA8E3C00000000DC
:10B7800080B540F20000C2F20040D0F804C041F29F
:10B790009050C2F2004040F20C02C2F2004240F26D
:10B7A00005110823E04780BD80B588B040F2A8109D
:10B7B000C2F20040009020309FED230A8DED010A77
:10B7C0009FED221A8DED021ADFED211ACDED031A3D
:10B7D0009FED202A8DED042ADFED1F2ACDED052AED
:10B7E0009FED1E3A8DED063AF0EE430A02F06CF939
:10B7F00000989DED010A9DED021ADDED031A9DED05
:10B80000042ADDED052A9DED063A9030F0EE430A5C
:10B8100002F05AF900208DF81F0040F20000C2F239
:10B820000040D0F804C041F29050C2F2004040F213
:10B830001402C2F2004240F205110823E0478DF8DD
:10B840001F0008B080BD00BF8FC2F53DCDCC4C3D80
:10B850000AD7A33D0000C84200007A44000000005F
:10B8600080B540F20000C2F20040D0F804C041F2BE
:10B870009050C2F2004040F24C02C2F200424FF43B
:10B8800084710823E04780BD80B540F20000C2F219
:10B890000040D0F804C041F29050C2F2004040F2A3
:10B8A0005402C2F200424FF484710823E04780BD85
:10B8B00080B584B000200390FFE70398012850D89A
:10B8C000FFE70398C0EBC00140F2A810C2F20040AD
:10B8D000019000EB011191ED030AB7EEC00AB2EE40
:10B8E000091B20EE010B9FED201B80EE010BB7EE34
:10B8F000C00B81ED000A0399C1EBC10100EB0111FE
:10B9000001F12000D1ED000ACDED020A91ED020A0D
:10B9100002F01AF90198B0EE401A9DED020A30EEDD
:10B92000010A0399C1EBC10100EB011181ED050A88
:10B930000399C1EBC10100EB011191ED050A9FEDE7
:10B940000C1A80EE010A9FED0B1A20EE010ABDEEE3
:10B95000C00A10EE100A0883FFE703980130039035
:10B96000ABE704B080BD00BF33333333333317400C
:10B9700000005C4200FEFF462DE9F0478DB0DDF887
:10B980007090DDF86C801A9F199E189D179CDDF849
:10B9900058E0DDF854C0CDF83090CDF82C800A97EF
:10B9A000099608950794CDF818E0CDF814C00493D3
:10B9B0000392029101900198973800909DF82C1005
:10B9C0009DF82D0040EA01210098C0EBC00240F232
:10B9D000A810C2F2004000EB0212D1809DF82E2088
:10B9E0009DF82F1041EA0221009AC2EBC20200EB3F
:10B9F000021291809DF830209DF8311041EA022119
:10BA0000009AC2EBC20200EB021251839DF8321081
:10BA1000009AC2EBC20200EB021251779DF833107C
:10BA2000009AC2EBC20200EB021291770099C1EBBF
:10BA3000C10100EB0111B1F9062000EE102AB8EEA9
:10BA4000C00AB2EE041A80EE010AB7EEC01A91EDF8
:10BA5000040AB7EEC00A9FED1A2B20EE020B9FEDF1
:10BA60001A2BA1EE020BB7EEC00B81ED040A009970
:10BA7000C1EBC10100EB0110B0F9041000EE101A87
:10BA8000B8EEC00A9FED161A20EE010A9FED151AB6
:10BA900080EE010AB7EEC01A90ED020AB7EEC00AB6
:10BAA0009FED0B2B20EE020B9FED0B2BA1EE020B5B
:10BAB000B7EEC00B80ED020A0DB0BDE8F08700BF05
:10BAC0009A9999999999A93F666666666666EE3F66
:10BAD0009A9999999999C93F9A9999999999E93F08
:10BAE00000005C4200FEFF4680B540F2A810C2F2A2
:10BAF0000040417E40F28822C2F200421170017E75
:10BB0000517090F88910917090F88800D0700020E2
:10BB1000107150719071D07140F20000C2F200407B
:10BB2000D0F804C041F29050C2F200403221082304
:10BB3000E04780BD0000000080B582B040F2A81050
:10BB4000C2F20040017F8DF8001090F88C008DF853
:10BB5000010000208DF802008DF803008DF804002C
:10BB60008DF805008DF806008DF8070040F2000002
:10BB7000C2F20040D0F804C041F29050C2F200403E
:10BB80004FF483716A460823E04702B080BD00008D
:10BB900080B584B040F29820C2F200400090C830D6
:10BBA0009FED1A0ADFED1A0A9FED1A1ADFED1A1A35
:10BBB0009FED1A2A8DED022ADFED192ACDED032A19
:10BBC00000F03EFD00989DED022ADDED032A2830AD
:10BBD000B1EE040AB0EE081ADFED121ACDED011A2B
:10BBE000F0EE610A00F02CFD0098DDED011A9DEDEC
:10BBF000022ADDED032A78309FED0B0AB7EE081A12
:10BC0000F0EE610A00F01CFD04B080BD0080A2448B
:10BC100000008C4200006144000096430060EA4648
:10BC200000401C46000000000000484200000000E8
:10BC300081B000900099088888810098018800EE02
:10BC4000101AB8EE400A80ED070A00990020088318
:10BC500001B07047000000002DE9F0478CB0DDF81E
:10BC60006C90DDF86880199F189E179D169CDDF872
:10BC700054E0DDF850C0DDF870A0CDF82C90CDF880
:10BC800028800997089607950694CDF814E0CDF81A
:10BC900010C003930292019100901C99088888813A
:10BCA0009DF828109DF8290040EA01201C99088081
:10BCB0009DF82A109DF82B0040EA012000B21C9943
:10BCC00048609DF82C109DF82D0040EA01201C9939
:10BCD00008819DF82E001C9988721C990888898912
:10BCE000401A4EF29B61CFF6FF71884205DCFFE7F8
:10BCF0001C99088B01300883FFE71C998889098803
:10BD0000401A4EF29B61CFF6FF71884205DCFFE7D7
:10BD10001C99088B01380883FFE71C980188B0F94B
:10BD2000182001EB423100EE101AB8EEC00A80ED87
:10BD3000070A1C99888C013088841C99012081F89D
:10BD400022000CB0BDE8F08780B540F29820C2F226
:10BD5000004090F8211040F29022C2F2004211708F
:10BD600090F82000507000209070D07010715071C9
:10BD70009071D07140F20000C2F20040D0F804C0CF
:10BD800041F29050C2F2004040F2FF110823E04718
:10BD900080BD00000000000080B582B041F29C2010
:10BDA000C2F20040019044F60041C5F60201016074
:10BDB000012101710022427141F6B753C0F2C14323
:10BDC0008360C260426182610162F5F7DDFF18B1F4
:10BDD000FFE7F5F789FDFFE702B080BD0000000036
:10BDE00080B58AB0FFE744F2D840C5F6020001688A
:10BDF00041F001010160006800F00100099009981C
:10BE0000FFE7FFE744F2D840C5F60200016841F0C1
:10BE100002010160006800F0020008900898FFE746
:10BE20000C2000900521059100220692FAF7DCFD16
:10BE30000098FAF7CDFD0599069A0D200190FAF7C2
:10BE4000D3FD0198FAF7C4FD0599069A0E200290D9
:10BE5000FAF7CAFD0298FAF7BBFD0599069A0F207A
:10BE60000390FAF7C1FD0398FAF7B2FD0599069A17
:10BE700039200490FAF7B8FD0498FAF7A9FD05995E
:10BE8000069A3A200790FAF7AFFD0798FAF7A0FD57
:10BE90000AB080BD0000000080B582B041F2905031
:10BEA000C2F2004000904AF20001C4F200010160B9
:10BEB000002201928260C260012101744274817487
:10BEC0004FF0030EC0F814E00A2383614FF01D0CFD
:10BED000C0F81CC00362C0F824E08362C0F82CC024
:10BEE000036342638163C263042101644164826429
:10BEF000C164026541658265C2650166426681660C
:10BF0000F9F722FF18B1FFE7F5F7EEFCFFE702B003
:10BF100080BD00000000000080B582B041F23060BA
:10BF2000C2F2004000904AF20041C4F200010160F8
:10BF3000002201928260C260012101744274817406
:10BF40004FF0030EC0F814E00A2383614FF01D0C7C
:10BF5000C0F81CC00362C0F824E08362C0F82CC0A3
:10BF600003634FF4A06343638163C26304210164EC
:10BF700041648264C164026541658265C26501668F
:10BF800042668166F9F7E0FE18B1FFE7F5F7ACFC11
:10BF9000FFE702B080BD000080B582B04CF639707A
:10BFA000C0F6000048F28C32C0F601020021019177
:10BFB00008F0B2F9019941F29822C2F200421060F1
:10BFC0004CF6F960C0F6000047F6EC62C0F60102DC
:10BFD00008F0A2F9019940F2F802C2F200421060A2
:10BFE0004CF6B170C0F6000047F65C72C0F6010274
:10BFF00008F092F9019940F2A412C2F200421060D6
:10C000004CF66970C0F6000047F63872C0F60102BF
:10C0100008F082F9019940F21C12C2F2004210604D
:10C020004CF6A160C0F6000047F6C862C0F60102F7
:10C0300008F072F940F2D801C2F20041086002B083
:10C0400080BD00000000000080B590B000200F907F
:10C050000E900D900C900B90FFE744F2E040C5F677
:10C060000200016841F004010160006800F0040072
:10C070000A900A98FFE7FFE744F2E040C5F60200A5
:10C08000016841F080010160006800F080000990C3
:10C090000998FFE7FFE744F2E040C5F602000168B7
:10C0A00041F001010160006800F00100089008986B
:10C0B000FFE7FFE744F2E040C5F60200016841F007
:10C0C00002010160006800F0020007900798FFE796
:10C0D000FFE744F2E040C5F60200016841F01001BC
:10C0E0000160006800F0100006900698FFE7FFE787
:10C0F00044F2E040C5F60200016841F00801016029
:10C10000006800F0080005900598FFE740F6000081
:10C11000C5F6020002904EF2090101220192FAF7DF
:10C1200043FB019902984FF460420B920C9100215D
:10C1300003910D910E910BA90491FAF761F9019BFE
:10C140000298039A04994FF0090CCDF82CC00C9377
:10C150000D9203220E92FAF753F9039804994FF4C3
:10C16000A0520B924FF488120C920D9041F20000F5
:10C17000C5F60200FAF744F9039804994FF4005207
:10C180000B9202220C920D900E9005200F9040F21F
:10C190000040C5F60200FAF733F910B080BD000088
:10C1A00080B582B041F2D060C2F20040009041F20E
:10C1B0000041C5F6000101604FF4800141604FF479
:10C1C000003181600321C160002101910161416161
:10C1D0004FF080628261C161016241628162C1622D
:10C1E0004FF0804242638163C163016441648164B2
:10C1F000C164016541658165FDF70AF918B1FFE782
:10C20000F5F772FBFFE702B080BD00000000000000
:10C2100080B58CB0002101910B910A910991089190
:10C2200007910691059104910391029141F2A47046
:10C23000C2F2004040F20042C4F200020260532207
:10C240004260816040F2CF72C26001618161FEF79D
:10C25000B7F818B1FFE7F5F747FBFFE700200990B3
:10C260000B9041F2A470C2F2004009A9FDF78CFCCA
:10C2700018B1FFE7F5F738FBFFE7602002900020D8
:10C2800003900490069041F2A470C2F2004002A90B
:10C290000C22FDF7BDFF18B1FFE7F5F725FBFFE71F
:10C2A00041F2A470C2F20040FDF77AFF0CB080BDED
:10C2B00080B582B041F61810C2F20040009047F6F7
:10C2C0000001C4F2000101604FF4E131416000213E
:10C2D00001918160C16001610C2242618161C16193
:10C2E000016241628162FEF7DBFD18B1FFE7F5F7FD
:10C2F000FBFAFFE741F61810C2F200400021FEF7FA
:10C3000017FA18B1FFE7F5F7EFFAFFE741F6181053
:10C31000C2F200400021FEF7C3F918B1FFE7F5F7BC
:10C32000E3FAFFE741F61810C2F20040FEF7D4F836
:10C3300018B1FFE7F5F7D8FAFFE702B080BD0000BB
:10C3400080B582B041F2F070C2F20040009044F239
:10C350000041C4F20001016043F60061C0F24901EE
:10C360004160002301938360C36003610C2141613C
:10C370008361C36103624362836219461A46FCF714
:10C38000DFFF18B1FFE7F5F7AFFAFFE741F2F07012
:10C39000C2F200400021FEF7CBF918B1FFE7F5F734
:10C3A000A3FAFFE741F2F070C2F200400021FEF76D
:10C3B00077F918B1FFE7F5F797FAFFE741F2F07068
:10C3C000C2F20040FEF788F818B1FFE7F5F78CFAE3
:10C3D000FFE702B080BD000080B582B041F6840066
:10C3E000C2F20040009044F60001C4F20001016076
:10C3F00043F60061C0F2490141600023019383606C
:10C40000C36003610C2141618361C36103624362C4
:10C41000836219461A46FCF793FF18B1FFE7F5F758
:10C4200063FAFFE741F68400C2F200400021FEF704
:10C430007FF918B1FFE7F5F757FAFFE741F68400F7
:10C44000C2F200400021FEF72BF918B1FFE7F5F723
:10C450004BFAFFE741F68400C2F20040FEF73CF8D9
:10C4600018B1FFE7F5F740FAFFE702B080BD000022
:10C47000FFE7FEE700000000FFE7FEE70000000026
:10C4800088B0079006910592079800F00700049085
:10C490000498C0F10700052803D3FFE704200190AA
:10C4A00004E00498C0F107000190FFE701980390B1
:10C4B00004980430062803D8FFE70020009003E02A
:10C4C000049803380090FFE70098029006980399BB
:10C4D000012202FA01F101390840029B98400599B6
:10C4E0009A40013A1140084308B07047000000002C
:10C4F000EFF30980BFF36F8F154B1A681EF0100F12
:10C5000008BF20ED108A20E9F04F10602DE90900E6
:10C510004FF0500080F31188BFF34F8FBFF36F8F40
:10C5200009F0B6FB4FF0000080F31188BDE8090068
:10C5300019680868B0E8F04F1EF0100F08BFB0ECA3
:10C54000108A80F30988BFF36F8F704700BF00BF68
:10C55000A01A00240000000080B584B003908DED87
:10C56000020ACDED010A01980399486202980399E5
:10C570008862039890ED090A90ED0A1A30EE410A9C
:10C5800080ED040A039890ED090A90ED0B1A30EE45
:10C59000410A80ED080A039890ED000A90ED041A14
:10C5A00020EE010A80ED0F0A039890ED011A90ED3C
:10C5B000042A90ED100AA1EE020A80ED100A0398F9
:10C5C00090ED020A90ED052A90ED0A1A31EE421A1A
:10C5D00020EE010A80ED110A039890ED030A90ED18
:10C5E000081A20EE010A80ED120A039901F14000B9
:10C5F00091ED0C0A07F068F8039890ED0F0A90EDA2
:10C60000103A90ED112A90ED121A30EE030A30EE36
:10C61000020A30EE010A80ED130A039901F14C0081
:10C6200091ED0D0A07F050F80399886A4861039963
:10C63000486AC862039890ED130A04B080BD0000F8
:10C6400087B006908DED050ACDED040A8DED031A35
:10C65000CDED021A8DED012ACDED002A059806993F
:10C6600008600498069948600398069988600298C3
:10C670000699C8600198069948630098069908636E
:10C6800006990020C86306994864069908640699CB
:10C69000086106994861069908620699C864069976
:10C6A00088620699486207B07047000000000000E9
:10C6B00082B001900198006800909DED000A02B0E0
:10C6C000704700000000000080B586B00490039120
:10C6D00000208DF8070044F22840C5F602000068EB
:10C6E00000F00300032804D1FFE701208DF81700B4
:10C6F000CBE044F20041C5F60201086820F08060FA
:10C700000860FAF769F80290FFE744F20040C5F6C6
:10C710000200006800F000610020B0EBD16F0CD087
:10C72000FFE7FAF759F80299401A032804D3FFE704
:10C7300003208DF81700A8E0E7E7FFE744F228415F
:10C74000C5F60201086820F47C30049A126840EAB9
:10C750000230086004994868D1F808C0CB680A69BB
:10C7600001386FF35F204FF60061CFF6FF7101EBE8
:10C770004C2189B208440021CFF6FF7101EB03413F
:10C7800001F4FE0108444FF07F4101EB026101F02A
:10C79000FE41084444F23841C5F602010860FFE753
:10C7A00044F22C41C5F602010091086820F0C00057
:10C7B000049A526910430860086820F02000049A27
:10C7C000926910430860086820F01000086044F285
:10C7D0003C42C5F6020210684FF6F8739843049B7A
:10C7E000DB6940EAC3001060086840F01000086090
:10C7F000039848B9FFE744F22C41C5F602010868E6
:10C8000040F40020086016E00398012809D1FFE7F2
:10C8100044F22C41C5F60201086840F4801008601B
:10C8200008E044F22C41C5F60201086840F400100B
:10C830000860FFE7FFE744F20041C5F6020108681F
:10C8400040F080600860F9F7C7FF0290FFE744F20C
:10C850000040C5F60200006800F000610020B0EB67
:10C86000D16F0CD1FFE7F9F7B7FF0299401A0328FF
:10C8700004D3FFE703208DF8170006E0E7E7FFE7A2
:10C880009DF807008DF81700FFE79DF8170006B028
:10C8900080BD00000000000080B586B004900391C8
:10C8A00000208DF8070044F22840C5F60200006819
:10C8B00000F00300032804D1FFE701208DF81700E2
:10C8C000CBE044F20041C5F60201086820F0805038
:10C8D0000860F9F781FF0290FFE744F20040C5F6D7
:10C8E0000200006800F000510020B0EB517F0CD036
:10C8F000FFE7F9F771FF0299401A032804D3FFE715
:10C9000003208DF81700A8E0E7E7FFE744F228418D
:10C91000C5F60201086820F07C70049A126840EAAB
:10C920000250086004994868D1F808C0CB680A69C9
:10C9300001386FF35F204FF60061CFF6FF7101EB16
:10C940004C2189B208440021CFF6FF7101EB03416D
:10C9500001F4FE0108444FF07F4101EB026101F058
:10C96000FE41084444F24041C5F602010860FFE779
:10C9700044F22C41C5F602010091086820F44060A1
:10C98000049A526910430860086820F40070049A01
:10C99000926910430860086820F48070086044F2CF
:10C9A0004442C5F6020210684FF6F8739843049BA0
:10C9B000DB6940EAC3001060086840F480700860DA
:10C9C000039848B9FFE744F22C41C5F60201086814
:10C9D00040F48000086016E00398012809D1FFE7C1
:10C9E00044F22C41C5F60201086840F400000860DA
:10C9F00008E044F22C41C5F60201086840F080705E
:10CA00000860FFE7FFE744F20041C5F6020108684D
:10CA100040F080500860F9F7DFFE0290FFE744F233
:10CA20000040C5F60200006800F000510020B0EBA5
:10CA3000517F0CD1FFE7F9F7CFFE0299401A032886
:10CA400004D3FFE703208DF8170006E0E7E7FFE7D0
:10CA50009DF807008DF81700FFE79DF8170006B056
:10CA600080BD00000000000082B0019001980068C5
:10CA70004069009001980168886940F00800886169
:10CA800001980168886940F0100088610198016888
:10CA9000086820F00100086001980168086940F208
:10CAA0006F329043086101980168886820F4404023
:10CAB0008860019890F88100042815D0FFE79DF860
:10CAC0000000800600280ED5FFE70199D1F8840008
:10CAD00040F08000C1F8840001980168886940F046
:10CAE00020008861FFE7FFE7019890F881000328A4
:10CAF00015D0FFE79DF80000400600280ED5FFE79F
:10CB00000199D1F8840040F00400C1F88400019834
:10CB10000168886940F040008861FFE7FFE79DF801
:10CB20000100800700280ED5FFE70199D1F88400A5
:10CB300040F00100C1F8840001980168886940F460
:10CB400000708861FFE79DF80100C00770B1FFE742
:10CB50000199D1F8840040F00800C1F884000198E0
:10CB60000168886940F480708861FFE701990020BE
:10CB7000A1F862000199A1F86A0002B070470000B4
:10CB800083B002900298C16B012000EB511001901C
:10CB90000298C0680130009000980730C0080090EB
:10CBA00000980199484303B070470000000000005E
:10CBB00080B586B0DDF820C0049003918DF80B207D
:10CBC0000193FFE704980068406903990840401A00
:10CBD000B0FA80F040099DF80B10884214D1FFE7AD
:10CBE000F9F7FAFD0899401A0199884204D3FFE742
:10CBF0000198013018B9FFE7019820B9FFE7032039
:10CC00008DF8170004E0DDE700208DF81700FFE73E
:10CC10009DF8170006B080BD000000000000000075
:10CC2000074B19680868B0E8F04F80F30988BFF334
:10CC30006F8F4FF0000080F31188704700BF00BF76
:10CC4000A01A00240000000080B56FF0040000214D
:10CC500006F0EEFC80BD000082B0009040F2E430AF
:10CC6000C2F20040007840F2E531C2F200410870A3
:10CC7000FFE7009840F2E431C2F200410978405CDD
:10CC8000412859D1FFE7009840F2E431C2F2004157
:10CC900009784B1C42F66C01C0F2AF11A3FB0121D5
:10CCA000982201FB1231405C782845D1FFE70098BB
:10CCB00040F2E431C2F2004109788B1C42F66C016B
:10CCC000C0F2AF11A3FB0121982201FB1231405C9D
:10CCD000FF2831D1FFE7009840F2E431C2F2004171
:10CCE0000978CB1C42F66C01C0F2AF11A3FB012105
:10CCF000982201FB1231405C06281DD1FFE7009805
:10CD000040F2E431C2F20041097801F14B0342F6EE
:10CD10006C01C0F2AF11A3FB0121982201FB12317B
:10CD2000405C6D2808D1FFE740F2E430C2F20040D9
:10CD300000788DF8070024E040F2E430C2F20040B1
:10CD40000178013101700078982807DBFFE740F295
:10CD5000E431C2F2004100200870FFE7FFE740F233
:10CD6000E430C2F20040007840F2E531C2F2004106
:10CD7000097888427FF47DAFFFE798208DF807009F
:10CD8000FFE79DF8070002B07047000000000000B8
:10CD900080B541F61810C2F2004040F27F41C2F265
:10CDA00000414C22FDF7D8FB80BD000000000000D0
:10CDB00080B582B040F2E630C2F20040FFF74CFF8F
:10CDC000014640F27E40C2F2004001700078972890
:10CDD00064DCFFE740F27F40C2F20040009009307F
:10CDE000FFF766FC009840F2B031C2F200410191B9
:10CDF00081ED000A0D30FFF75BFC0098019981ED91
:10CE0000010A1130FFF754FC0098019981ED020AE4
:10CE10001830FFF74DFC0098019981ED030A1C3092
:10CE2000FFF746FC0098019981ED040A2030FFF7D6
:10CE30003FFC0098019981ED050A2730FFF738FC87
:10CE40000098019981ED060A2B30FFF731FC00981C
:10CE5000019981ED070A2F30FFF72AFC009801990C
:10CE600081ED080A3330FFF723FC0098019981ED2A
:10CE7000090A3E30FFF71CFC0098019981ED0A0A6F
:10CE80003A30FFF715FC0098019981ED0B0A42300A
:10CE9000FFF70EFC019880ED0C0AFFE702B080BDA1
:10CEA00080B582B0019040F20C50C2F2004041F2D5
:10CEB0003061C2F2004140F21F12F3F74DFDFFE76F
:10CEC000F4F722FC40F2D040C2F20040009080ED26
:10CED000000A06F0CDFFF4F717FC009890ED001A59
:10CEE00030EE410A40F2CC40C2F2004080ED000A30
:10CEF000012007F0A5F9E3E780B582B00190FFE7D4
:10CF0000F4F702FC40F2D840C2F20040009080EDFD
:10CF1000000AF3F7E5FDF4F7F7FB009890ED001A2F
:10CF200030EE410A40F2D440C2F2004080ED000AE7
:10CF3000012007F085F9E3E780B584B00390FFE7AF
:10CF4000322001900022114602F062F84FF4FA708C
:10CF5000029007F075F9019A0A21084602F058F884
:10CF6000029807F06DF9EBE780B582B00190FEF70B
:10CF70001BFBFFE7F4F7C8FB40F2E040C2F20040C1
:10CF8000009080ED000AFEF713FBF4F7BDFB00985C
:10CF900090ED001A30EE410A40F2DC40C2F200404F
:10CFA00080ED000A012007F04BF9E3E700000000E4
:10CFB00080B584B00390FFE7F4F7A6FB40F2E840A9
:10CFC000C2F20040019080ED000A01F0F9FFF4F791
:10CFD0009BFB019890ED001A30EE410A40F2E440CC
:10CFE000C2F20040029080ED000A02F085F8F4F7EA
:10CFF0008BFB0199029891ED001A30EE410A80ED09
:10D00000000A012007F01CF9D6E70000000000002C
:10D0100080B54EF21000CEF20000006809F020FC4E
:10D02000012803D0FFE708F043FFFFE780BD0000C1
:10D0300080B59EB00BA84C21F3F71CFB002001909B
:10D040000A9009900890079006900590049003902C
:10D050000220F9F7E9FCFFE70020029044F61800EF
:10D06000C5F60200016821F440410160006800F447
:10D07000404002900298FFE7FFE744F61800C5F62B
:10D080000200006800F40050B0F5005F01D0FFE737
:10D09000F3E701210B914FF480300C9002201490A3
:10D0A00015901690282217921891042119911A9020
:10D0B0000C201B9000201C901D900BA8FBF730FC4F
:10D0C00018B1FFE7F4F710FCFFE73F2003900321BE
:10D0D00004910020059008200690402007900890B9
:10D0E0004FF4806209920A9003A8FAF7ADFF18B1D5
:10D0F000FFE7F4F7F9FBFFE71EB080BD000000007A
:10D100004EF68851CEF20001086840F470000860C5
:10D1100042F20000C5F20020006800F00F0006286F
:10D120000AD8FFE742F20001C5F200210868072291
:10D1300062F303000860FFE744F20041C5F6020114
:10D14000086840F00100086044F21042C5F602028F
:10D150000020106008684EF67F52CEF6F62210408E
:10D16000086042F20000C5F20020006800F00F00E5
:10D1700008280AD3FFE742F20001C5F2002108683F
:10D18000072262F303000860FFE744F21841C5F686
:10D1900002010020086044F21C41C5F6020108604B
:10D1A00044F22041C5F60201086044F22842C5F667
:10D1B000020240F20021C0F20221116044F22C422E
:10D1C000C5F602020021C0F2FF11116044F23042A4
:10D1D000C5F6020240F28021C0F20111116044F252
:10D1E0003442C5F60202106044F23842C5F602022B
:10D1F000116044F23C42C5F60202106044F2404223
:10D20000C5F60202116044F24441C5F6020108600D
:10D2100044F20042C5F60202116821F48021116037
:10D2200044F26041C5F60201086044F20001C5F213
:10D23000002143F2D20008607047000000000000A7
:10D2400080B541F25870C2F20040FCF74DFE80BD3F
:10D2500083B002900191029800680090029800212A
:10D26000C4F20101884225D0FFE70298B0F1804F57
:10D2700020D0FFE7029840F20041C4F2000188424A
:10D2800018D0FFE7029840F60001C4F2000188427E
:10D2900010D0FFE7029840F60041C4F20001884236
:10D2A00008D0FFE7029840F20041C4F20101884231
:10D2B0000AD1FFE7009820F07000009001984168C3
:10D2C000009808430090FFE702980021C4F2010192
:10D2D00088424DD0FFE70298B0F1804F48D0FFE779
:10D2E000029840F20041C4F20001884240D0FFE7BA
:10D2F000029840F60001C4F20001884238D0FFE7EE
:10D30000029840F60041C4F20001884230D0FFE7A5
:10D31000029840F20041C4F20101884228D0FFE7A0
:10D32000029844F20001C4F20101884220D0FFE7D4
:10D33000029844F20041C4F20101884218D0FFE78C
:10D34000029844F60001C4F20101884210D0FFE7C0
:10D3500002984EF20001C4F20001884208D0FFE7B3
:10D3600002984EF20041C4F2000188420AD1FFE760
:10D37000009820F4407000900198C168009808431C
:10D380000090FFE7009820F0800001994969084368
:10D390000090009802990860019880680299C8621C
:10D3A000019800680299886202980021C4F2010184
:10D3B000884220D0FFE7029840F20041C4F2010108
:10D3C000884218D0FFE7029844F20001C4F201013C
:10D3D000884210D0FFE7029844F20041C4F20101F4
:10D3E000884208D0FFE7029844F60001C4F2010128
:10D3F000884205D1FFE70198006902990863FFE7B9
:10D4000002990120486103B070470000000000004D
:10D4100085B0049003910499086A20F00100086225
:10D420000498006A0190049840680090049880690C
:10D43000029002984FF68F71CFF6FE71084002906D
:10D44000029820F0030002900398016802980843B4
:10D450000290019820F002000190039881680198E1
:10D460000843019004980021C4F20101884220D0B1
:10D47000FFE7049840F20041C4F20101884218D04D
:10D48000FFE7049844F20001C4F20101884210D081
:10D49000FFE7049844F20041C4F20101884208D039
:10D4A000FFE7049844F60001C4F2010188420ED15E
:10D4B000FFE7019820F0080001900398C1680198E7
:10D4C00008430190019820F004000190FFE70498C0
:10D4D0000021C4F20101884220D0FFE7049840F205
:10D4E0000041C4F20101884218D0FFE7049844F2D9
:10D4F0000001C4F20101884210D0FFE7049844F211
:10D500000041C4F20101884208D0FFE7049844F6C4
:10D510000001C4F20101884213D1FFE7009820F412
:10D5200080700090009820F400700090039841698A
:10D530000098084300900398816900980843009080
:10D54000FFE700980499486002980499886103985D
:10D5500040680499486301980499086205B07047CF
:10D5600085B0049003910499086A20F010000862C5
:10D570000498006A019004984068009004988069BB
:10D580000290029848F6FF71CFF6FF6108400290C2
:10D59000029820F44070029003980168029840EAD3
:10D5A00001200290019820F02000019003988168EA
:10D5B000019840EA0110019004980021C4F2010191
:10D5C000884229D0FFE7049840F20041C4F20101EB
:10D5D000884221D0FFE7049844F20001C4F201011F
:10D5E000884203D1FFE70020B0B9FFE7049844F276
:10D5F0000041C4F20101884203D1FFE7002058B97D
:10D60000FFE7049844F60001C4F20101884212D1F8
:10D61000FFE7012078B9FFE7019820F08000019032
:10D620000398C168019840EA01100190019820F028
:10D6300040000190FFE704980021C4F201018842F4
:10D6400020D0FFE7049840F20041C4F20101884273
:10D6500018D0FFE7049844F20001C4F201018842A7
:10D6600010D0FFE7049844F20041C4F2010188425F
:10D6700008D0FFE7049844F60001C4F20101884293
:10D6800015D1FFE7009820F480600090009820F406
:10D690000060009003984169009840EA8100009082
:10D6A00003988169009840EA81000090FFE70098A4
:10D6B0000499486002980499886103984068049925
:10D6C000886301980499086205B070470000000063
:10D6D00085B0049003910499086A20F48070086270
:10D6E0000498006A01900498406800900498C0690A
:10D6F000029002984FF68F71CFF6FE7108400290AB
:10D70000029820F0030002900398016802980843F1
:10D710000290019820F400700190039881680198AC
:10D7200040EA0120019004980021C4F201018842DE
:10D7300029D0FFE7049840F20041C4F20101884279
:10D7400021D0FFE7049844F20001C4F201018842AD
:10D7500003D1FFE70020B0B9FFE7049844F200418D
:10D76000C4F20101884203D1FFE7002058B9FFE766
:10D77000049844F60001C4F20101884212D1FFE787
:10D78000012078B9FFE7019820F400600190039828
:10D79000C168019840EA01200190019820F480605E
:10D7A0000190FFE704980021C4F20101884220D0D3
:10D7B000FFE7049840F20041C4F20101884218D00A
:10D7C000FFE7049844F20001C4F20101884210D03E
:10D7D000FFE7049844F20041C4F20101884208D0F6
:10D7E000FFE7049844F60001C4F20101884215D114
:10D7F000FFE7009820F480500090009820F400503B
:10D80000009003984169009840EA01100090039845
:10D810008169009840EA01100090FFE700980499A0
:10D82000486002980499C861039840680499C863E5
:10D8300001980499086205B07047000000000000DC
:10D8400085B0049003910499086A20F4805008621E
:10D850000498006A01900498406800900498C06998
:10D860000290029848F6FF71CFF6FF6108400290DF
:10D87000029820F44070029003980168029840EAF0
:10D8800001200290019820F40050019003988168D3
:10D89000019840EA0130019004980021C4F201018E
:10D8A000884220D0FFE7049840F20041C4F2010111
:10D8B000884218D0FFE7049844F20001C4F2010145
:10D8C000884210D0FFE7049844F20041C4F20101FD
:10D8D000884208D0FFE7049844F60001C4F2010131
:10D8E00088420BD1FFE7009820F480400090039815
:10D8F0004169009840EA81100090FFE70098049980
:10D90000486002980499C8610398406804990864C3
:10D9100001980499086205B07047000000000000FB
:10D9200085B0049003910499086A20F4803008625D
:10D930000498006A01900498406800900498406D33
:10D94000029002984FF68F71CFF6FE710840029058
:10D9500003980168029808430290019820F400306F
:10D96000019003988168019840EA01400190049871
:10D970000021C4F20101884220D0FFE7049840F260
:10D980000041C4F20101884218D0FFE7049844F234
:10D990000001C4F20101884210D0FFE7049844F26C
:10D9A0000041C4F20101884208D0FFE7049844F620
:10D9B0000001C4F2010188420BD1FFE7009820F476
:10D9C0008030009003984169009840EA012000905F
:10D9D000FFE7009804994860029804994865039805
:10D9E00040680499886501980499086205B07047F9
:10D9F00085B0049003910499086A20F480100862AD
:10DA00000498006A01900498406800900498406D62
:10DA10000290029848F6FF71CFF6FF61084002902D
:10DA200003980168029840EA01200290019820F4CE
:10DA30000010019003988168019840EA015001901C
:10DA400004980021C4F20101884220D0FFE7049825
:10DA500040F20041C4F20101884218D0FFE7049867
:10DA600044F20001C4F20101884210D0FFE704989B
:10DA700044F20041C4F20101884208D0FFE7049853
:10DA800044F60001C4F2010188420BD1FFE700987F
:10DA900020F48020009003984169009840EA81209A
:10DAA0000090FFE70098049948600298049948653F
:10DAB000039840680499C86501980499086205B004
:10DAC000704700000000000088B007908DED060A46
:10DAD000CDED050A8DED041ACDED031A8DED022A68
:10DAE000CDED012A8DED003A06980799086005985A
:10DAF0000799486004980799886003980799C86057
:10DB0000079900200861079948610799886107997A
:10DB1000C8610799C862079948620799886207999E
:10DB2000C863079908640799486407998864079946
:10DB3000C864029807990863019807994863009898
:10DB40000799886308B0704780B584B003908DED65
:10DB5000020ACDED010A01980399486202980399DF
:10DB60008862039890ED090A90ED0A1A30EE410A96
:10DB700080ED040A039890ED090A90ED0B1A30EE3F
:10DB8000410A80ED080A039890ED000A90ED041A0E
:10DB900020EE010A80ED0F0A039890ED041A90ED33
:10DBA000070A30EE010A80ED070A039901F11C0013
:10DBB00091ED0C0A05F088FD039890ED010A90EDB7
:10DBC000071A20EE010A80ED100A039890ED020A70
:10DBD00090ED041A90ED052A31EE421A20EE010A6A
:10DBE00080ED110A039890ED030A90ED081A20EEDB
:10DBF000010A80ED120A039890ED0F0A90ED103A99
:10DC000090ED112A90ED121A30EE030A30EE020A5E
:10DC100030EE010A80ED130A039901F14C0091EDF9
:10DC20000D0A05F051FD0399086948610399486A96
:10DC3000C862039890ED130A04B080BD0000000094
:10DC400080B541F61810C2F20040FCF7C5FD80BD5A
:10DC500082B001900198406E40B9FFE70199012020
:10DC6000A1F86A000199A1F8680032E010208DF84F
:10DC700003008DF80200019800688068C0F34260DC
:10DC80008DF80100019800688068400F8DF8000051
:10DC90009DF802009DF8002047F68873C0F6010346
:10DCA000995C484347F68071C0F601018A5CB0FB7D
:10DCB000F2F0019AA2F86A009DF803009DF8012095
:10DCC0009B5C5843895CB0FBF1F00199A1F86800B6
:10DCD000FFE702B07047000081B00090009890F814
:10DCE0002800C00758B1FFE700980068406820F49A
:10DCF0000030009A1168D26A10434860FFE700982C
:10DD000090F82800800700280BD5FFE700980068EE
:10DD1000406820F48030009A1168126B104348600C
:10DD2000FFE7009890F82800400700280BD5FFE790
:10DD300000980068406820F48020009A1168526BB7
:10DD400010434860FFE7009890F82800000700287B
:10DD50000BD5FFE700980068406820F40040009A67
:10DD60001168926B10434860FFE7009890F8280014
:10DD7000C00600280BD5FFE700980068806820F4F3
:10DD80008050009A1168D26B10438860FFE70098BA
:10DD900090F82800800600280BD5FFE7009800685F
:10DDA000806820F40050009A1168126C104388605B
:10DDB000FFE7009890F82800400600281CD5FFE7F0
:10DDC00000980068406820F48010009A1168526C36
:10DDD000104348600098406CB0F5801F0BD1FFE7FE
:10DDE00000980068406820F4C000009A1168926CA6
:10DDF00010434860FFE7FFE7009890F8280000060E
:10DE000000280BD5FFE700980068406820F4002048
:10DE1000009A1168D26C10434860FFE701B0704768
:10DE200080B588B0069006990020C1F89000F8F7F8
:10DE3000D3FC0590069800680068000700282FD5DD
:10DE4000FFE70698059B6A466FF07E4111604FF42C
:10DE50000011002201F024F808B3FFE7FFE7FFE715
:10DE60000698006850E8000F20F080000490FFE75B
:10DE700004990698026842E800100028F0D1FFE7F4
:10DE8000FFE706992020C1F88800FFE706990020E7
:10DE900081F88400FFE703208DF81F005FE0FFE7B3
:10DEA0000698006800684007002842D5FFE70698FA
:10DEB000059B6A466FF07E4111604FF4800100229D
:10DEC00000F0EEFFA0B3FFE7FFE7FFE7069800686A
:10DED00050E8000F20F490700390FFE70399069834
:10DEE000026842E800100028F0D1FFE7FFE7FFE7F3
:10DEF000FFE70698006850E8020F20F0010002904A
:10DF0000FFE702990698026842E802100028F0D163
:10DF1000FFE7FFE706992020C1F88C00FFE706998C
:10DF2000002081F88400FFE703208DF81F0016E031
:10DF3000FFE706992020C1F888000699C1F88C00F7
:10DF400006990020C86606990867FFE70699002031
:10DF500081F88400FFE700208DF81F00FFE79DF89F
:10DF60001F0008B080BD000080B582B0019001980C
:10DF7000806B009000990020A1F85E000099A1F844
:10DF800056000098FCF724FC02B080BD00000000A1
:10DF900080B584B003900398806B02900298D0F80B
:10DFA000880001900298D0F88C00009002980068D8
:10DFB0008068000600280CD5FFE70198212808D1C9
:10DFC000FFE702990020A1F85600029800F078F9C6
:10DFD000FFE7029800688068400600280CD5FFE73C
:10DFE0000098222808D1FFE702990020A1F85E00DE
:10DFF000029800F0F1F8FFE70299D1F8900040F0A4
:10E000001000C1F890000298FCF7E2FB04B080BD5C
:10E0100080B586B005900598806B04900598C0691E
:10E02000B0F5807F5BD0FFE704990020A1F85E0087
:10E03000FFE7FFE70498006850E8000F20F48070C5
:10E040000390FFE703990498026842E80010002853
:10E05000F0D1FFE7FFE7FFE7FFE70498006850E82B
:10E06000020F20F001000290FFE702990498026875
:10E0700042E802100028F0D1FFE7FFE7FFE7FFE7E3
:10E080000498006850E8020F20F040000190FFE77C
:10E0900001990498026842E802100028F0D1FFE7D5
:10E0A000FFE704992020C1F88C000498C06E012875
:10E0B00014D1FFE7FFE7FFE70498006850E8000F7E
:10E0C00020F010000090FFE700990498026842E8F1
:10E0D00000100028F0D1FFE7FFE7FFE7FFE7049912
:10E0E000002008670498C06E012806D1FFE7049855
:10E0F000B0F85C10FCF788FA03E00498FDF7BCF96F
:10E10000FFE706B080BD000080B582B001900198A5
:10E11000806B00900099012008670098C06E01286C
:10E1200007D1FFE70098B0F85C104908FCF76CFADB
:10E1300003E00098FDF7A4F9FFE702B080BD0000FE
:10E1400080B584B003900398806B02900398C069F7
:10E15000B0F5807F2BD0FFE702990020A1F8560090
:10E16000FFE7FFE70298006850E8020F20F0800008
:10E170000190FFE701990298026842E80210002826
:10E18000F0D1FFE7FFE7FFE7FFE70298006850E8FC
:10E19000000F40F040000090FFE7009902980268ED
:10E1A00042E800100028F0D1FFE7FFE703E0029803
:10E1B000FDF7EEF9FFE704B080BD000000000000AD
:10E1C00080B582B001900198806B00900098FDF7B7
:10E1D000E3F902B080BD000084B00390FFE7FFE7E1
:10E1E0000398006850E8000F20F490700290FFE759
:10E1F00002990398026842E800100028F0D1FFE776
:10E20000FFE7FFE7FFE70398006850E8020F4FF6CB
:10E21000FE71CEF6FF7108400190FFE70199039867
:10E22000026842E802100028EDD1FFE7FFE70398FB
:10E23000C06E012814D1FFE7FFE7FFE703980068ED
:10E2400050E8000F20F010000090FFE700990398BD
:10E25000026842E800100028F0D1FFE7FFE7FFE77F
:10E2600003992020C1F88C0003990020C866039907
:10E27000486704B07047000080B582B00190FFE7A6
:10E28000FFE70198006850E8000F20F04000009080
:10E29000FFE700990198026842E800100028F0D1D9
:10E2A000FFE7FFE701992020C1F8880001990020CD
:10E2B00088670198FDF76CF902B080BD000000008E
:10E2C00083B00290FFE7FFE70298006850E8000F74
:10E2D00020F0C0000190FFE701990298026842E82F
:10E2E00000100028F0D1FFE7FFE7FFE7FFE7029803
:10E2F000006850E8020F20F400000090FFE700994A
:10E300000298026842E802100028F0D1FFE7FFE718
:10E3100002992020C1F8880003B070470000000077
:10E3200080B59EB01D9000208DF867001D98006894
:10E3300040F60041C5F60001884201D1FFE700E048
:10E34000FFE71D9988680B694A69C969184310433A
:10E3500008431C901D980068006846F6F311CCF63F
:10E36000FF7108401C9908431D99096808601D98B1
:10E370000068406820F440501D9A1168D26810432C
:10E3800048601D9880691C901D98006840F6004107
:10E39000C5F60001884206D0FFE71D98016A1C9867
:10E3A00008431C90FFE71D98006880684FF2FF410A
:10E3B000C1F2FF1108401C9908431D990968886043
:10E3C0001D980068C06A20F00F001D9A1168526AFB
:10E3D0001043C862FFE71D98006841F20001C4F2D3
:10E3E0000101884240F04180FFE744F25440C5F605
:10E3F0000200006800F038000146109128282FD84C
:10E400001099DFE801F0152D2D2D2D2D2D2D192D15
:10E410002D2D2D2D2D2D1D2D2D2D2D2D2D2D212D48
:10E420002D2D2D2D2D2D252D2D2D2D2D2D2D290055
:10E4300001208DF86D0017E004208DF86D0013E0C9
:10E4400008208DF86D000FE010208DF86D000BE0B6
:10E4500020208DF86D0007E040208DF86D0003E06E
:10E4600080208DF86D00FFE76CE21D98006844F293
:10E470000041C4F2000188422ED1FFE744F254402B
:10E48000C5F60200006800F0070001460F9105285C
:10E490001DD80F99DFE801F003070B0F13170020B9
:10E4A0008DF86D0017E004208DF86D0013E0082052
:10E4B0008DF86D000FE010208DF86D000BE020202E
:10E4C0008DF86D0007E040208DF86D0003E080209E
:10E4D0008DF86D00FFE734E21D98006844F60001F6
:10E4E000C4F2000188422ED1FFE744F25440C5F641
:10E4F0000200006800F0070001460E9105281DD8B3
:10E500000E99DFE801F003070B0F131700208DF8B9
:10E510006D0017E004208DF86D0013E008208DF8E1
:10E520006D000FE010208DF86D000BE020208DF8BD
:10E530006D0007E040208DF86D0003E080208DF82D
:10E540006D00FFE7FCE11D98006844F60041C4F24D
:10E55000000188422ED1FFE744F25440C5F6020084
:10E56000006800F0070001460D9105281DD80D999F
:10E57000DFE801F003070B0F131700208DF86D0083
:10E5800017E004208DF86D0013E008208DF86D0071
:10E590000FE010208DF86D000BE020208DF86D004D
:10E5A00007E040208DF86D0003E080208DF86D00BD
:10E5B000FFE7C4E11D98006845F20001C4F20001C4
:10E5C00088422ED1FFE744F25440C5F602000068AD
:10E5D00000F0070001460C9105281DD80C99DFE8D2
:10E5E00001F003070B0F131700208DF86D0017E0E3
:10E5F00004208DF86D0013E008208DF86D000FE009
:10E6000010208DF86D000BE020208DF86D0007E0E4
:10E6100040208DF86D0003E080208DF86D00FFE74D
:10E620008CE11D98006841F20041C4F2010188426A
:10E6300040F04180FFE744F25440C5F60200006814
:10E6400000F0380001460B9128282FD80B99DFE8FD
:10E6500001F0152D2D2D2D2D2D2D192D2D2D2D2D7F
:10E660002D2D1D2D2D2D2D2D2D2D212D2D2D2D2DF6
:10E670002D2D252D2D2D2D2D2D2D290001208DF811
:10E680006D0017E004208DF86D0013E008208DF870
:10E690006D000FE010208DF86D000BE020208DF84C
:10E6A0006D0007E040208DF86D0003E080208DF8BC
:10E6B0006D00FFE741E11D98006847F60001C4F2D4
:10E6C000000188422ED1FFE744F25440C5F6020013
:10E6D000006800F0070001460A9105281DD80A9934
:10E6E000DFE801F003070B0F131700208DF86D0012
:10E6F00017E004208DF86D0013E008208DF86D0000
:10E700000FE010208DF86D000BE020208DF86D00DB
:10E7100007E040208DF86D0003E080208DF86D004B
:10E72000FFE709E11D98006847F60041C4F20001C7
:10E7300088422ED1FFE744F25440C5F6020000683B
:10E7400000F007000146099105281DD80999DFE866
:10E7500001F003070B0F131700208DF86D0017E071
:10E7600004208DF86D0013E008208DF86D000FE097
:10E7700010208DF86D000BE020208DF86D0007E073
:10E7800040208DF86D0003E080208DF86D00FFE7DC
:10E79000D1E01D98006841F60001C4F201018842F1
:10E7A00040F04180FFE744F25440C5F602000068A3
:10E7B00000F038000146089128282FD80899DFE892
:10E7C00001F0152D2D2D2D2D2D2D192D2D2D2D2D0E
:10E7D0002D2D1D2D2D2D2D2D2D2D212D2D2D2D2D85
:10E7E0002D2D252D2D2D2D2D2D2D290001208DF8A0
:10E7F0006D0017E004208DF86D0013E008208DF8FF
:10E800006D000FE010208DF86D000BE020208DF8DA
:10E810006D0007E040208DF86D0003E080208DF84A
:10E820006D00FFE786E01D98006841F60041C4F2E4
:10E830000101884240F04180FFE744F25440C5F6B0
:10E840000200006800F038000146079128282FD800
:10E850000799DFE801F0152D2D2D2D2D2D2D192DCA
:10E860002D2D2D2D2D2D1D2D2D2D2D2D2D2D212DF4
:10E870002D2D2D2D2D2D252D2D2D2D2D2D2D290001
:10E8800001208DF86D0017E004208DF86D0013E075
:10E8900008208DF86D000FE010208DF86D000BE062
:10E8A00020208DF86D0007E040208DF86D0003E01A
:10E8B00080208DF86D00FFE73BE01D98006840F672
:10E8C0000041C5F6000188422ED1FFE744F25840CE
:10E8D000C5F60200006800F0070001460691052811
:10E8E0001DD80699DFE801F003070B0F131702206C
:10E8F0008DF86D0017E004208DF86D0013E00820FE
:10E900008DF86D000FE010208DF86D000BE02020D9
:10E910008DF86D0007E040208DF86D0003E0802049
:10E920008DF86D00FFE703E080208DF86D00FFE7B4
:10E93000FFE7FFE7FFE7FFE7FFE7FFE7FFE7FFE7A7
:10E94000FFE7FFE7FFE71D98006840F60041C5F6C6
:10E950000001884240F0B480FFE79DF86D00014659
:10E960000591022814D0FFE70598042814D0FFE78A
:10E970000598082816D0FFE70598102818D0FFE75B
:10E980000598202835D0FFE70598402837D03AE091
:10E99000F8F79EF811903CE015A8F8F7ADF8169836
:10E9A000119036E012A8F8F7FFF91398119030E0B3
:10E9B00044F20040C5F60200006800F0200100208B
:10E9C000B0EB511F0ED0FFE744F20040C5F6020045
:10E9D0000068C0F3C10149F20000C0F2D030C84065
:10E9E000119005E049F20000C0F2D0301190FFE72D
:10E9F0000FE040F60010C0F23D00119009E04FF426
:10EA00000040119005E00020119001208DF8670072
:10EA1000FFE71198002852D0FFE711981D994A6A24
:10EA200047F69071C0F6010131F81210B0FBF1F019
:10EA3000189018981D99496801EB4101884207D345
:10EA4000FFE718981D994968B0EB013F04D9FFE72B
:10EA500001208DF8670031E011981D994A680392F2
:10EA60004A6A47F69071C0F6010131F8122000237E
:10EA700004931946F1F7E5FC039A049B090241EA65
:10EA80001061000210EB520041F10001F1F7D9FCD6
:10EA90001A901A98B0F5407F0BD3FFE71A9900201F
:10EAA000B0EB115F05D1FFE71A981D990968C8609E
:10EAB00003E001208DF86700FFE7FFE7FFE746E18D
:10EAC0001D98C069B0F5004F40F0A880FFE79DF8A1
:10EAD0006D0001460291402800F263800299DFE850
:10EAE00001F021256060296060602F6060606060D7
:10EAF0006060356060606060606060606060606041
:10EB0000606056606060606060606060606060600F
:10EB100060606060606060606060606060606060F5
:10EB200060605C00F9F74CFD119040E0F9F75CFD86
:10EB300011903CE015A8F7F7DFFF1698119036E02A
:10EB400012A8F8F731F91398119030E044F2004020
:10EB5000C5F60200006800F020010020B0EB511F54
:10EB60000ED0FFE744F20040C5F602000068C0F393
:10EB7000C10149F20000C0F2D030C840119005E058
:10EB800049F20000C0F2D0301190FFE70FE040F6EC
:10EB90000010C0F23D00119009E04FF400401190C8
:10EBA00005E00020119001208DF86700FFE7119823
:10EBB00098B3FFE711981D9A5168536A47F690720F
:10EBC000C0F6010232F81320B0FBF2F0400000EB77
:10EBD0005100B0FBF1F01A901A98102818D3FFE7F3
:10EBE000BDF86A00A0B9FFE71A9820F00F00ADF851
:10EBF0006E001A9800F00E01BDF86E0040EA510058
:10EC0000ADF86E00BDF86E001D990968C86003E09C
:10EC100001208DF86700FFE7FFE797E09DF86D00A2
:10EC200001460191402800F263800199DFE801F07C
:10EC300021256060296060602F60606060606060B6
:10EC400035606060606060606060606060606060EF
:10EC500056606060606060606060606060606060BE
:10EC600060606060606060606060606060606060A4
:10EC70005C00F9F7A5FC119040E0F9F7B5FC1190A4
:10EC80003CE015A8F7F738FF1698119036E012A867
:10EC9000F8F78AF81398119030E044F20040C5F676
:10ECA0000200006800F020010020B0EB511F0ED0E0
:10ECB000FFE744F20040C5F602000068C0F3C1015E
:10ECC00049F20000C0F2D030C840119005E049F28E
:10ECD0000000C0F2D0301190FFE70FE040F60010C6
:10ECE000C0F23D00119009E04FF40040119005E0A2
:10ECF0000020119001208DF86700FFE7119820B3E4
:10ED0000FFE711981D9A5168536A47F69072C0F652
:10ED1000010232F81320B0FBF2F000EB5100B0FB1F
:10ED2000F1F01A901A9810280AD3FFE7BDF86A008C
:10ED300030B9FFE7BDF868001D990968C86003E0B5
:10ED400001208DF86700FFE7FFE7FFE7FFE71D9968
:10ED50000120A1F86A001D99A1F868001D99002002
:10ED600048671D9988679DF867001EB080BD000048
:10ED700080B588B006900591ADF8122005980699E7
:10ED80008865BDF812000699A1F85C00069900207C
:10ED9000C1F8900006992220C1F88C000698D0F89E
:10EDA0008000B0B3FFE70698D0F880104EF2110053
:10EDB000C0F60000C8630698D0F880104EF2091023
:10EDC000C0F6000008640698D0F880104DF69170E7
:10EDD000C0F60000C8640698D0F8801000200865CE
:10EDE00006980168826DD0F880002431BDF8123099
:10EDF000F5F7F6FD60B1FFE706991020C1F8900025
:10EE000006992020C1F88C0001208DF81F0042E0F7
:10EE1000FFE706980069A0B1FFE7FFE7FFE7069864
:10EE2000006850E8000F40F480700390FFE70399FA
:10EE30000698026842E800100028F0D1FFE7FFE7DB
:10EE4000FFE7FFE7FFE70698006850E8020F40F091
:10EE500001000290FFE702990698026842E802105A
:10EE60000028F0D1FFE7FFE7FFE7FFE7069800681B
:10EE700050E8020F40F040000190FFE7019906982A
:10EE8000026842E802100028F0D1FFE7FFE7002007
:10EE90008DF81F00FFE79DF81F0008B080BD00003F
:10EEA00080B586B0DDF820C0049003918DF80B206A
:10EEB0000193FFE704980068C06903990840401A6D
:10EEC000B0FA80F040099DF80B1088425ED1FFE750
:10EED00008980130002858D0FFE7F7F77DFC01992A
:10EEE000401A0899884203D8FFE7089820B9FFE73D
:10EEF00003208DF817004DE0049800680068400773
:10EF0000002841D5FFE704980068C06900F00801B7
:10EF10000120B0EBD10F16D1FFE70498016808205B
:10EF2000009008620498FFF757F900980499C1F817
:10EF30009000FFE70499002081F88400FFE701209A
:10EF40008DF8170026E004980068C06900F400619D
:10EF50000120B0EBD12F16D1FFE7049801684FF4E0
:10EF6000006008620498FFF737F904992020C1F87F
:10EF70009000FFE70499002081F88400FFE7032058
:10EF80008DF8170006E0FFE7FFE793E700208DF814
:10EF90001700FFE79DF8170006B080BD00000000D5
:10EFA00080B541F2F070C2F20040FBF715FC80BD65
:10EFB00080B541F68400C2F20040FBF70DFC80BD35
:10EFC00080B582B040F23050C2F200400190F03083
:10EFD00001F0AEF8019800F5347001F0A9F89FED4A
:10EFE000080AF2F73DFB019800F5F07001F0A0F877
:10EFF000019800F5707001F09BF802B080BD00BF71
:10F000006F12833A00000000FFE7FEE700000000F7
:10F0100080B58AB08DF827008DF826108DF8252050
:10F0200000208DF80C000290FFE70298072828DCEA
:10F03000FFE79DF82600029BD840C1076020002909
:10F04000024618BF78220DF10D01CB1ADA719DF836
:10F050002720029BDA40D207002A024618BF7822F6
:10F06000CB1ADA739DF82530029AD340DB07002BC8
:10F0700018BF7820891AC875FFE7029801300290FE
:10F08000D3E741F2D060C2F2004003A900224FF65C
:10F09000FF73FAF761FBFFE741F2D060C2F2004074
:10F0A00090F88100012801D0FFE7F5E741F2D06038
:10F0B000C2F200400DF10D0118224FF6FF73FAF76E
:10F0C0004BFB00200190FFE7019863280FDCFFE76E
:10F0D00041F2D060C2F2004003A901224FF6FF7353
:10F0E000FAF73AFBFFE7019801300190ECE70AB02C
:10F0F00080BD00000000000080B540F21C00C2F29C
:10F1000000400069804780BD80B504F0D5FA80BD1D
:10F1100088B0079006910020059004904FF0FF31D1
:10F12000039141F6B751C0F2C14102910190FFE74E
:10F130000198069988423ED2FFE74FF000400590C3
:10F140000798019950F82100049000200090FFE7F3
:10F1500000981F282AD8FFE79DF80F000006002816
:10F160000BD5FFE7039840000390039841F6B75191
:10F17000C0F2C1414840039003E00398400003906F
:10F18000FFE704980599084208D0FFE7039841F685
:10F19000B751C0F2C14148400390FFE705984008CD
:10F1A0000590FFE7009801300090D1E7FFE7019854
:10F1B00001300190BCE7039808B0704700000000E0
:10F1C00080B58AB009908DF823108DF822208DF833
:10F1D000213041F61A71C2F20041069104200880E4
:10F1E00041F61871C2F20041082008809DF8230002
:10F1F000099908739DF82200099948739DF8210028
:10F20000099988730999002008749DF82100F1F785
:10F21000E9F809994861099840699DF82110F1F7CA
:10F2200007FA069800889DF821104843F1F7DAF8AC
:10F230000699099A90610998806909889DF82120AA
:10F240005143F1F717FA069800889DF821104843BA
:10F25000F1F7C8F80699099AD0610998C069098838
:10F260009DF821205143F1F705FA069800889DF892
:10F2700023104843F1F7B6F80699099A10620998E5
:10F28000006A09889DF823205143F1F7F3F99DF8AE
:10F290002100F1F7A7F8099948620998406A9DF89A
:10F2A0002110F1F7C5F9069800889DF8231048430E
:10F2B000F1F798F80699099A10600998006809888A
:10F2C0009DF823205143F1F7D5F9069800889DF861
:10F2D00021104843F1F786F80699099A5060099879
:10F2E000406809889DF821205143F1F7C3F9069839
:10F2F00000889DF822104843F1F774F80699099A9E
:10F3000090600998806809889DF822205143F1F7A0
:10F31000B1F9069800889DF823104843F1F762F888
:10F320000699099AC2F8E8000998D0F8E800098817
:10F330009DF823205143F1F79DF9099A02F130001D
:10F34000117BD2F8E8300122079204F08EFA069879
:10F3500000889DF823104843F1F744F80699099A6C
:10F36000C2F8EC000998D0F8EC0009889DF8232039
:10F370005143F1F77FF9079A099B03F13800197B94
:10F38000D3F8EC3004F071FA9DF8220010B3FFE7D7
:10F3900041F61A70C2F20040059000889DF82210D4
:10F3A0004843F1F71FF80599099AC2F8F000099847
:10F3B000D0F8F00009889DF822205143F1F75AF95E
:10F3C000099A02F14000517BD2F8F030012204F09A
:10F3D0004CFAFFE741F61A70C2F200400490008830
:10F3E0009DF821104843F0F7FDFF0499099AC2F8EF
:10F3F000F4000998D0F8F40009889DF821205143C1
:10F40000F1F738F9099A02F14800917BD2F8F4300B
:10F41000012204F02AFA049800889DF8231048433A
:10F420004843F0F7DFFF0499099AC2F8F8000998F9
:10F43000D0F8F80009889DF8232051435143F1F793
:10F4400019F9099901F150000A7BD1F8F8301146F9
:10F4500004F00BFA049800889DF8231048434843B1
:10F46000F0F7C0FF0499099AC2F8FC000998D0F897
:10F47000FC0009889DF8232051435143F1F7FAF825
:10F48000099901F158000A7BD1F8FC30114604F0CB
:10F49000ECF9049800889DF8231048434843F0F79E
:10F4A000A1FF01460498099AC2F8001100889DF84E
:10F4B000231048434843F0F795FF0499099AC2F88E
:10F4C00004010998D0F8000109889DF823205143D0
:10F4D0005143F1F7CFF804990998D0F8040109884D
:10F4E0009DF8232051435143F1F7C4F8099901F1E4
:10F4F00060000A7BD1F80031114604F0B6F9099991
:10F5000001F168000A7BD1F80431114604F0ADF92D
:10F510009DF8220040B3FFE741F61A70C2F20040A6
:10F52000039000889DF8231048439DF8221048431B
:10F53000F0F758FF0399099AC2F808010998D0F822
:10F54000080109889DF8232051439DF8222051434A
:10F55000F1F790F8099B03F17000197B5A7BD3F8FF
:10F56000083104F082F9FFE741F61A70C2F2004058
:10F57000019000889DF8211048439DF823104843CE
:10F58000F0F730FF01460198099AC2F80C11008883
:10F590009DF8231048439DF821104843F0F722FFBF
:10F5A0000199099AC2F810010998D0F80C0109884C
:10F5B0009DF8212051439DF823205143F1F75AF83B
:10F5C00001990998D0F8100109889DF8232051432A
:10F5D0009DF821205143F1F74DF8099B03F1780084
:10F5E0001A7B997BD3F80C3104F03FF9099B03F1A6
:10F5F0008000197B9A7BD3F8103104F036F901981A
:10F6000000889DF8231048434843F0F7EBFE01992A
:10F61000099AC2F814010998D0F8140109889DF8D4
:10F62000232051435143F1F725F8099901F188004E
:10F630000A7BD1F81431114604F017F901980088BB
:10F640009DF8211048434843F0F7CCFE0199099AF0
:10F65000C2F818010998D0F8180109889DF82120EE
:10F6600051435143F1F706F8099901F190008A7B63
:10F67000D1F81831114604F0F8F8019800889DF887
:10F68000231048439DF821104843F0F7ABFE019941
:10F69000099AC2F81C010998D0F81C0109889DF844
:10F6A000232051439DF821205143F0F7E3FF099BAC
:10F6B00003F19800197B9A7BD3F81C3104F0D5F83C
:10F6C000019800880999097B48434843F0F78AFE6E
:10F6D00001460198099AC2F8201100880999097B0E
:10F6E00048434843F0F77EFE01460198099AC2F864
:10F6F000241100880999097B48434843F0F772FEBA
:10F7000001460198099AC2F8281100880999097BD5
:10F710004843F0F767FE01460198099AC2F82C1198
:10F7200000880999097B4843F0F75CFE0999C1F804
:10F730003001099901F1A0000A7BD1F8203111466E
:10F7400004F093F8099901F1A8000A7BD1F824315B
:10F75000114604F08AF8099901F1B0000A7BD1F84A
:10F760002831114604F081F8099A02F1B800117BA2
:10F77000D2F82C310122029204F077F8029A099B08
:10F7800003F1C000197BD3F8303104F06EF8099909
:10F79000002081F82800099981F82900099981F849
:10F7A0002A00099981F82B00099981F82C000AB0E8
:10F7B00080BD00000000000080B582B0019001987B
:10F7C00090F82A00002872D1FFE7019901F1780032
:10F7D000803104F0ADFA019981F8C8000199B1F8BF
:10F7E0007800A1F8A8000199B1F85A00A1F8AA0080
:10F7F000019A02F1780002F15801A83204F0A0F950
:10F80000019981F8C8000199B1F8A800A1F8B000E9
:10F810000199B1F88200A1F8B200019A02F1A800A2
:10F8200002F18001B03204F08BF9019981F8C8002F
:10F830000199B1F89000A1F8A0000199B1F89200E7
:10F84000A1F8A200019A02F1B00002F19001A032E9
:10F8500003F0ACFF019981F8C800019901F1A00003
:10F86000B03104F007F8019981F8C8000199B1F8A6
:10F870005800A1F8A8000199B1F88200A1F8AA00E7
:10F88000019A02F1580002F18001A83204F058F9FF
:10F89000019981F8C800019A02F1A80002F1B001B3
:10F8A000983204F04DF9019981F8C800FFE702B0E1
:10F8B00080BD00000000000080B584B00390039874
:10F8C00000F0CAF90398D0F8CC0028B1FFE70398FC
:10F8D000D0F8CC108847FFE7039800F0C9FA0398E6
:10F8E000D0F8D00028B1FFE70398D0F8D0108847AF
:10F8F000FFE7039800F07CFA0398D0F8D40028B111
:10F90000FFE70398D0F8D4108847FFE70398007CFE
:10F9100020B9FFE70398C07BF0B9FFE70398FFF732
:10F920004BFF0398D0F8D80028B1FFE70398D0F830
:10F93000D8108847FFE7039800F002FA0398D0F840
:10F94000DC0028B1FFE70398D0F8DC108847FFE718
:10F95000039800F0B5F91BE0039BD3F8E800D3F857
:10F96000EC1041F61A72C2F20042019212881B7B1F
:10F970005A43F0F723FE019A039BD3F8F800D3F81B
:10F98000FC1012881B7B5A435A43F0F717FEFFE71F
:10F990000398D0F8E00028B1FFE70398D0F8E01012
:10F9A0008847FFE700208DF80B00FFE79DF80B006C
:10F9B0000399097B88422CDAFFE70398D0F8F820F6
:10F9C0009DF80B10037B11FB031302EB830292EDF6
:10F9D000000A006A00EB810090ED001AB4EE410AC3
:10F9E000F1EE10FA0EDAFFE7039B186A9DF80B2080
:10F9F00050F82200D3F8F8101B7B12FB032241F8C9
:10FA00002200FFE7FFE79DF80B0001308DF80B00A7
:10FA1000CCE7039B1868D3F8E81041F61A72C2F2DB
:10FA2000004212881B7B5A43F0F7C8FD0398D0F8B8
:10FA3000E40028B1FFE70398D0F8E4108847FFE717
:10FA40000398006804B080BD83B0029001910092D9
:10FA5000009890ED002A90ED014A90ED026A90ED39
:10FA6000035AB6EE001AB0EE417AA6EE467AA5EE3B
:10FA7000457A029822EE050A94EE060AD0ED000AB5
:10FA8000D0ED011A90ED023A20EE210AA7EE200AED
:10FA900022EE062AA4EE052AA2EE030A30EE000AA0
:10FAA000019880ED000A009890ED002A90ED016A1F
:10FAB00090ED024A90ED035A22EE057AA6EE047A02
:10FAC0000298B0EE410AA6EE460AA5EE450AD0ED30
:10FAD000000AD0ED011A90ED023A20EE210AA7EEBD
:10FAE000200A22EE062A94EE052AA2EE030A30EE40
:10FAF000000A019880ED010A009890ED000A90ED4F
:10FB0000014A90ED023A90ED032A20EE035A94EE5A
:10FB1000025A029820EE040AA3EE020A90ED006A4F
:10FB200090ED017A90ED022A20EE070AA5EE060A72
:10FB3000A4EE441AA3EE431AA1EE020A30EE000A24
:10FB4000019880ED020A03B0704700000000000039
:10FB500083B0029001910092009890ED002A90ED00
:10FB6000014A90ED026A90ED035AB6EE001AB0EE2B
:10FB7000417AA6EE467AA5EE457A029822EE050A6B
:10FB8000A4EE060AD0ED000AD0ED011A90ED023A7B
:10FB900020EE210AA7EE200A22EE062A94EE052A7C
:10FBA000A2EE030A30EE000A019880ED000A0098E8
:10FBB00090ED002A90ED016A90ED024A90ED035A13
:10FBC00022EE057A96EE047A0298B0EE410AA6EE8D
:10FBD000460AA5EE450AD0ED000AD0ED011A90EDD7
:10FBE000023A20EE210AA7EE200A22EE062AA4EE0F
:10FBF000052AA2EE030A30EE000A019880ED010A00
:10FC0000009890ED000A90ED014A90ED023A90EDD7
:10FC1000032A20EE035AA4EE025A029820EE040AA8
:10FC200093EE020A90ED006A90ED017A90ED022ABF
:10FC300020EE070AA5EE060AA4EE441AA3EE431A24
:10FC4000A1EE020A30EE000A019880ED020A03B02C
:10FC5000704700000000000080B582B0019001985C
:10FC6000C07B20B1FFE7019800F062F916E0019B2C
:10FC7000D3F8F400596841F61A72C2F200420092B9
:10FC800012889B7B5A43F0F799FC0099019A5068BF
:10FC90000988927B5143F0F7EDFCFFE7019BD3F815
:10FCA000F000996841F61A72C2F2004212885B7B3A
:10FCB0005A43F0F783FC02B080BD00000000000052
:10FCC00080B582B00190019890F82C00B0BBFFE79E
:10FCD0000199B1F89800A1F8A8000199B1F87A004B
:10FCE000A1F8AA000199B1F8A800A1F8B000019903
:10FCF000B1F85A00A1F8B200019A02F1980002F19D
:10FD00007801A83203F01CFF019981F8C800019A1C
:10FD100002F1A80002F15801B03203F011FF01997D
:10FD200081F8C800019A02F1580002F1B001503286
:10FD300003F09EFF019981F8C800FFE702B080BD83
:10FD400080B582B00190019890F82B0000284BD12B
:10FD5000FFE70199B1F87800A1F8B80001990120F6
:10FD60000090A1F8BA00019A02F1780002F138017E
:10FD7000B83203F0E5FE01460098019A82F8C810F7
:10FD8000019AB2F84810A2F8C0100199A1F8C20077
:10FD9000019A02F1480002F1B801C03203F068FF95
:10FDA00001460098019A82F8C810019AB2F898109A
:10FDB000A2F8B8100199A1F8BA00019A02F19800CE
:10FDC00002F1C001B83203F0BBFE019981F8C8000E
:10FDD000019A02F1380002F1B801303203F0E6FC7A
:10FDE000019981F8C800FFE702B080BD0000000063
:10FDF00080B582B00190019890F82900A8BBFFE778
:10FE0000019901F16000683103F092FF019981F8D6
:10FE1000C800019A02F1600002F15001583203F06B
:10FE20008FFE019981F8C8000199B1F85800A1F836
:10FE3000A8000199B1F86A00A1F8AA00019A02F19C
:10FE4000580002F16801A83203F07AFE019981F8A6
:10FE5000C800019A02F1A80002F18801583203F0AB
:10FE6000A5FC019981F8C800FFE702B080BD000041
:10FE700080B582B00190019890F82800002846D102
:10FE8000FFE70198407B012834DBFFE70199087BFD
:10FE9000A1F8B800019901200090A1F8BA00019AD8
:10FEA00002F1600002F13001B83203F049FE014670
:10FEB0000098019A82F8C810019A117BA2F8C0102C
:10FEC0000199A1F8C200019A02F1700002F140010B
:10FED000C03203F035FE019981F8C800019A02F1A1
:10FEE000B80002F1C001383203F060FC019981F8DA
:10FEF000C8000BE0019A02F1600002F130013832D3
:10FF000003F01EFE019981F8C800FFE7FFE702B089
:10FF100080BD00000000000081B08DED000A9DED65
:10FF2000000AB0EEC00A01B07047000000000000F7
:10FF300080B584B003900399002001900874039B5E
:10FF4000D3F8F400596841F61A72C2F200420092E6
:10FF500012889B7B5A43F0F731FB0099039A506853
:10FF60000988927B5143F0F785FB0099039AD2F8F8
:10FF700018010988927B51435143F0F77BFB0099AC
:10FF8000039AD2F80C010988137B927B59435143A1
:10FF9000F0F770FB01988DF80B00FFE79DF80B0060
:10FFA0000399897B884243DAFFE70398D0F8F4008D
:10FFB0009DF80B1000EB810090ED000AB5EE400AB1
:10FFC000F1EE10FA2DD0FFE7039AD2F8F4109DF865
:10FFD0000B0051F82000127C41F822009DF80B0024
:10FFE000039A516A127C8854DDF80CC0DCF81800C2
:10FFF0009DF80BE050F82E00DCF80C119CF80C205A
:020000040801F1
:100000009CF81030DCF814C01CF80EC012FB03C2C0
:1000100001EB820141F8040C0399087C013008745B
:10002000FFE7FFE79DF80B0001308DF80B00B5E707
:1000300000208DF80A00FFE79DF80A000399097C6B
:10004000884216DAFFE7039BD869596A9DF80A20AF
:10005000895C50F82100D3F818111B7C12FB032295
:1000600041F82200FFE79DF80A0001308DF80A00F0
:10007000E2E70399087CA1F878000399087BA1F8CE
:100080007A000399087BA1F880000399087CA1F805
:1000900082000399087CA1F890000399087CA1F8DC
:1000A00092000399087BA1F898000399087CA1F8B5
:1000B0009A000399087CA1F8480004B080BD0000B4
:1000C00080B582B001900198009001F0F9FA009893
:1000D00002B080BD0000000081B000900098FF21B8
:1000E00041700021817001B07047000000000000E5
:1000F00086B005908DED040ACDED030A8DED021A50
:10010000CDED011A8DED002A059991F8DC000886E5
:1001100091F8DD0048860498C86303984863029804
:100120008863019808640098486406B0704700002E
:1001300080B584B003900398009000F0F5F8009922
:10014000D1F8D8002222FBF79FF90099D1F8D80006
:10015000503101914E22FBF73FF90198029002982D
:100160000078FE280BD1FFE702984078EE2806D1F0
:10017000FFE7009800F1500100F032F8FFE704B00B
:1001800080BD00000000000084B0039002918DF853
:1001900007208DF806308DED000A03990298C1F80A
:1001A000D8009DF8070081F8DC009DF8060081F872
:1001B000DD000098C1F8E80004B0704700000000BE
:1001C00081B00090009890ED300A9FED031A20EE68
:1001D000010A01B0704700BF9A9911410000000068
:1001E00080B584B00390029103980090D0F89A00F3
:1001F000019002981221FEF78BFF01460198884278
:1002000054D1FFE7009890F8521080F8B41090F89D
:10021000541080F8B51090F95610C0F8B81090F846
:10022000571080F8BC10B0F95E1000EE101AB8EE4E
:10023000C00A9FED251A80EE011A90ED310A9FED5C
:10024000232A20EE020A9FED222AA1EE020A80ED67
:10025000310AB0F95C1000EE101AB8EEC00A9FED3A
:100260001D1A80EE010AB7EEC01A90ED300AB7EE03
:10027000C00A9FED112B20EE020B9FED112BA1EE7A
:10028000020BB7EEC00B80ED300AD0F86E1000EE16
:10029000101AB8EEC00A9FED101A20EE010A9FED69
:1002A0000F1A80EE010A80ED320AFFE7002004B049
:1002B00080BD00BF00BF00BF9A9999999999A93F45
:1002C000666666666666EE3F00000043CDCC4C3D38
:1002D0003333733F00008043F90FC940000080466C
:1002E00081B00090009890ED320A90ED3A1A30EE0D
:1002F000410A9FED031A80EE010A01B0704700BF6A
:100300009A9911410000000081B00090009890ED92
:10031000310A9FED031A80EE010A01B0704700BF59
:100320009A9911410000000080B582B001900198B7
:100330000090FE210170EE21417090F83010817024
:1003400090F832100171FF21417190ED0F0A9FED7D
:10035000201A80EE010A9FED1F1A20EE010ABDEE61
:10036000C00A80ED040A90ED0D0A9FED1B1A20EEE5
:10037000010ABDEEC00A10EE101A818190ED0E0A3E
:100380009FED161A20EE010ABDEEC00A10EE101AFB
:10039000C18190ED100A9FED121A20EE010ABDEE08
:1003A000C00A10EE101A818290ED110A9FED0D1A0D
:1003B00020EE010ABDEEC00A10EE101AC18207211C
:1003C000FEF7A6FE0099C1F81E00002002B080BD15
:1003D000F90FC94000008046000080430000004340
:1003E000000000450000804480B584B003908DED8E
:1003F000020A039801909DED020AF3EE0E0A03F043
:1004000083F801989FED071AC0EE010ADFED061A86
:10041000B0EE0C2AB0EE610AB0EE611AFFF768FE8A
:1004200004B080BD9A991141000000000000000056
:1004300080B582B0019001980090FFF741FE0098CE
:1004400002B080BD0000000080B582B0019001982C
:10045000009000F065FD009800F01EFC009800F090
:100460008FFF009800F034FB009800F0D5F9009859
:1004700090F8580DC00720B1FFE7009800F02CFA63
:1004800003E0009800F00CF8FFE7009800F020FD72
:10049000009800F0ADF802B080BD00000000000040
:1004A00080B58CB00B900B98089000F531610691E7
:1004B00000F596600A9003F01FF8069801F01CFF03
:1004C000089800F68831079100F2945003F014F870
:1004D000079801F011FF089800F6784009909FED09
:1004E000400A02F0F1F8099840F22011C2F20041EE
:1004F00091ED1B0A9FED3B1A20EE010A01F0FCFE74
:100500000A9802F05DFAB2EE0E1AB4EE410AF1EE6C
:1005100010FA2BDAFFE7089800F2945002F050FA34
:10052000B2EE0E1AB4EE410AF1EE10FA1EDAFFE74F
:10053000089800F5316002F0D3F808989FED2A1A68
:100540008DED051A30EE010A00F54F6181ED000ACC
:1005500000F6883002F0C4F89DED051A089830EED8
:10056000010A00F6F44080ED000A36E0089800F534
:10057000316002F0B5F808989FED1B1A8DED021A54
:1005800030EE010A8DED010A00F67840039002F08A
:10059000A7F80898B0EE401A9DED010A30EE010A66
:1005A00000F54F6181ED000A00F6883002F098F8FE
:1005B0009DED021A039830EE010A8DED040A02F057
:1005C0008FF80898B0EE401A9DED040A30EE410A0B
:1005D00000F6F44080ED000AFFE70CB080BD00BFDC
:1005E0000000000035FA8E3CCBA1694200000000FB
:1005F00080B582B0019001980090F030FFF770FE56
:10060000B7EEC00A9FED3C1BB4EE410BF1EE10FAC1
:1006100069DAFFE70098F030FFF762FEB7EEC00A34
:100620009FED371BB4EE410BF1EE10FA5BDDFFE7F7
:10063000009800F5F070FFF753FEB7EEC00A9FED8B
:10064000321BB4EE410BF1EE10FA4CDAFFE70098E2
:1006500000F5F070FFF744FEB7EEC00A9FED2C1BCB
:10066000B4EE410BF1EE10FA3DDDFFE7009800F526
:100670003470FFF735FEB7EEC00A9FED231BB4EED2
:10068000410BF1EE10FA2EDAFFE7009800F5347016
:10069000FFF726FEB7EEC00A9FED1D1BB4EE410B1F
:1006A000F1EE10FA1FDDFFE7009800F57070FFF71C
:1006B00017FEB7EEC00A9FED101BB4EE410BF1EE32
:1006C00010FA10DAFFE7009800F57070FFF708FEE7
:1006D000B7EEC00A9FED0A1BB4EE410BF1EE10FA23
:1006E00001DDFFE703E0009800F08AFFFFE702B0BA
:1006F00080BD00BF00BF00BF333333333333FB3F14
:10070000333333333333C3BF333333333333C33F01
:10071000333333333333FBBF80B598B0179017981A
:10072000029000F5CF600022019202231946FEF7E5
:1007300047FD019A02984FF07E51169115924DF2A5
:100740000A73C3F6A333149313910023C4F2FA433C
:100750001293119210924FF083430F934DF20A734C
:10076000C3F623430E930D920C920023C4F2484328
:100770000B9345F20003C4F2C3730A9309920892E3
:1007800007930691059204920391D0F87827139964
:10079000149BDDF854C0DDF858E0C2F80CE0C2F854
:1007A00008C053601160D0F88C270F99109BDDF8BA
:1007B00044C0DDF848E0C2F80CE0C2F808C053605D
:1007C0001160D0F890270B990C9BDDF834C0DDF850
:1007D00038E0C2F80CE0C2F808C053601160D0F8ED
:1007E00070270799089BDDF824C0DDF828E0C2F8DF
:1007F0000CE0C2F808C053601160D0F88417039869
:10080000049A059BDDF818C0C1F80CC08B604A60E3
:10081000086018B080BD000080B588B007900798C8
:10082000059000F61420029000F072FF02980599DE
:1008300001F6FC4181ED000A00F072FF059800F519
:10084000506181ED000A00F5406004909FED210A9F
:1008500001F03AFF059800F5966002F0C9F8059896
:100860008DED010A00F2945002F0C2F80498B0EE47
:10087000401A9DED010A30EE410A01F03DFD049859
:1008800001F02EFF029800F027FF04988DED030A77
:1008900001F0DEFF02980599B0EE401A9DED030AC3
:1008A00030EE010A01F6045181ED000A00F01CFF50
:1008B00004988DED060A01F0CBFF0598B0EE401AC2
:1008C0009DED060A30EE410A00F6085080ED000A60
:1008D00008B080BD0000000080B582B00190019892
:1008E000009090F8580DC007B8B1FFE7009890F855
:1008F000590DC00788B9FFE7F5F76EFF014600986C
:1009000000EE101AB8EE400A9FED4E1A80EE010A72
:1009100000F6485080ED000AFFE7F5F75DFF01465D
:10092000009800EE101AB8EE400A9FED461A80EECD
:10093000010A00F64C5181ED000A91ED000A00F623
:10094000485090ED001A30EE410A02F021FE9FED72
:100950003E1AB4EE410AF1EE10FA09DCFFE7009905
:100960000020C4F2F020C1F8F00CC1F8F40CFFE74D
:10097000F5F732FF0146009800EE101AB8EE400A73
:100980009FED301A80EE010A00F64C5181ED000A0D
:1009900091ED000A00F6485090ED001A30EE410A41
:1009A0009FED2A1A30EE010A9FED291AB4EE410A92
:1009B000F1EE10FA21DCFFE7009800F64C5191EDC2
:1009C000000A00F6485090ED001A30EE410A9FED03
:1009D0001E1AB4EE410AF1EE10FA0EDDFFE700999F
:1009E0000020CCF2C820C1F8F00CC1F8F40C0020B3
:1009F000C1F8FC0CC1F8000DFFE7009800F64C515F
:100A000091ED000A00F6485090ED001A30EE410AD0
:100A10009FED0E1A30EE010A9FED0D1AB4EE410A59
:100A2000F1EE10FA05DDFFE70099002081F8580D7E
:100A3000FFE7009991F8580D00F0010081F8590D79
:100A400002B080BD00007A44CDCCCC3DCDCCCCBD35
:100A50009A99193E0000000081B00090009940F280
:100A60000C50C2F20040B0F9042000EE102AB8EE9B
:100A7000C00B9FED131B80EE010BB7EEC00B30EEE9
:100A8000000A01F6145282ED000AB0F9060000EEE9
:100A9000100AB8EEC00B9FED0C1B80EE010BB7EEF9
:100AA000C00BB1EE001A20EE010A01F5516080ED95
:100AB000000A0020C1F8180DC1F80C0D01B07047F4
:100AC0000000000000A084400000000000A094404E
:100AD00080B594B013901399129101F614201190DF
:100AE00001F6145191ED000A01F0FAFB11981299E8
:100AF00001F6185191ED000A01F0E6FB11981299E8
:100B000001F60C5191ED000A00F0F6FD11981299D2
:100B100001F5516191ED000A00F00AFE129800F60D
:100B20001C5090ED000A02F033FD9FED591AB4EE0F
:100B3000410AF1EE10FA10DAFFE7129800F61C51A4
:100B400091ED000A00F65C5191ED001A20EE010AC9
:100B500000F5526080ED000AFFE7129800F62C5075
:100B600090ED000A02F014FD9FED491AB4EE410A1F
:100B7000F1EE10FA10DAFFE7129800F62C5191ED21
:100B8000000A00F65C5191ED001A20EE010A00F611
:100B9000285080ED000AFFE7129800F6142110910A
:100BA00000F5526191ED000A8DED0F0A00F61C511F
:100BB00091ED000A8DED030A00F6285191ED000A2F
:100BC0008DED040A40F22011C2F20041009191ED36
:100BD000060A8DED050A00F59660019002F09CFA78
:100BE00001988DED060A01F05BFE12988DED070A63
:100BF00000F29450029002F08FFA02988DED080AEC
:100C000001F04EFE009901988DED090A91ED040A5C
:100C10008DED0B0A91ED1C0A9FED1E1A20EE010AC4
:100C20008DED0A0A02F068FC01988DED0C0A01F0C6
:100C3000C7FE02988DED0D0A02F05EFC02988DED64
:100C40000E0A01F0BDFEDDED030A9DED041ADDED97
:100C5000051A9DED062ADDED072A9DED083ADDED2A
:100C6000093A9DED0A4ADDED0B4A9DED0C5ADDED8A
:100C70000D5A9DED0E6A1098F0EE406A9DED0F0A38
:100C800001F0E2FA109800F05FFD14B080BD00BFE3
:100C9000CDCCCC3D35FA8E3C80B596B015901598EC
:100CA0000A9000F59660139040F22011C2F20041C4
:100CB0000091D1ED0F0A91ED1C0A9FED561A8DEDB2
:100CC000011A20EE010A01F0FBFD00999DED011AC9
:100CD0000A9800F294501490D1ED0F0A91ED1C0A7D
:100CE00020EE010A01F0ECFD0A9800F5F070029088
:100CF000FFF7F6FA02989FED481A8DED091A30EECB
:100D0000010A8DED080AFFF7FFFA0A988DED040A33
:100D1000F0300390FFF7E4FA03989FED401A8DED51
:100D20000B1A30EE010A8DED050AFFF7EDFA029875
:100D30008DED060AFFF744FA03988DED070AFFF7D9
:100D40003FFADDED040A9DED051ADDED061A9DED75
:100D5000072A1398F0EE402A9DED080A01F080FD65
:100D60000A9800F570700C90FFF7BAFA0C98B0EE84
:100D7000401A9DED090A30EE410A8DED120AFFF787
:100D8000C3FA0A98B1EE400A8DED0E0A00F53470F0
:100D90000D90FFF7A5FA0D98B0EE401A9DED0B0AE5
:100DA00030EE410A8DED0F0AFFF7AEFA0C98B1EE66
:100DB000400A8DED100AFFF703FA0D98B1EE400AD4
:100DC0008DED110AFFF7FCF9DDED0E0A9DED0F1A0E
:100DD000DDED101A9DED112A1498B0EE403A9DED0C
:100DE000120AF1EE432A01F03BFD139801F008FED0
:100DF000149801F005FE139802F096F9149802F089
:100E000093F9139801F074FD149801F071FD16B078
:100E100080BD00BF35FA8E3CE09C7940EE5A42BF5F
:100E200080B588B007900798039000F531609FED7A
:100E3000220A8DED010ADFED210ACDED040AB2EEA2
:100E4000041A8DED051ADFED1E1ACDED021A9FED85
:100E50001D2A8DED062A01F01BFC9DED010ADDED3A
:100E6000021A0398DDED040A9DED051A9DED062A90
:100E700000F6883001F00CFC0398DDED040ADDED8E
:100E8000051A9DED062A00F54060B2EE000AB6EEA6
:100E9000001A01F0FDFB0398DDED040A9DED051A33
:100EA0009DED062A00F678409FED070ADFED071A50
:100EB00001F0EEFB08B080BD00009643000000008A
:100EC000000048436F12833A0000FA430000A0423A
:100ED00080B584B003900399009101F5966001906C
:100EE00001F54F6292ED000A01F60451D1ED000ABE
:100EF00001F06EFD009901F29450029001F6F44267
:100F000092ED000A01F60851D1ED000A01F060FDF2
:100F1000019802F0DDF8029802F0DAF804B080BD22
:100F200080B582B001900198009000F55560F0F70F
:100F3000C3FB009800F65C5181ED000A00F0DCF97B
:100F4000009800F069F80098FFF786FD009890F887
:100F5000640D78B9FFE740F20C50C2F20040C07B4C
:100F6000012807D1FFE70099012081F8580D81F889
:100F7000640DFFE702B080BD80B588B00790079888
:100F8000049040F21C00C2F200400190406880478B
:100F900001980068804740F23C00C2F20040C068FF
:100FA00080470498F03041F2F071C2F200410291A2
:100FB000022203920A2306939FED130AFFF7E4F837
:100FC00002990498069B00F5F07001229FED0F0A2C
:100FD000FFF7DAF8039A0498069B00F5347041F69F
:100FE0008401C2F2004105919FED090AFFF7CCF898
:100FF00004980599069B00F5707000229FED050A84
:10100000FFF7C2F808B080BDA2450240DD24984039
:10101000000080BD8CB9854080B584B0039040F25B
:101020000C50C2F20040807B012840F0A180FFE715
:1010300040F29820C2F20040012180F8271040F2CF
:101040000C52C2F20042B2F90A1000EE101AB8EEC9
:10105000C01B40F20051C2F2004191ED000AB7EE10
:10106000C00A9FED9B2BA1EE020BB7EEC00B81EDEA
:10107000000AB2F90C2000EE102AB8EEC00A91ED79
:10108000001A30EE010A40F2B031C2F2004191ED97
:101090000C1A9FED972A81EE022A9FED911AA2EE7B
:1010A000010A80ED050A90ED050AB4EE410AF1EE61
:1010B00010FA0DDDFFE740F29820C2F2004090EDFB
:1010C000050A9FED881A30EE010A80ED050A19E045
:1010D00040F29820C2F2004090ED050AB5EE400AB9
:1010E000F1EE10FA0DDAFFE740F29820C2F200406C
:1010F00090ED050A9FED7A1A30EE010A80ED050A9F
:10110000FFE7FFE740F29820C2F2004090ED050AA9
:10111000008801EE100AB8EEC11A30EE410A8DEDDA
:10112000020A9DED020A9FED701AB4EE410AF1EE3B
:1011300010FA09DAFFE79DED020A9FED691A30EE19
:10114000010A8DED020AFFE79DED020A9FED671A85
:10115000B4EE410AF1EE10FA09DDFFE79DED020A57
:101160009FED601A30EE010A8DED020AFFE7ABE059
:1011700040F20C50C2F20040807B002840F0A38077
:10118000FFE740F29820C2F20040002180F82710CB
:1011900040F20C51C2F20041B1F90A1000EE101AEF
:1011A000B8EEC00A9FED4C2A9FED4C1AA0EE021A31
:1011B00090ED050A30EE010A80ED050A90ED050A72
:1011C0009FED471AB4EE410AF1EE10FA0DDDFFE78C
:1011D00040F29820C2F2004090ED050A9FED411ABE
:1011E00030EE010A80ED050A19E040F29820C2F2C3
:1011F000004090ED050AB5EE400AF1EE10FA0DDA66
:10120000FFE740F29820C2F2004090ED050A9FED02
:10121000341A30EE010A80ED050AFFE7FFE740F2DD
:101220009820C2F2004090ED050A008801EE100AF5
:10123000B8EEC11A30EE410A8DED010A9DED010AAA
:101240009FED291AB4EE410AF1EE10FA09DAFFE730
:101250009DED010A9FED221A30EE010A8DED010A83
:10126000FFE79DED010A9FED211AB4EE410AF1EE70
:1012700010FA09DDFFE79DED010A9FED1A1A30EE25
:10128000010A8DED010AFFE7DDED010A40F2982029
:10129000C2F20040009028309FED100AFBF75CF985
:1012A000009880ED040A90ED010AD0ED040AB8EE32
:1012B000C00A7830FBF750F90099BDEEC00A10EE75
:1012C000100A0884FFE7FFE704B080BD00BF00BF3D
:1012D000FA7E6ABC749378BFA69BC4BB0000000072
:1012E00000000046000000C6000080C500008045E8
:1012F0000000B4430000000080B584B00390039860
:10130000019040F20C51C2F20041B1F9081000EE18
:10131000101AB8EEC00B9FED141B80EE010B9FED71
:10132000141B20EE010BB7EEC00BB7EEC00A9FED09
:10133000121B30EE010BB7EEC00B00F553610291AA
:1013400081ED000A00F5316091ED000A01F0BCF971
:101350000198029900F6883091ED000A01F0B4F985
:1013600004B080BD00BF00BF0000000000A08440AA
:10137000B81E85EB51B8AE3F7B14AE47E17AC43F4F
:1013800080B59CB01B901B98189040F2A811C2F237
:101390000041029191ED040A9FED971A8DED031A19
:1013A00080EE010A30EE000AB7EEC00A8DED000BA8
:1013B00000F59660199001F093FA9DED002B0299CB
:1013C0009DED031A1898B7EEC00A9FED893B8DED8D
:1013D000043BA2EE030B40F22012C2F2004209923B
:1013E00092ED042AB7EEC22A30EE420BB7EEC00BE4
:1013F00000F554620A9282ED000A91ED200AB1EEE6
:10140000400A80EE010A30EE000AB7EEC00A8DED08
:10141000060B00F29450159001F062FA9DED042B3A
:101420009DED061B099B0A99189A1998B7EEC00AF8
:10143000A1EE020B93ED041AB7EEC11A30EE410B88
:10144000B7EEC00B02F644520F9282ED000A91ED06
:10145000000A8DED0C0A02F04FF819988DED0B0A79
:1014600001F01EFA1998B0EE401A9DED0B0A20EE1D
:10147000010A8DED0D0A01F04FFE02F04FF99DEDCE
:101480000C1A1998B0EE402A9DED0D0A20EE020AC2
:101490009FED5A2A8DED122AA1EE020A8DED100A57
:1014A00001F006FA19988DED0E0A01F035FE02F0F2
:1014B00099FC9DED0E1A0F991598189AB0EE402AD6
:1014C0009DED100AA1EE020A02F63852179282ED43
:1014D000000A91ED000A8DED130A02F00DF815983F
:1014E0008DED110A01F0DCF91998B0EE401A9DED6E
:1014F000110A20EE010A8DED140A01F00DFE02F032
:101500000DF99DED122A9DED131A1598B0EE403A93
:101510009DED140A20EE030AA1EE020A8DED1A0ACF
:1015200001F0C6F915988DED160A01F0F5FD02F0EF
:1015300059FC9DED161A179B18991998B0EE402A80
:101540009DED1A0AA1EE020A01F63C5282ED000A54
:1015500093ED000A92ED001A30EE010AB0EE001A87
:1015600080EE010A01F6345181ED000A01F028FAFB
:10157000B3EE041AB4EE410AF1EE10FA12DAFFE704
:10158000189800F2945001F01BFAB3EE041AB4EE6E
:10159000410AF1EE10FA05DAFFE718990020C1F8C8
:1015A000340DFFE7189AD2F8341D02F5CF60D2F857
:1015B0007C36196040F22011C2F20041896BD2F8EA
:1015C0007C365960D2F85C1DD2F878275160FEF75E
:1015D00073F91899D1F860070068C1F81C0DD1F8AB
:1015E00060074068C1F8240D1CB080BD00BF00BF7B
:1015F0006E861BF0F921094000007042355EBA3D4D
:1016000080B586B0059005980190F0309FED180ADE
:101610008DED020AFEF7E8FE01989DED020A00F545
:101620003470FEF7E1FE01989DED020A00F5F070BE
:10163000FEF7DAFE01989DED020A00F57070FEF7E4
:10164000D3FE40F2A811C2F20041039100200490A1
:10165000C860C86740F21C00C2F20040C069804701
:10166000039904980883A1F8880006B080BD00BFE4
:10167000000000000000000080B582B001900198D9
:101680000090FEF7D5FE0098F030FEF7D1FE0098EE
:1016900000F5F070FEF7CCFE009800F53470FEF710
:1016A000C7FE009800F57070FEF7C2FE009800219A
:1016B00080F8581D80F8591D80F8641D02B080BD67
:1016C00080B582B00190019800900430FEF704FDCF
:1016D000009802B080BD000081B00090009890EDAD
:1016E000140A01B07047000081B00090009890ED9E
:1016F000150A01B07047000082B001908DED000A1C
:1017000001990098886302B0704700000000000053
:1017100081B00090009890ED120A01B0704700006F
:1017200081B00090009890ED130A01B0704700005E
:1017300082B001908DED000A01990098C86302B053
:10174000704700000000000096B013A90791014601
:10175000079815911599089191ED0A0A20EE000A53
:1017600080ED010A91ED0B0A20EE000A80ED000ADF
:1017700000208DF84B00FFE79DF84B00032800F395
:10178000FE82FFE79DF84B0030B1FFE79DF84B006C
:10179000022840F07781FFE7089A079B9DF84B00ED
:1017A00000EB800040008DF84A009DF84A0000EBF5
:1017B000400047F6A871C0F60101059101EB8000D9
:1017C00093ED015A90ED004A90ED010A90ED023A36
:1017D00092ED002A92ED0A6A92ED0D1A20EE060AA9
:1017E000A4EE050A30EE030A31EE421A20EE010A99
:1017F00002F1580006909DF84BC00CEB8C0C00EBEE
:10180000CC0C8CED000A9DF84AC00CEB4C0C01EBA3
:101810008C0C93ED015A9CED034A9CED040A9CED5F
:10182000053A92ED012A92ED0A6A92ED0C1A20EE29
:10183000060AA4EE050A30EE030A31EE421A20EE43
:10184000010A9DF84BC00CEB8C0C00EBCC0C8CED22
:10185000010A9DF84AC00CEB4C0C01EB8C0C93ED8B
:10186000015A9CED064A9CED070A9CED083A92ED60
:10187000022A92ED0A6A92ED0E1A20EE060AA4EEF2
:10188000050A30EE030A31EE421A20EE010A9DF8F5
:101890004BC00CEB8C0C00EBCC0C8CED020A9DF8D1
:1018A0004AC00CEB4C0C01EB8C0C93ED015A9CEDF7
:1018B000094A9CED0A0A9CED0B3A92ED032A92ED3F
:1018C0000A6A92ED0F1A20EE060AA4EE050A30EE1F
:1018D000030A31EE421A20EE010A9DF84BC00CEBD0
:1018E0008C0C00EBCC0C8CED030A9DF84AC00CEB81
:1018F0004C0C01EB8C0C93ED014A92ED040A92ED35
:101900000A5A9CED0C3A9CED0D1A9CED0E2A21EE24
:10191000051AA3EE041A31EE021A20EE410A9DF8D0
:101920004BC00CEB8C0C00EBCC0C8CED040A9DF83E
:101930004AC00CEB4C0C01EB8C0C93ED014A92ED80
:10194000050A92ED0A5A9CED0F3A9CED101A9CED97
:10195000112A21EE051AA3EE041A31EE021A20EE26
:10196000410A9DF84BC00CEB8C0C00EBCC0C8CEDC1
:10197000050A9DF84AC00CEB4C0C01EB8C0C93ED66
:10198000014A92ED060A92ED0A5A9CED123A9CED3C
:10199000131A9CED142A21EE051AA3EE041A31EE57
:1019A000021A20EE410A9DF84BC00CEB8C0C00EBA8
:1019B000CC0C8CED060A9DF84AC00CEB4C0C01EBEC
:1019C0008C0C93ED014A92ED070A92ED0A5A9CEDB8
:1019D000153A9CED161A9CED172A21EE051AA3EE76
:1019E000041A31EE021A20EE410A9DF84BC00CEBAE
:1019F0008C0C00EBCC0C8CED070A9DF84AC00CEB6C
:101A00004C0C01EB8C0C93ED014A92ED080A92ED1F
:101A10000A5A9CED183A9CED191A9CED1A2A21EEEF
:101A2000051AA3EE041A31EE021A20EE410A9DF8BF
:101A30004BC00CEB8C0C00EBCC0C8CED080A9DF829
:101A40004AC00CEB4C0C01EB8C0193ED014A92ED7A
:101A5000090A92ED0A5A91ED1B3A91ED1C1A91ED8B
:101A60001D2A21EE051AA3EE041A31EE021A20EE09
:101A7000410A9DF84B1001EB810100EBC10080EDA4
:101A8000090A75E1089A079B9DF84B0000EB80005E
:101A900040008DF849009DF8490000EB400047F6F2
:101AA000A871C0F60101039101EB800093ED005A8B
:101AB00090ED004A90ED010A90ED023A92ED002A75
:101AC00092ED0B6A92ED0D1A20EE060AA4EE050ABD
:101AD00030EE030A31EE421A20EE010A02F15800FC
:101AE00004909DF84BC00CEB8C0C00EBCC0C8CEDF7
:101AF000000A9DF849C00CEB4C0C01EB8C0C93EDEB
:101B0000005A9CED034A9CED040A9CED053A92EDC7
:101B1000012A92ED0B6A92ED0C1A20EE060AA4EE51
:101B2000050A30EE030A31EE421A20EE010A9DF852
:101B30004BC00CEB8C0C00EBCC0C8CED010A9DF82F
:101B400049C00CEB4C0C01EB8C0C93ED005A9CED56
:101B5000064A9CED070A9CED083A92ED022A92EDA6
:101B60000B6A92ED0E1A20EE060AA4EE050A30EE7C
:101B7000030A31EE421A20EE010A9DF84BC00CEB2D
:101B80008C0C00EBCC0C8CED020A9DF849C00CEBE0
:101B90004C0C01EB8C0C93ED005A9CED094A9CED2A
:101BA0000A0A9CED0B3A92ED032A92ED0B6A92ED34
:101BB0000F1A20EE060AA4EE050A30EE030A31EEF3
:101BC000421A20EE010A9DF84BC00CEB8C0C00EB86
:101BD000CC0C8CED030A9DF849C00CEB4C0C01EBCE
:101BE0008C0C93ED004A92ED040A92ED0B5A9CED99
:101BF0000C3A9CED0D1A9CED0E2A21EE051AA3EE6F
:101C0000041A31EE021A20EE410A9DF84BC00CEB8B
:101C10008C0C00EBCC0C8CED040A9DF849C00CEB4D
:101C20004C0C01EB8C0C93ED004A92ED050A92ED01
:101C30000B5A9CED0F3A9CED101A9CED112A21EEE7
:101C4000051AA3EE041A31EE021A20EE410A9DF89D
:101C50004BC00CEB8C0C00EBCC0C8CED050A9DF80A
:101C600049C00CEB4C0C01EB8C0C93ED004A92ED4F
:101C7000060A92ED0B5A9CED123A9CED131A9CED5C
:101C8000142A21EE051AA3EE041A31EE021A20EEF0
:101C9000410A9DF84BC00CEB8C0C00EBCC0C8CED8E
:101CA000060A9DF849C00CEB4C0C01EB8C0C93ED33
:101CB000004A92ED070A92ED0B5A9CED153A9CED05
:101CC000161A9CED172A21EE051AA3EE041A31EE1E
:101CD000021A20EE410A9DF84BC00CEB8C0C00EB75
:101CE000CC0C8CED070A9DF849C00CEB4C0C01EBB9
:101CF0008C0C93ED004A92ED080A92ED0B5A9CED84
:101D0000183A9CED191A9CED1A2A21EE051AA3EE39
:101D1000041A31EE021A20EE410A9DF84BC00CEB7A
:101D20008C0C00EBCC0C8CED080A9DF849C00CEB38
:101D30004C0C01EB8C0193ED004A92ED090A92EDF7
:101D40000B5A91ED1B3A91ED1C1A91ED1D2A21EED3
:101D5000051AA3EE041A31EE021A20EE410A9DF88C
:101D60004B1001EB810100EBC10080ED090AFFE798
:101D7000FFE79DF84B0001308DF84B00FCE408981C
:101D800090ED100AB2EE0E1AB4EE410AF1EE10FA1E
:101D900080F20381FFE700201190FFE711980328EC
:101DA0000BDCFFE70898119900EB810100208865A2
:101DB000FFE7119801301190F0E708201090FFE73D
:101DC000109809280BDCFFE70898109900EB8101B7
:101DD00000208865FFE7109801301090F0E70020A0
:101DE0000F90FFE70F9803280CDCFFE708980F9986
:101DF00000EB81010020C1F8A800FFE70F98013037
:101E00000F90EFE708200E90FFE70E9809280CDCF2
:101E1000FFE708980E9900EB81010020C1F8A800A7
:101E2000FFE70E9801300E90EFE70898079A48F206
:101E3000AC11C0F60101029192ED014A90ED040A45
:101E400090ED0A5A91ED0C3A91ED0D1A91ED0E2A92
:101E500021EE051AA3EE041A31EE021A20EE410A11
:101E600080ED1A0A92ED014A90ED050A90ED0A5AAA
:101E700091ED0F3A91ED101A91ED112A21EE051A0C
:101E8000A3EE041A31EE021A20EE410A80ED1B0A7D
:101E900092ED014A90ED060A90ED0A5A91ED123A40
:101EA00091ED131A91ED142A21EE051AA3EE041AEE
:101EB00031EE021A20EE410A80ED1C0A92ED014A31
:101EC00090ED070A90ED0A5A91ED153A91ED161A28
:101ED00091ED172A21EE051AA3EE041A31EE021A2B
:101EE00020EE410A80ED1D0A92ED014A90ED040AB0
:101EF00090ED0A5A91ED483A91ED491A91ED4A2A2E
:101F000021EE051AA3EE041A31EE021A20EE410A60
:101F100080ED2E0A92ED014A90ED050A90ED0A5AE5
:101F200091ED4B3A91ED4C1A91ED4D2A21EE051AA7
:101F3000A3EE041A31EE021A20EE410A80ED2F0AB8
:101F400092ED014A90ED060A90ED0A5A91ED4E3A53
:101F500091ED4F1A91ED502A21EE051AA3EE041AC5
:101F600031EE021A20EE410A80ED300A92ED014A6C
:101F700090ED070A90ED0A5A91ED513A91ED521AFF
:101F800091ED532A21EE051AA3EE041A31EE021A3E
:101F900020EE410A80ED310AFFE7089890ED110A22
:101FA000B2EE0E1AB4EE410AF1EE10FA80F205819B
:101FB000FFE700200D90FFE70D9803280CDCFFE7FA
:101FC00008980D9900EB81010020C1F88000FFE71F
:101FD0000D9801300D90EFE708200C90FFE70C986A
:101FE00009280CDCFFE708980C9900EB8101002020
:101FF000C1F88000FFE70C9801300C90EFE700205B
:102000000B90FFE70B9803280CDCFFE708980B996F
:1020100000EB81010020C1F8D000FFE70B980130F0
:102020000B90EFE708200A90FFE70A9809280CDCDC
:10203000FFE708980A9900EB81010020C1F8D00061
:10204000FFE70A9801300A90EFE70898079A48F2EC
:10205000AC11C0F60101019192ED004A90ED040A25
:1020600090ED0B5A91ED2A3A91ED2B1A91ED2C2A15
:1020700021EE051AA3EE041A31EE021A20EE410AEF
:1020800080ED240A92ED004A90ED050A90ED0B5A7E
:1020900091ED2D3A91ED2E1A91ED2F2A21EE051A90
:1020A000A3EE041A31EE021A20EE410A80ED250A51
:1020B00092ED004A90ED060A90ED0B5A91ED303A00
:1020C00091ED311A91ED322A21EE051AA3EE041A90
:1020D00031EE021A20EE410A80ED260A92ED004A06
:1020E00090ED070A90ED0B5A91ED333A91ED341AC9
:1020F00091ED352A21EE051AA3EE041A31EE021AEB
:1021000020EE410A80ED270A92ED004A90ED040A84
:1021100090ED0B5A91ED663A91ED671A91ED682AB0
:1021200021EE051AA3EE041A31EE021A20EE410A3E
:1021300080ED380A92ED004A90ED050A90ED0B5AB9
:1021400091ED693A91ED6A1A91ED6B2A21EE051A2B
:10215000A3EE041A31EE021A20EE410A80ED390A8C
:1021600092ED004A90ED060A90ED0B5A91ED6C3A13
:1021700091ED6D1A91ED6E2A21EE051AA3EE041A67
:1021800031EE021A20EE410A80ED3A0A92ED004A41
:1021900090ED070A90ED0B5A91ED6F3A91ED701AA0
:1021A00091ED712A21EE051AA3EE041A31EE021AFE
:1021B00020EE410A80ED3B0AFFE700208DF8270062
:1021C000FFE79DF82700032839DCFFE708989DF812
:1021D000271001EB810200EBC202009292ED160A79
:1021E00092ED173A92ED182A92ED191A30EE030A81
:1021F00030EE020A30EE010A92ED1A1A30EE010AB0
:1022000092ED1B1A30EE010A92ED1C1A30EE010A13
:1022100092ED1D1A30EE010A92ED1E1A30EE010AFF
:1022200092ED1F1A30EE010A00EB810080ED120AD8
:10223000FFE79DF8270001308DF82700C1E716B0B1
:1022400070470000000000008FB00E908DED0D0A69
:10225000CDED0C0A8DED0B1ACDED0A1A8DED092A84
:10226000CDED082A8DED073ACDED063A8DED054A04
:10227000CDED044A8DED035ACDED025A8DED016A84
:10228000CDED006A0E990D9808600C9848600B9887
:1022900088600A98C860099808610898486107989A
:1022A00088610698C8610598086204984862039896
:1022B0008862029808640198C862009848640FB068
:1022C000704700000000000082B001908DED000A10
:1022D00001990098486302B07047000000000000B8
:1022E00082B001908DED000A01990098086302B058
:1022F000704700000000000082B001908DED000AE0
:1023000001990098086402B07047000000000000C6
:1023100082B001900198009090ED031A90ED1A0A96
:10232000B0EEC00A9FED252A21EE021AB4EE410A52
:10233000F1EE10FA0DDBFFE7009890ED0F0AB0EE1A
:10234000C00A9FED1F1AB4EE410AF1EE10FA01DA4D
:10235000FFE731E0009890ED0F1A90ED100A31EE92
:10236000400AB0EEC00AB0EEC11A80EE010A9FED3D
:10237000151AB4EE410AF1EE10FA09DDFFE70099F3
:102380008A69C869013240F100008A61C86104E0CD
:1023900000990020C8618861FFE700988169C069E1
:1023A00040F2F512891A70F1000005D3FFE7009999
:1023B000012081F82000FFE702B070476F12833AD6
:1023C00017B7D1383333733F82B001900198009032
:1023D00090ED031A90ED1A0AB4EE410AF1EE10FAEC
:1023E00004DDFFE70099C8688866FFE7009890ED74
:1023F000031A90ED1A0AB1EE411AB4EE410AF1EE59
:1024000010FA08DAFFE7009890ED030AB1EE400AEF
:1024100080ED1A0AFFE702B07047000000000000DC
:1024200081B00090009890ED0D3A90ED1A0A90ED71
:102430001B1A90ED1D2A20EE020A33EE022A80EECE
:10244000020A21EE031A81EE021A30EE010A80ED33
:102450001A0A01B07047000080B582B0019001985F
:10246000009090ED150A90ED181A30EE010A40F236
:102470000451C2F2004181ED000A90ED140A90ED82
:10248000152A90ED161A30EE020A30EE010A40F2DB
:102490000850C2F2004080ED000A90ED000AFDF7FE
:1024A0003BFD009890ED031AB4EE410AF1EE10FAEC
:1024B00012DDFFE7009890ED120A90ED151A20EE5C
:1024C000010AB5EE400AF1EE10FA04DDFFE70099CB
:1024D00000200866FFE7FFE7009840F20451C2F2CF
:1024E000004191ED000A90ED0A1AB4EE410AF1EEB6
:1024F00010FA06DDFFE7009900200866886A486543
:10250000FFE7009840F20451C2F2004191ED000A49
:1025100090ED0A1AB1EE411AB4EE410AF1EE10FA4A
:102520000ADAFFE700980021016690ED0A0AB1EE91
:10253000400A80ED150AFFE702B080BD00000000F0
:1025400081B00090009890ED0E3A90ED160A90ED53
:10255000171A90ED1D2A20EE020A33EE022A80EEB1
:10256000020A21EE031A81EE021A30EE010A80ED12
:10257000160A01B07047000081B00090009890EDFD
:10258000010A90ED122A90ED133A90ED1D1A32EEE9
:10259000032AB0EE003A82EE032A20EE020A20EE71
:1025A000010A80ED180A01B0704700000000000029
:1025B00080B584B003900398029090ED120A90EDDC
:1025C000151A20EE010AB5EE400AF1EE10FA45DDCB
:1025D000FFE7029890ED120AFDF79EFC029890ED3D
:1025E0000C1AB4EE410AF1EE10FA01DCFFE735E017
:1025F000029890ED120AFDF78FFC029890ED0B1AED
:1026000090ED0C2A31EE021AB4EE410AF1EE10FA06
:102610001FDCFFE7029890ED0B0A8DED010A90EDAB
:10262000120AFDF779FC0298B0EE401A9DED010AFE
:1026300030EE411A90ED0B2A90ED0C3A90ED180A0D
:1026400031EE031A81EE021A20EE010A80ED180A1B
:1026500003E0029900200866FFE7FFE704B080BDB1
:1026600081B00090009890ED020A90ED103A90ED44
:10267000112A90ED1D1A32EE432A20EE020A80EE56
:10268000010A80ED160A01B070470000000000004A
:1026900086B005908DED040ACDED030A8DED021A8A
:1026A000CDED011A8DED002A059904980860039874
:1026B0004860029888600198C8600098086106B078
:1026C000704700000000000082B001908DED000A0C
:1026D00001990098C86302B0704700000000000034
:1026E00080B582B0019001980090007D000600281E
:1026F00004D5FFE70098FFF70BFEFFE70098703066
:10270000EEF7DAFF009880ED1D0A90ED0F0A90EDCC
:10271000101A30EE410A80ED120A90ED120AFDF710
:10272000FBFB009890ED041AB4EE410AF1EE10FAAA
:1027300077DDFFE7009890ED000A90ED121A20EE89
:10274000010A80ED140A90ED010A90ED122A90ED35
:102750001D1A20EE020A20EE010A80ED180A90ED03
:10276000020A90ED122A90ED133A90ED1D1A32EE06
:10277000432A20EE020A80EE010A80ED160A007D4F
:102780004007002804D5FFE70098FFF7F5FEFFE7B4
:102790000098007D8006002804D5FFE70098FFF729
:1027A00007FFFFE70098007D8007002804D5FFE7BA
:1027B0000098FFF755FFFFE70098007D40060028CE
:1027C00004D5FFE70098FFF7BBFEFFE70098007D08
:1027D000C00720B1FFE70098FFF73EFEFFE7009833
:1027E00090ED150A90ED181A30EE010A80ED150AE9
:1027F00090ED140A90ED152A90ED161A30EE020AAB
:1028000030EE010A80ED1A0A007DC006002804D5CA
:10281000FFE70098FFF704FEFFE70098FFF7D4FDFD
:1028200004E00099002088660866FFE70098016CC4
:102830004164816CC164816EC166816DC165016E48
:10284000416690ED1A0A02B080BD00000000000051
:1028500081B00090009890ED1A0A01B07047000016
:1028600087B006908DED050ACDED040A8DED031AB3
:10287000CDED021A8DED012ACDED002A06990598BD
:102880008860049808610398C860029848610198BC
:10289000C8650098086607B0704700000000000097
:1028A00081B00090009890ED090A01B070470000D7
:1028B00081B00090009890ED0E0A01B070470000C2
:1028C00083B002908DED010ACDED000A02990198C6
:1028D00008600098886403B07047000000000000A2
:1028E00081B00090009890ED0D0A01B07047000093
:1028F00080B586B005900598039090ED172A90ED6D
:10290000183A90ED351A90ED370A20EE030AA1EE41
:10291000020A80ED190A90ED172A90ED183A90ED11
:10292000361A90ED380A20EE030AA1EE020A80ED75
:102930001A0A90ED070A90ED191A8DED021A00F0AF
:10294000EDFE03988DED010A90ED070A90ED1A1A3D
:102950008DED041A01F046FA9DED012A9DED021A53
:102960000398B0EE403A9DED040A20EE030A90ED84
:10297000063A80EE030AA1EE020A80ED230A90EDEA
:102980000F1A90ED230A9FED0C2A31EE021A9FEDEB
:102990000B2AA1EE020AB7EEC00A9FED051B30EE2E
:1029A000010BB7EEC00B80ED1B0A06B080BD00BF67
:1029B0006766662C31082240CDCC1C41295CCF3F94
:1029C00081B00090009890ED1B0A01B070470000A4
:1029D00083B002908DED010ACDED000A02990198B5
:1029E00048650098886503B070470000000000004B
:1029F00081B00090009890ED010A01B0704700008E
:102A000080B5AAB029902998239090ED020A00F091
:102A100085FE23989FEDFB1A8DED091A20EE010A21
:102A200080ED1D0A80ED240A90ED020A01F0DAF92A
:102A30009DED091A239820EE010A80ED1E0A80ED13
:102A4000250A90ED030A00F069FE2398B0EE401AC3
:102A50009DED090AA1EE000A80ED210A80ED280A09
:102A600090ED030A01F0BEF99DED091A239820EEBE
:102A7000010A80ED220A80ED290A90ED1D1A90EDE1
:102A8000210A30EE410AF0EE000ACDED1F0A04F0F3
:102A90004DFCDDED1F0A23988DED010A90ED1E1A05
:102AA00090ED220A30EE410A04F040FCDDED1F0AF1
:102AB0002398B0EE401A9DED010A30EE010A80ED38
:102AC000300A90ED1D1A90ED210A30EE410A9FED7B
:102AD000CE1A8DED0A1A20EE010A80ED2E0A90ED35
:102AE0001E2A90ED220A30EE420A20EE010A80ED05
:102AF0002F0A90ED2E0A90ED2F1A8DED041A04F096
:102B000015FCDDED1F0A23988DED020A90ED2F0ACA
:102B100004F00CFCDDED1F0A2398B0EE401A9DED89
:102B2000020A30EE010A8DED030A90ED300A04F03E
:102B3000FDFBB0EE401A9DED030A30EE410A04F0B1
:102B4000EFFF2398B0EE401A9DED040A30EE010A23
:102B500090ED2E1A90ED302A71EE020A04F0E8F999
:102B6000239830EE000A80ED2C0A90ED1D0A8DEDC1
:102B7000050A90ED2C0A00F0D1FD2398B0EE401A22
:102B80009DED050A9FEDA12A8DED102AA1EE020A06
:102B900080ED1F0A80ED260A90ED1E0A8DED060AD3
:102BA00090ED2C0A01F01EF99DED102A2398B0EE4D
:102BB000401A9DED060AA1EE020A80ED200A80ED82
:102BC000270A90ED1F1A90ED200A9FED912A8DEDB6
:102BD000122A71EE420A04F0ABF99DED121ADDEDF6
:102BE0001F0A239880ED010A90ED1F0A30EE410A7A
:102BF00004F09CFBDDED1F0A23988DED070A90ED94
:102C0000200A04F093FBB0EE401A9DED070A30EE67
:102C1000010A04F085FF239880ED060A90ED1F1A43
:102C200090ED200A90ED212A90ED223A30EE430AF1
:102C300071EE420A04F07CF9239880ED2D0A90EDA4
:102C4000001A90ED010AB7EEC00A9FED732B8DEDCF
:102C5000142B30EE420BB7EEC11A30EE410BB7EE3B
:102C6000C00B80ED070A90ED060A8DED080A90ED85
:102C7000070A00F053FD2399B0EE401A9DED080AB3
:102C800020EE010A81ED080A91ED020A91ED041A85
:102C900040F26400C2F20040169090ED002AA1EECE
:102CA000020A8DED280A91ED030A91ED051A90EDC7
:102CB000002AA1EE020A8DED270A9DED280A00F0F8
:102CC0002DFD9DED091A239820EE010A80ED1D0AC5
:102CD0009DED280A01F086F89DED091A239820EE53
:102CE000010A80ED1E0A9DED270A00F017FD2398CA
:102CF000B0EE401A9DED090AA1EE000A80ED210A0E
:102D00009DED270A01F06EF89DED091ADDED1F0A11
:102D1000239820EE010A80ED220A90ED1D1A90ED15
:102D2000210A30EE410A04F001FBDDED1F0A239871
:102D30008DED0B0A90ED1E1A90ED220A30EE410A3D
:102D400004F0F4FA9DED0A1ADDED1F0A2398B0EEA7
:102D5000402A9DED0B0A30EE020A80ED300A90ED1C
:102D60001D2A90ED210A30EE420A20EE010A80ED84
:102D70002E0A90ED1E2A90ED220A30EE420A20EE35
:102D8000010A80ED2F0A90ED2E0A90ED2F1A8DED9D
:102D90000E1A04F0CBFADDED1F0A23988DED0C0A14
:102DA00090ED2F0A04F0C2FADDED1F0A2398B0EE71
:102DB000401A9DED0C0A30EE010A8DED0D0A90EDE2
:102DC000300A04F0B3FAB0EE401A9DED0D0A30EE71
:102DD000410A04F0A5FE2398B0EE401A9DED0E0ABC
:102DE00030EE010A90ED2E1A90ED302A71EE020AB3
:102DF00004F09EF8239830EE000A8DED260A00F0CC
:102E00000FB800BF9A99193E713D0A3F713D8A3E45
:102E10009A99993D00BF00BF00000060FB21F93F77
:102E200090ED1D0A8DED0F0A9DED260A00F076FC4F
:102E30009DED102A2398B0EE401A9DED0F0AA1EEE9
:102E4000020A80ED1F0A90ED1E0A8DED110A9DED1C
:102E5000260A00F0C7FF9DED103A9DED122A239837
:102E6000B0EE401A9DED110AA1EE030A80ED200A92
:102E700090ED1F1A90ED200A71EE420A04F058F806
:102E80009DED121A1699DDED1F0A23988DED250A86
:102E90009DED260A90ED2C2A30EE420A91ED002A93
:102EA00080EE020A80ED0D0A9DED250A90ED012AC3
:102EB00030EE420A91ED002A80EE020A80ED110AFE
:102EC00090ED1F0A30EE410A04F030FADDED1F0AE2
:102ED00023988DED130A90ED200A04F027FAB0EE46
:102EE000401A9DED130A30EE010A04F019FE9DED23
:102EF000141B1699239890ED062A30EE420A91EDA4
:102F0000002A80EE020A80ED0E0A9DED250AB7EE3A
:102F1000C00A30EE410B90ED002A90ED071AB7EE93
:102F2000C22A30EE420BB7EEC11A30EE410B91EDE2
:102F3000001AB7EEC11A80EE010BB7EEC00B80EDA0
:102F4000090A90ED070A90ED0E1A8DED181A00F09F
:102F5000E5FB23988DED170A90ED060A8DED190A11
:102F600090ED070A00F03EFF9DED172A9DED181A1F
:102F70002398B0EE403A9DED190A20EE030A90ED39
:102F8000093A20EE030A91EE020A80ED0A0A90ED5A
:102F90000E0A90ED101A90ED2B2A30EE420A30EE18
:102FA000000A9FED492A80EE020A9FED483A21EE81
:102FB000031A81EE021A30EE010A80ED100A90ED3C
:102FC000090A90ED0B1A90ED2A4A30EE440A30EED1
:102FD000000A80EE020A21EE031A81EE021A30EE98
:102FE000010A80ED0B0A90ED070A90ED101A8DEDA5
:102FF0001A1A90ED121A8DED1B1A00F08FFB9DED41
:103000001A1A2398B0EE402A9DED1B0AA1EE420A3F
:103010008DED1D0A90ED070A90ED092A90ED0E1A2C
:1030200031EE011A21EE021A8DED1C1A00F0DAFEC3
:103030009DED1C1A2398B0EE402A9DED1D0AA1EECD
:10304000020A8DED200A90ED061A90ED070A90ED28
:103050000B2A21EE021A8DED1E1A00F0C3FE9DED23
:103060001E1ADDED1F0A2398B0EE402A9DED200ABE
:10307000A1EE020A8DED240A90ED060A8DED210ADB
:1030800090ED090A04F052F92398B0EE401A9DED34
:10309000210A20EE010A8DED220A90ED070A00F0C8
:1030A0003DFB9DED221A2399B0EE402A9DED240AA6
:1030B000A1EE020A81ED0F0A486AC1F8A800886BE8
:1030C000C1F8AC002AB080BD0BD7233C6F12033C83
:1030D00081B00090009890ED152A90ED163A90ED91
:1030E000311A90ED330A20EE030AA1EE020A80EDB8
:1030F000130A90ED152A90ED163A90ED321A90EDE4
:10310000340A20EE030AA1EE020A80ED140A01B08F
:10311000704700000000000081B00090009890ED22
:10312000070A01B07047000080B5A2B02190219835
:103130001D9090ED010A90ED2C1A30EE410A00F03E
:103140000FFA1D98B1EE400A8DED010A90ED020ACA
:1031500090ED2C1A30EE410A00F00EFA1D98B0EEF8
:10316000401A9DED010A9FEDE22A8DED062A21EE1F
:10317000021A80EE010A80ED350A90ED010A90ED09
:10318000061A8DED021A90ED2C1A30EE410A00F06D
:10319000F3F91D98B0EE401A9DED020A20EE010AE7
:1031A0008DED030A90ED020A90ED2C1A30EE410AE3
:1031B00000F0E2F99DED062A1D98B0EE401A9DED53
:1031C000030A21EE021A80EE010A80ED360A90ED24
:1031D000010A90ED2D1A30EE410A00F0C1F91D9858
:1031E0008DED040A90ED031A90ED2D0A30EE410AA0
:1031F00000F0C2F99DED062A1D98B0EE401A9DED33
:10320000040A21EE021A80EE010A80ED370A90EDE1
:10321000010A90ED061A8DED051A90ED2D1A30EE8B
:10322000410A00F0A9F91D98B0EE401A9DED050A7B
:1032300020EE410A8DED070A90ED031A90ED2D0A5C
:1032400030EE410A00F098F99DED062A1D98B0EE87
:10325000401A9DED070A21EE021A80EE010A80ED68
:10326000380A90ED010A90ED023A90ED2C2A90ED8B
:103270002D1A30EE030A30EE420A30EE410A00F019
:103280004DFA1D98B7EEC00A8DED080B90ED010ABE
:1032900090ED023A90ED2C2A90ED2D1A30EE430A73
:1032A00030EE020A30EE410A00F038FA9DED081BBC
:1032B0001D98B7EEC00AB6EE002B8DED162B20EE52
:1032C000020B91EE020B9FED881B8DED1A1B20EE79
:1032D000010B8DED0A0B90ED2C0A90ED2D1A30EEBE
:1032E000410A00F07FFD1D98B0EE401A9DED0A0BDB
:1032F000B7EEC11A80EE010BB7EEC00B80ED310ABC
:1033000090ED010A90ED031A90ED2C3A90ED2D2AE4
:1033100030EE430A30EE020A30EE410A00F0FEF9C8
:103320001D98B7EEC00A8DED0C0B90ED010A90EDE3
:10333000031A90ED2C3A90ED2D2A30EE430A30EE30
:10334000420A30EE010A00F0E9F99DED0C2B9DEDEB
:10335000163B9DED1A1B1D98B7EEC00A20EE030B1D
:1033600092EE030B20EE010B8DED0E0B90ED2C0A6F
:1033700090ED2D1A30EE410A00F034FD1D98B0EEAC
:10338000401A9DED0E0BB7EEC11A80EE010BB7EEA1
:10339000C00B80ED320A90ED010A90ED023A90EDFB
:1033A0002C2A90ED2D1A30EE030A30EE420A30EE50
:1033B000410A00F017FD1D98B7EEC00A8DED100B05
:1033C00090ED010A90ED023A90ED2C2A90ED2D1A25
:1033D00030EE430A30EE020A30EE410A00F002FD00
:1033E0009DED102B9DED163B9DED1A1B1D98B7EE24
:1033F000C00A20EE030B92EE030B20EE410B8DED85
:10340000140B90ED060A8DED130A90ED2C0A90ED49
:103410002D1A30EE410A00F0E5FC9DED131A1D98BF
:10342000B0EE402A9DED140B21EE021AB7EEC11A40
:1034300080EE010BB7EEC00B80ED330A90ED010A70
:1034400090ED031A90ED2C3A90ED2D2A30EE430AC0
:1034500030EE020A30EE410A00F0C4FC1D98B7EECF
:10346000C00A8DED180B90ED010A90ED031A90ED56
:103470002C3A90ED2D2A30EE430A30EE420A30EE1F
:10348000010A00F0AFFC9DED163B9DED182B9DED64
:103490001A1B1D98B7EEC00A20EE030B92EE030B29
:1034A00020EE410B8DED1E0B90ED060A8DED1C0AF2
:1034B00090ED2C0A90ED2D1A30EE410A00F092FCAE
:1034C0009DED1C1A1D98B0EE402A9DED1E0B21EEBD
:1034D000021AB7EEC11A80EE010BB7EEC00B80EDF9
:1034E000340A22B080BD00BF000000403333C33F28
:1034F0009A99193E0000000081B00090009890ED6C
:10350000060A01B07047000082B08DED010ACDEDD2
:10351000000A9DED010A9DED001AB4EE410AF1EE9C
:1035200010FA03DDFFE70098019013E09DED010A1A
:103530009DED001AB1EE411AB4EE410AF1EE10FA17
:1035400007DAFFE79DED000AB1EE400A8DED010AB2
:10355000FFE7FFE79DED010A02B0704700000000A1
:1035600080B582B08DED010A9DED010A03F036FEB3
:1035700002B080BD0000000080B582B08DED010A70
:103580009DED010A04F004FA02B080BD00000000C5
:1035900081B08DED000A9DED000AB0EEC00A01B0C9
:1035A000704700000000000081B0ADF80200BDF9D6
:1035B000020000280ED4FFE7BDF9021001F01F023F
:1035C000012090404A094EF20011CEF2000141F86C
:1035D0002200FFE701B070474EF60C50CEF200001B
:1035E0000068C0F30220704782B0ADF80600009179
:1035F000BDF9060000280AD4FFE700980001BDF9D4
:1036000006104EF20042CEF2000288540BE0009801
:103610000001BDF8061001F00F014EF61452CEF273
:1036200000028854FFE702B070470000000000006D
:1036300082B0ADF806000091BDF9060000280AD45A
:10364000FFE700980001BDF906104EF20042CEF2ED
:10365000000288540BE000980001BDF8061001F04C
:103660000F014EF61452CEF200028854FFE702B06A
:10367000704700000000000083B00290029800F044
:10368000070000904EF60C51CEF200010868019040
:1036900001984FF6FF02104001900198009A40EA0D
:1036A00002200022C0F2FA521043019001980860F3
:1036B00003B070470000000080B540F23050C2F205
:1036C0000040FDF7D9FF80BD82B001908DED000A6A
:1036D000019890ED000A9DED001AB4EE410AF1EE5A
:1036E00010FA04DDFFE7009801990860FFE70198F0
:1036F00090ED000A9DED001AB1EE411AB4EE410AB8
:10370000F1EE10FA08DAFFE79DED000AB1EE400A8B
:10371000019880ED000AFFE702B070479FED201A84
:10372000B5EE002A00EE012A9FED1E1ABDEEC20A78
:10373000B5EEC02AF1EE10FA10EE100AB8BF01384B
:1037400000EE100A0020B8EEC00A32EE400A9FEDEB
:10375000162A20EE010ABCEEC01A11EE101A30EE45
:10376000021AB0EB512F18BF002102EE101A48F2D6
:10377000B03000FE010AC0F60100B8EE422A00EBAC
:10378000810090ED011A30EE420AB7EE002A32EEC7
:10379000402A20EE010A90ED001A02EE010A70475D
:1037A00083F9223E00000044000000C4B0B5038845
:1037B0000D88AB4256D145884C88A54252D1148819
:1037C000A3424FD15488A5424CD105FB03FC43686A
:1037D00000254968B5EB9C0F506831D04FEA9C0238
:1037E000524200BF93ED000A91ED001A30EE010A3B
:1037F00003F1100E01F1100400F1100580ED000A34
:10380000013293ED010A91ED011A30EE010A80EDCB
:10381000010A93ED020A91ED021A30EE010A80EDE1
:10382000020A93ED030A91ED031A30EE010A734682
:10383000214680ED030A2846D4D121462846734606
:103840001CF003020CD05242B3EC010AB1EC011A95
:1038500030EE010A051D013280ED000A2846F3D141
:10386000002000E0FD2040B2B0BD018042804360F6
:10387000704700002DE9F04F8BB0B0F800B0B0F801
:1038800002E0F34540F051810B88FD229B4540F05A
:103890004D814F88BB4240F04981BBF1000F436826
:1038A00000F029816FF003004C6800EB8B08CDF825
:1038B0001CE0002700934FF07E5906945E46204698
:1038C000BBEB060009D0B9002046ECF7D3FE002080
:1038D0000130874204F10404FAD104F1040AC4F867
:1038E0000090751E10D0A8EB87015046ECF7C2FE81
:1038F000012054460130864204F10404FAD1002D1F
:1039000007F101072E46DBD1BBF1000F009BDDF86C
:103910001CE000F0F0800420CDF814B000EB8E0025
:1039200001901846ABF1010603EB8E044FEA8E02BC
:103930001D1DCEF10001002308919FED800A7746FE
:10394000814600BF5B4580F0F58003FB0EF0B0EED2
:10395000403A09EB80010A9191ED001A0699B0EE08
:10396000414A01EB800009902146304606E000BF45
:1039700091ED004A0138B0EE423A1144B5EEC04A2A
:10398000F1EE10FA0ADDB4EEC34AB0EE442AF1EECD
:1039900010FAD8BFB0EE432A09E000BFB1EE442AC6
:1039A000B4EEC23AF1EE10FA01DBB0EE432A002881
:1039B000DED1B5EE402AF1EE10FA00F0BB80B0EE99
:1039C000C13AB4EE423AF1EE10FA1CBFD84310EB04
:1039D0000B0004D0002000BF01308642FCD1B5EEC0
:1039E000401AF1EE10FA00F0A580CDE90346AEEBE7
:1039F000030C0A99BCF1010F4FF07E5008600AD009
:103A00000120294691ED002A82EE012A01308742E9
:103A1000A1EC012AF6D1DDE9080100BF91ED002AF1
:103A200082EE012A0C1D013081ED002A2146F5D1DC
:103A3000ACF1010B05994FF00008DDF818A04846DD
:103A4000CDF80890984505D100EB8C060AEB8E0A5C
:103A500033E000BF90ED001A0A9CB0EE413ABBF192
:103A6000000F94ED002A01EE423A00F1040680EDC9
:103A7000003A15D00120002406EB040905EB040EE2
:103A800099ED002A9EED003A01EE432A013087426B
:103A900004F1040489ED002AEED12644DDF81CE08F
:103AA000DDE908049AED002A94ED003A01EE432A7C
:103AB00004340130AAEC012AF4D106EB8300013969
:103AC00008F10108BED1DDF80890013F049E09F11C
:103AD0000409039C03F101030198A6F101060444C3
:103AE000DDF814B005447FF42DAFB5EE401A009B0D
:103AF000F1EE10FA20D10EFB0BF1002000294FF05F
:103B000000020BD093ED000AB5EE400AF1EE10FA78
:103B100004D101328A4203F10403F3D38A4208BF7D
:103B20006FF004000BB0BDE8F08FFD2250B20BB077
:103B3000BDE8F08FFB22F9E70022F7E70000000064
:103B40002DE9F04F88B0B0F802C00B889C4540F0DA
:103B50008880B0F800E013889E4540F08280B1F87C
:103B60000290538899457CD14FEA9C04476804FB36
:103B700009F049680CF00305029101EB0010019077
:103B800000202CF00303A0EB9C0107EB83060791B8
:103B90004FEA89035168C5F1000A00919FED330A8D
:103BA000CDE9039CCDE9050E0099CE4601EB8008D6
:103BB000DDE901BC002CB0EE401AE146384627D0C2
:103BC000624607993846B0EE401A00BF92ED002ACF
:103BD00090ED003A03EE021A1A4490ED014A92ED7C
:103BE000002A04EE021A1A4490ED025A92ED002ABD
:103BF00005EE021A1A4490ED036A92ED002A06EED1
:103C0000021A013100F110001A44DFD1D9463046C2
:103C100055B1514690ED002A99ED003A02EE031A93
:103C2000043001319944F5D108F1040088ED001AFF
:103C3000BEF1010E0CF1040C0BF1040B8046B9D15E
:103C4000DDF80C900598DDF810C04844DDF818E068
:103C500007EB8C07BEF1010E06EB8C06A2D100200B
:103C600000E0FD2040B208B0BDE8F08F0000000089
:103C7000B0B503880D88AB4256D145884C88A54223
:103C800052D11488A3424FD15488A5424CD105FB90
:103C900003FC436800254968B5EB9C0F506831D0A0
:103CA0004FEA9C02524200BF93ED000A91ED001AC8
:103CB00030EE410A03F1100E01F1100400F110057D
:103CC00080ED000A013293ED010A91ED011A30EE08
:103CD000410A80ED010A93ED020A91ED021A30EEDD
:103CE000410A80ED020A93ED030A91ED031A30EECA
:103CF000410A7346214680ED030A2846D4D1214665
:103D0000284673461CF003020CD05242B3EC010A61
:103D1000B1EC011A30EE410A051D013280ED000AB6
:103D20002846F3D1002000E0FD2040B2B0BD0000E5
:103D30002DE9F04F83B002884B889A424DD14488D8
:103D40000B889C4249D10023D1F804804FEA940C9F
:103D5000416804F0030ECDF80080A3EB94040294B4
:103D6000140196000194CEF1000B4046BCF1000F07
:103D70001ED04746029C00BF08683D463860374465
:103D8000486807EB0609A85101F11000D1F808A016
:103D9000013447F806A009EB0607C968374449F81B
:103DA00006100146E8D101996C18014603E000BFF6
:103DB000009800EB8304BEF1000F07D05D4600BF02
:103DC00051F8040B013520603444F9D10133013A34
:103DD00008F10408CAD1002000E0FD2040B203B081
:103DE000BDE8F08F9FED1F1A20EE010A9FED1F2AFC
:103DF000BDEEC01AB5EEC00AF1EE10FA11EE100ACF
:103E0000B8BF013801EE100A0020B8EEC11A30EE3A
:103E1000410A9FED151A20EE010ABCEEC01A11EE00
:103E2000101A30EE021AB0EB512F18BF002102EE2B
:103E3000101A48F2B03000FE010AC0F60100B8EED8
:103E4000422A00EB810090ED011A30EE420AB7EEF3
:103E5000002A32EE402A20EE010A90ED001A02EE0E
:103E6000010A704783F9223E00000044000000C4AC
:103E700080B540F29820C2F20040008800EE100A9F
:103E8000B8EEC00A40F2B030C2F2004090ED0C1A19
:103E90009FED0E2A81EE021A9FED0D2AA1EE020A75
:103EA000B0EE001A80EE010A9FED0A1A30EE010A08
:103EB000BDEEC00A10EE101A40F20C50C2F20040E3
:103EC000018019214180ECF7DBFD80BD0000B44387
:103ED00000000046000000C580B584B000F01CF86A
:103EE00041F29050C2F20040029001210091002264
:103EF0000192F1F7F9F80099019A41F23060C2F2AB
:103F000000400390F1F7F0F80298F2F70DFA0398E9
:103F1000F2F70AFA04B080BD80B58EB0002004909C
:103F200006900790022103910891012109910A90BE
:103F30000B9041F29050C2F20040029006A901910C
:103F4000F1F7C2F9019941F23060C2F200400590E8
:103F5000F1F7BAF9039A049B029869460B6011467F
:103F6000F1F73EFA039A049B059869460B601146E7
:103F7000F1F736FA0EB080BD80B540F20000C2F213
:103F80000040816841F29050C2F20040884780BDF5
:103F900080B540F20000C2F20040816841F230601A
:103FA000C2F20040884780BD2DE9F04FA7B02590B0
:103FB000259841F29051C2F20041884275D1FFE745
:103FC000259819AA02F128034021F1F745FA0028A3
:103FD0006AD1FFE7199897282CD3FFE719989828FA
:103FE00028D8FFE740F21C00C2F20040D0F818C009
:103FF00019981A991B9A1C9BDDF874E01E9D1F9E50
:10400000209FDDF88480DDF88890DDF88CA0DDF855
:1040100090B06C460C94C4F81CB0C4F818A0C4F856
:104020001490C4F81080E760A6606560C4F800E0F2
:10403000E047FFE7199840F20521884230D1FFE7B9
:1040400040F23C00C2F20040D0F804C019980A9037
:104050001A991B9A1C9BDDF874E01E9D1F9E209FE1
:10406000DDF88480DDF88890DDF88CA0DDF890B074
:1040700040F29824C2F2004468460B9004620A9809
:104080000B9CC4F81CB0C4F818A0C4F81490C4F871
:104090001080E760A6606560C4F800E0E047FFE7D5
:1040A0001C988DF89B0052E0FFE7259841F23061A3
:1040B000C2F20041884246D1FFE725980DAA02F1DD
:1040C00028034021F1F7C8F9E0BBFFE70D9840F263
:1040D0000F11884206D0FFE70D9840F21F11884269
:1040E0002CD1FFE70D990E9A0F9B1098DDF844E054
:1040F000129C139D149E159FDDF85880DDF85C908E
:10410000DDF860A0EC46CDF824C0CCF820A0CCF8B7
:104110001C90CCF81880CCF81470CCF81060CCF857
:104120000C50CCF80840CCF804E0CCF8000040F289
:104130000C50C2F20040ECF737FCFFE710988DF806
:104140009B0004E0FFE700208DF89B00FFE79DF84F
:104150009B0027B0BDE8F08F80B58EB00C90ADF815
:104160002E100A920993BDF82E00009000200190B5
:1041700002904FF40021039104900590069007905F
:1041800008900C980A9A6946F1F72EF820B1FFE7DB
:1041900001208DF8370003E000208DF83700FFE79D
:1041A0009DF837000EB080BD80B582B00020009031
:1041B0000190F2F745FBF8F73BFF009A4FF0FF3014
:1041C0001146F2F711FCF7F73FFFF7F709FEF7F793
:1041D000E7FFF7F761FEF7F79FFEF8F7B1F8F8F79A
:1041E000FBF8F7F7D9FDF8F763F8F8F711F8B42002
:1041F000EDF7AEFA40F20000C2F2004000688047DE
:1042000000F00AF800F038F8F7F7C6FE00F058F8AA
:10421000FFE7FEE70000000080B582B040F23050BA
:10422000C2F200400190FCF7A7FE0198FCF7F8FDF0
:104230000198FCF771FA02B080BD00000000000098
:1042400080B584B00290EFF305800390039820B10D
:10425000FFE76FF00500019009E00020019002984F
:1042600020B1FFE7029801F0F7FBFFE7FFE70198B5
:1042700004B080BD0000000082B0EFF30580019023
:10428000019820B1FFE76FF00500009014E040F2C4
:10429000A010C2F20040006848B9FFE740F2A01148
:1042A000C2F20041012008600020009003E04FF0BE
:1042B000FF300090FFE7FFE7009802B07047000072
:1042C00080B582B0EFF305800190019820B1FFE73F
:1042D0006FF00500009019E040F2A010C2F200401B
:1042E000006801280DD1FFE7F8F7AEFC40F2A011FD
:1042F000C2F200410220086001F052FC0020009050
:1043000003E04FF0FF300090FFE7FFE7009802B0B6
:1043100080BD000000000000B0B58EB00B900A9187
:10432000099200200690EFF305800D900D9800286B
:1043300040F09980FFE70B98002800F09480FFE799
:104340008020079018200590002008904FF0FF3043
:104350000490099800284DD0FFE70998006820B123
:10436000FFE7099800680890FFE70998806920B185
:10437000FFE7099880690590FFE7059848B1FFE7D6
:104380000598382805D8FFE709980079C00718B1C3
:10439000FFE700200C9069E00998406928B1FFE729
:1043A0000998406980080790FFE70998806880B104
:1043B000FFE70998C0685C280BD3FFE709980069FC
:1043C00038B1FFE70998406918B1FFE70120049070
:1043D0000FE00998806858B9FFE70998C06838B9B4
:1043E000FFE70998006918B9FFE700200490FFE78C
:1043F000FFE702E000200490FFE70498012817D1AE
:10440000FFE70B980899079A0A9BDDF814C0DDF8BE
:1044100024E0DEF80850DEF81040EE46CEF80850F2
:10442000CEF80440CEF800C002F0B2F9069019E0D0
:104430000498B0B9FFE70B980899BDF81C200A9BB7
:10444000DDF814C0EE4606ACCEF80440CEF800C04D
:1044500002F04EF9012803D0FFE700200690FFE7A5
:10446000FFE7FFE7FFE706980C90FFE70C980EB018
:10447000B0BD00000000000080B584B00390029140
:1044800046F2F020C2F200400068009041F6A02001
:10449000C2F200400068043001F082F808B9FFE77A
:1044A00000E0FFE70398013080B9FFE7029868B1A8
:1044B000FFE741F6A020C2F200400068011D46F26D
:1044C000C820C2F2004001F017F93DE000980399BE
:1044D00008440190019841F6A021C2F20041096808
:1044E00048600198009988420ED2FFE741F6B0205B
:1044F000C2F20040006841F6A021C2F20041096802
:10450000043101F0C1F81EE041F6A820C2F20040DB
:10451000006841F6A021C2F200410968043101F0AF
:10452000B3F8019846F25421C2F20041096888426A
:1045300007D2FFE7019846F25421C2F20041086019
:1045400000E0FFE7FFE7FFE704B080BD00000000E8
:1045500080B582B0019001F0FBF845F62831C2F237
:10456000004108680130086041F6A020C2F2004016
:10457000006898B9FFE7019841F6A021C2F2004116
:10458000086045F62830C2F200400068012803D1D7
:10459000FFE700F005FB00E0FFE71CE046F2BC206F
:1045A000C2F200400068A0B9FFE741F6A020C2F2C5
:1045B00000400068C06A0199C96A884207D8FFE7CD
:1045C000019841F6A021C2F20041086000E0FFE737
:1045D00000E0FFE7FFE745F63430C2F20040016833
:1045E000013101600068019948640198C06A45F68C
:1045F0003831C2F200410968884208D9FFE70198C2
:10460000C06A45F63831C2F200410860FFE70199FF
:10461000C86A00EB800241F6B820C2F2004000EB0D
:104620008200043101F068F801F0BEF846F2BC20C7
:10463000C2F200400068C8B1FFE741F6A020C2F214
:1046400000400068C06A0199C96A88420CD2FFE73D
:104650004EF60451CEF200014FF080500860BFF3D7
:104660004F8FBFF36F8F00E0FFE700E0FFE702B07E
:1046700080BD00000000000080B584B001F068F843
:1046800046F2F420C2F200400068002840D1FFE763
:1046900046F2F410C2F20040029000F0D5FF46F25C
:1046A0000820C2F20040039000F0CEFF0299039868
:1046B00041F6A422C2F20042116041F6B421C2F2D6
:1046C0000041086069460020086041F6AC12C2F261
:1046D000004241F64C23C2F200430A20102101F0AF
:1046E00007FC014646F2F420C2F200400160006877
:1046F00060B1FFE746F2F420C2F20040006848F6DD
:10470000F431C0F6010101F047F900E0FFE700E0F5
:10471000FFE701F049F804B080BD00000000000090
:1047200080B582B0FFE745F62C30C2F20040006849
:1047300008B3FFE701F00CF846F2DC20C2F20040BB
:10474000C068C06801900198043000F029FF45F668
:104750002831C2F2004108680138086045F62C3162
:10476000C2F2004108680138086001F01DF80198A4
:1047700000F092F8D7E702B080BD00000000000012
:1047800080B582B0019000910198006CB8B1FFE74C
:104790000199C8680A6C1044C86001988168C068B3
:1047A000884204D3FFE701990868C86000E0FFE78A
:1047B0000098019AD168126CEBF7BBFEFFE702B0DC
:1047C00080BD00000000000080B586B00590049117
:1047D0000392002002900598806B01900598006C70
:1047E00078B9FFE70598006848B9FFE70598806841
:1047F00002F042F9029005990020886000E0FFE78E
:1048000041E00398B8B9FFE7059A04995068126C23
:10481000EBF78FFE059948680A6C104448600599CB
:1048200048688968884204D3FFE7059908684860AA
:1048300000E0FFE726E0059A0499D068126CEBF7D8
:1048400078FE0599C8680A6C801AC86005980168E6
:10485000C068884206D2FFE7059988680A6C801A0A
:10486000C86000E0FFE70398022809D1FFE701983C
:1048700020B1FFE701980138019000E0FFE700E078
:10488000FFE7FFE7FFE70198013005998863029889
:1048900006B080BD0000000080B582B00090009896
:1048A00090F8590040B9FFE70098006B00F0A4FFB2
:1048B000009800F0A1FF1CE0009890F85900012832
:1048C00004D1FFE7009800F097FF11E0009890F8FE
:1048D000590002280BD0FFE74FF0500080F31188F9
:1048E000BFF36F8FBFF34F8F0190FFE7FEE7FFE746
:1048F000FFE702B080BD000082B0019041F6A42025
:10490000C2F2004000680068B0FA80F040090199E6
:1049100008600198006848B9FFE741F6A420C2F298
:1049200000400068C0680068009002E0002000902D
:10493000FFE7009802B0704784B04FF470500090C9
:1049400041F61C70C2F2004001909DF8040040073F
:1049500088B1FFE7019807300190019820F0070027
:104960000190019A41F61C71C2F200410098891A27
:1049700008440090FFE701980290029946F2C02097
:10498000C2F200400160002141600298009A104488
:104990000190019808380190019820F007000190DB
:1049A000019A41F6AC20C2F20040026002685160F8
:1049B00002681160029903910199039A891A516062
:1049C0000068039908600398406846F25021C2F2DB
:1049D000004108600398406846F24821C2F2004155
:1049E000086046F21C21C2F200414FF0004008600E
:1049F00004B070470000000080B582B00190FFE76E
:104A0000FFF78EFE41F6B820C2F20040006802288F
:104A10000CD3FFE74EF60451CEF200014FF0805068
:104A20000860BFF34F8FBFF36F8F00E0FFE7E7E74A
:104A300080B584B0DDF818C00390029101928DF822
:104A40000330029818B9FFE70698006003E0019868
:104A500006990860FFE703980699C86302980699CB
:104A600008640698012101F0CBFA9DF8030006992D
:104A700081F84C0004B080BD80B588B0DDF834C04A
:104A8000DDF830C0DDF82CC0DDF828C006900591B7
:104A9000049203930C98006B04998900A522EBF70C
:104AA000BFFD0C98006B049900EB81000438029064
:104AB000029820F0070002909DF80800400758B1C6
:104AC000FFE74FF0500080F31188BFF36F8FBFF303
:104AD0004F8F0790FFE7FEE70598F8B1FFE700204A
:104AE0000190FFE701980F2813D8FFE70598019A76
:104AF000805C0C99114481F8340005980199405C60
:104B000008B9FFE705E0FFE7FFE7019801300190F2
:104B1000E8E70C99002081F8430004E00C9900209C
:104B200081F83400FFE70A98382803D3FFE73720DD
:104B30000A9000E0FFE70A980C99C8620A980C995D
:104B4000C8640C990020009008650C98043000F0AF
:104B500093FD0C98183000F08FFD00980C990961B6
:104B60000A99C1F138010C9A91610C9949620C992A
:104B700048650C9981F8580002980699039A00F04C
:104B8000DFFC0C9908600B9820B1FFE70C980B999B
:104B9000086000E0FFE708B080BD000000000000F2
:104BA00080B584B000200390FFE70398372810D821
:104BB000FFE7039800EB800141F6B820C2F2004005
:104BC00000EB810000F040FDFFE703980130039007
:104BD000EBE746F22020C2F20040019000F034FDE5
:104BE00046F23420C2F20040029000F02DFD46F261
:104BF0006820C2F2004000F027FD46F2DC20C2F23D
:104C0000004000F021FD46F2C820C2F2004000F052
:104C10001BFD0199029841F6A822C2F200421160E0
:104C200041F6B021C2F20041086004B080BD00002E
:104C300083B0029046F2C020C2F200400190FFE72C
:104C4000019800680299884205D2FFE7FFE70198C2
:104C500000680190F4E70198009000980199496874
:104C600008440299884209D1FFE7029842680199F5
:104C70004868104448600198029000E0FFE70298FD
:104C8000009000980299496808440199096888428F
:104C900020D1FFE70198006841F6AC21C2F2004143
:104CA000096888420DD0FFE70198006842680299C0
:104CB00048681044486001980068006802990860DC
:104CC00007E041F6AC20C2F200400068029908609B
:104CD000FFE704E00198006802990860FFE7019887
:104CE0000299884204D0FFE702980199086000E029
:104CF000FFE703B07047000080B586B005900491CF
:104D00000392029300200190049805994860059849
:104D1000006104980399884216D8FFE70398029926
:104D2000401A05998969884203D3FFE70120019061
:104D300009E041F6B420C2F2004000680599043150
:104D400000F0A2FCFFE717E003980299884208D21E
:104D5000FFE704980299884203D3FFE701200190FE
:104D600009E041F6A420C2F2004000680599043130
:104D700000F08AFCFFE7FFE7019806B080BD000065
:104D800080B582B0019000F0E3FC0198806B18B907
:104D9000FFE70120009002E000200090FFE700F014
:104DA00003FD009802B080BD80B582B0019000F094
:104DB000CFFC0198806B0199C96B884203D1FFE752
:104DC0000120009002E000200090FFE700F0ECFCE2
:104DD000009802B080BD000008480068006880F3B9
:104DE00008884FF0000080F3148862B661B6BFF304
:104DF0004F8FBFF36F8F00DF00BF000008ED00E0B2
:104E000080B586B00490039141F6A420C2F2004020
:104E10000068C068C06801900198043000F0C0FBD1
:104E2000019890F828004007002823D5FFE7019853
:104E3000049B81691944039AFFF75EFFC0B1FFE745
:104E40000198049A694600230B60194602F004F8A1
:104E50000290029858B9FFE74FF0500080F3118894
:104E6000BFF36F8FBFF34F8F0590FFE7FEE700E0C2
:104E7000FFE707E0019991F8280000F0FE0081F8B3
:104E80002800FFE70198016A884706B080BD00004E
:104E900080B58EB0FFE746F2F420C2F20040006811
:104EA00007A9002201F0CCFA002800F0B880FFE743
:104EB0000798B0F1FF3F17DCFFE707A80430029026
:104EC000029858B9FFE74FF0500080F31188BFF304
:104ED0006F8FBFF34F8F0D90FFE7FEE702990A68CF
:104EE00048688968904700E0FFE70798002800F1CC
:104EF0009580FFE7099806900698406928B1FFE77A
:104F00000698043000F04CFB00E0FFE705A800F035
:104F1000FFF8039007980190092800F27D8001991D
:104F2000DFE801F00505053D456605053D450699A7
:104F300091F8280040F0010081F828000698089BAD
:104F400081691944039AFFF7D7FE30B3FFE706984B
:104F5000016A8847069890F82800400700281AD56B
:104F6000FFE70698089982690A44694600230B60A6
:104F7000194601F071FF0490049858B9FFE74FF00B
:104F8000500080F31188BFF36F8FBFF34F8F0C90E9
:104F9000FFE7FEE700E0FFE700E0FFE73DE00699FE
:104FA00091F8280000F0FE0081F8280035E006990D
:104FB00091F8280040F0010081F82800089806992F
:104FC00088610698806958B9FFE74FF0500080F378
:104FD0001188BFF36F8FBFF34F8F0B90FFE7FEE792
:104FE0000698039B816919441A46FFF785FE14E071
:104FF000069890F828008007002804D4FFE7069858
:1050000000F0FAFB07E0069991F8280000F0FE0096
:1050100081F82800FFE700E0FFE7FFE73BE70EB07D
:1050200080BD00000000000080B584B003900291B4
:1050300000F026FE684600F06BF801900098D8BB9F
:10504000FFE7029860B9FFE703980199884207D803
:10505000FFE701F0F1FD03980199FFF7D1FE2AE087
:10506000029858B1FFE741F6B420C2F20040006850
:105070000068B0FA80F040090290FFE746F2F420A1
:10508000C2F2004000680399019A891A029A00F05E
:10509000AFFC01F0D1FD60B9FFE74EF60451CEF24E
:1050A00000014FF080500860BFF34F8FBFF36F8F48
:1050B00000E0FFE7FFE702E001F0BEFDFFE704B01C
:1050C00080BD00000000000081B041F6A820C2F2BF
:1050D00000400068006840B9FFE746F25421C2F280
:1050E00000414FF0FF3008600FE041F6A820C2F207
:1050F00000400068C068C06800900098406846F2B0
:105100005421C2F200410860FFE701B0704700007F
:1051100080B582B0019001F0BFFB0090009841F68D
:105120009C21C2F200410968884206D2FFE700F0E4
:1051300013F801990120086003E00199002008603C
:10514000FFE7009841F69C21C2F2004108600098F8
:1051500002B080BD0000000080B588B0FFE741F6D6
:10516000A420C2F200400068006800284ED0FFE78B
:1051700041F6A420C2F200400168C968096806919E
:105180000068C068C06803900398043000F008FA13
:105190000398016A8847039890F828004007002880
:1051A00032D5FFE706980399896908440590059868
:1051B000069988420FD9FFE705980399486003983C
:1051C000006141F6A420C2F2004000680399043156
:1051D00000F05AFA17E00398069A694600230B601C
:1051E000194601F039FE0290029858B9FFE74FF0D6
:1051F000500080F31188BFF36F8FBFF34F8F07907C
:10520000FFE7FEE7FFE700E0FFE7A8E741F6A4229B
:10521000C2F200421068049041F6B421C2F200418B
:10522000086810600498086008B080BD00000000A5
:1052300083B00020009040F27000C2F2004000688D
:10524000013058B1FFE74FF0500080F31188BFF3F1
:105250006F8FBFF34F8F0290FFE7FEE74FF05000D4
:1052600080F31188BFF36F8FBFF34F8F0190FFE77B
:10527000009808B9FFE7FBE703B0704700000000A3
:1052800080B584B00390FFE701A8FFF735FB0290DB
:1052900002980199FFF7C8FEFFF7FAFDF4E7000056
:1052A00080B582B0019000F053FA019890F8450063
:1052B0008DF80300FFE79DF90300012816DBFFE7E7
:1052C0000198406A58B1FFE70198243001F04CFC86
:1052D00018B1FFE700F00CFC00E0FFE700E005E09C
:1052E0009DF8030001388DF80300E4E70199FF20E1
:1052F00081F8450000F058FA00F02AFA019890F879
:1053000044008DF80200FFE79DF90200012816DB3A
:10531000FFE70198006980B1FFE70198103001F0C4
:1053200023FC18B1FFE700F0E3FB00E0FFE79DF886
:10533000020001388DF8020000E000E0E4E7019986
:10534000FF2081F8440000F02FFA02B080BD000079
:1053500080B58AB006900020029000F091FC41F6E2
:10536000AC20C2F20040006818B9FFE7FFF7E4FA8A
:1053700000E0FFE7069846F21C21C2F200410968EE
:10538000084240F0C580FFE7069800B3FFE70698A3
:10539000083006909DF818004007B0B1FFE7069866
:1053A00020F00700083006909DF81800400758B11B
:1053B000FFE74FF0500080F31188BFF36F8FBFF30A
:1053C0004F8F0990FFE7FEE700E0FFE700E0FFE70F
:1053D0000698002800F09A80FFE7069846F24821D8
:1053E000C2F200410968884200F29080FFE746F26D
:1053F000C020C2F20040049000680590FFE70598C5
:105400004168069A00209142019007D2FFE7059873
:105410000068002818BF01200190FFE70198C0072D
:1054200030B1FFE705980490059800680590E6E71D
:10543000059841F6AC21C2F200410968884263D068
:10544000FFE7049800680830029005980068049906
:105450000860059840680699401A112821D3FFE793
:1054600005980699084403909DF80C00400758B130
:10547000FFE74FF0500080F31188BFF36F8FBFF349
:105480004F8F0890FFE7FEE7059840680699401A9D
:10549000039948600698059948600398FFF7C8FB90
:1054A00000E0FFE70598426846F24820C2F200405B
:1054B0000168891A0160006846F25021C2F2004179
:1054C000096888420BD2FFE746F24820C2F200404A
:1054D000006846F25021C2F20041086000E0FFE798
:1054E00046F21C20C2F20040026805994868104349
:1054F000486005990020086046F25C21C2F2004134
:1055000008680130086000E0FFE700E0FFE700E026
:10551000FFE701F091FB9DF80800400758B1FFE755
:105520004FF0500080F31188BFF36F8FBFF34F8FA0
:105530000790FFE7FEE702980AB080BD0000000078
:1055400083B002900191009202980438029002996F
:105550004FF080700860029804380290019820F0A3
:10556000010002990860029804380290029945F2FD
:105570003120C0F6010008600298143802900098AB
:105580000299086002980438029002996FF00200B4
:105590000860029820380290029803B0704700001B
:1055A00082B001900198006900900198416880687C
:1055B0008860019948688968486000984068019946
:1055C000884205D1FFE7019880680099486000E0B3
:1055D000FFE7019900200861009908680138086018
:1055E0000098006802B0704783B002900191009269
:1055F000029945F63C50C2F200400860019945F618
:105600003C30C2F20040086000998020086003B07E
:10561000704700000000000083B0029001910092EA
:10562000029946F29810C2F200400860019945F6CE
:105630009850C2F20040086000994FF480700860F2
:1056400003B070470000000081B00090009901F1A4
:105650000800486000994FF0FF308860009901F120
:105660000800C860009901F1080008610099002055
:10567000086001B07047000081B0009000990020E0
:10568000086101B07047000084B003900291029855
:10569000006800900098013020B9FFE70398006986
:1056A000019010E0039808300190FFE701984068EE
:1056B00000680099884205D8FFE7FFE70198406835
:1056C0000190F3E7FFE7019840680299486002986B
:1056D0004168886001980299886002980199486041
:1056E000039802990861039908680130086004B0C2
:1056F000704700000000000083B002900191029802
:10570000406800900098019948600098806801996D
:1057100088600198009989684860019800998860BC
:10572000029801990861029908680130086003B085
:105730007047000000000000DFF80C00016841F431
:10574000700101607047000088ED00E0000000007B
:1057500082B04FF0500080F31188BFF36F8FBFF31A
:105760004F8F019040F27000C2F200400168013199
:1057700001600068012814D1FFE74EF60450CEF214
:1057800000000068000658B1FFE74FF0500080F3BA
:105790001188BFF36F8FBFF34F8F0090FFE7FEE7D5
:1057A000FFE702B07047000082B040F27000C2F222
:1057B0000040006858B9FFE74FF0500080F31188AF
:1057C000BFF36F8FBFF34F8F0090FFE7FEE740F20C
:1057D0007000C2F20040016801390160006830B910
:1057E000FFE700200190019880F31188FFE702B0E5
:1057F000704700000000000080B586B00390039859
:105800000290039800285CD0FFE7029808380290C5
:10581000029801900198406846F21C21C2F20041B2
:10582000096808420BD1FFE74FF0500080F3118860
:10583000BFF36F8FBFF34F8F0590FFE7FEE701982F
:10584000006858B1FFE74FF0500080F31188BFF3B4
:105850006F8FBFF34F8F0490FFE7FEE7019840681A
:1058600046F21C21C2F200410968084227D0FFE736
:105870000198006808BBFFE746F21C20C2F2004016
:105880000268019948689043486000F0F9F901986E
:10589000426846F24821C2F200410868104408609C
:1058A0000198FFF7C5F946F26021C2F2004108688D
:1058B0000130086001F0C0F900E0FFE700E0FFE719
:1058C000FFE706B080BD00004EF21001CEF20001ED
:1058D000002008604EF21802CEF20002106040F282
:1058E0005C00C2F20040006844F6D352C1F262028A
:1058F000A0FB02024FF0FF3000EB92104EF21402B8
:10590000CEF200021060072008607047000000001F
:1059100084B0EFF305800190019810281ED3FFE7B3
:1059200001984EF2F031CEF20001405C8DF8030098
:105930009DF8030045F61C31C2F200410978884207
:105940000BDAFFE74FF0500080F31188BFF36F8F41
:10595000BFF34F8F0390FFE7FEE7FFE74EF60C50D3
:10596000CEF20000006800F4E06045F62031C2F29B
:105970000041096888420BD9FFE74FF0500080F3DF
:105980001188BFF36F8FBFF34F8F0290FFE7FEE7E1
:1059900004B070470000000083B002900191002025
:1059A0000090FFE7009807281DD8FFE7009946F20E
:1059B0007C20C2F2004050F8310070B9FFE7019836
:1059C000009A46F27C21C2F2004141F8320002986E
:1059D000009A01EBC201486005E0FFE7FFE700988D
:1059E00001300090DEE703B07047000000000000C7
:1059F00080B584B003900291019203980090FFF764
:105A0000A7FE009890F94400013028B9FFE70099FB
:105A1000002081F84400FFE7009890F9450001302C
:105A200028B9FFE70099002081F84500FFE7FFF75C
:105A3000BBFE0098806B38B9FFE7009824300299CC
:105A4000019A00F081F800E0FFE70098FFF728FCDA
:105A500004B080BD0000000080B584B0029000203A
:105A600001900298E0B1FFE745F63030C2F2004005
:105A7000006858B1FFE74FF0500080F31188BFF382
:105A80006F8FBFF34F8F0390FFE7FEE700F0F8F84A
:105A900002980021FEF7F0FC01F0CEF8019000E042
:105AA000FFE7019860B9FFE74EF60451CEF200011E
:105AB0004FF080500860BFF34F8FBFF36F8F00E04F
:105AC000FFE704B080BD000081B0009046F258208E
:105AD000C2F2004000680099086046F2F020C2F26D
:105AE000004000680099486001B070470000000065
:105AF00046F2FC21C2F2004101200860704700001C
:105B000080B584B002900191029858B9FFE74FF038
:105B1000500080F31188BFF36F8FBFF34F8F039056
:105B2000FFE7FEE7029841F6A021C2F200410968B2
:105B30001831FFF7A9FD01980121FEF79DFC04B083
:105B400080BD00000000000080B584B0029001918B
:105B50000092029858B9FFE74FF0500080F3118887
:105B6000BFF36F8FBFF34F8F0390FFE7FEE70298FD
:105B700041F6A021C2F2004109681831FFF7BCFDCF
:105B8000009820B1FFE74FF0FF300190FFE7019848
:105B90000099FEF771FC04B080BD00000000000019
:105BA00080B58AB0002003900690059006A805A94C
:105BB00004AAFFF719FD039B049A0599DDF818C0A4
:105BC0006846C0F808C04160036044F6F910C0F6AA
:105BD000010048F6EF31C0F6010100F0D9FD0146A1
:105BE00046F24C20C2F200400160006818B1FFE7A5
:105BF0000120079002E000200790FFE707980128A6
:105C000004D1FFE701F0DCF8079000E0FFE7079818
:105C1000012823D1FFE74FF0500080F31188BFF334
:105C20006F8FBFF34F8F099046F25421C2F20041AB
:105C30004FF0FF30086046F2BC21C2F20041012063
:105C4000086046F2F021C2F200410020086000F036
:105C500083F808B1FFE700E0FFE70FE007980130A5
:105C600058B9FFE74FF0500080F31188BFF36F8FF2
:105C7000BFF34F8F0890FFE7FEE7FFE70AB080BD54
:105C800045F63031C2F200410868013008607047C3
:105C900083B045F63030C2F20040006838B1FFE70B
:105CA00046F2FC21C2F200410120086051E046F2B8
:105CB000FC21C2F200410020086045F63830C2F2F3
:105CC000004000680190FFE7019800EB800141F679
:105CD000B820C2F2004050F8210090B9FFE70198C7
:105CE00058B9FFE74FF0500080F31188BFF36F8F72
:105CF000BFF34F8F0290FFE7FEE701980138019054
:105D0000E2E7019800EB800141F6B820C2F20040C2
:105D100000EB810000900099486840684860009955
:105D200048680831884205D1FFE700994868406813
:105D30004860FFE700984068C06841F6A021C2F2C1
:105D400000410860019845F63831C2F20041086010
:105D5000FFE703B07047000080B588B04EF60050F2
:105D6000CEF2000000684CF27121C4F20F1188429B
:105D70000BD1FFE74FF0500080F31188BFF36F8F16
:105D8000BFF34F8F0790FFE7FEE74EF60050CEF2CD
:105D9000000000684CF27021C4F20F1188420BD150
:105DA000FFE74FF0500080F31188BFF36F8FBFF310
:105DB0004F8F0690FFE7FEE74EF20040CEF2000064
:105DC000039001780491FF21017000788DF80B0099
:105DD0009DF80B0000F0500045F61C31C2F2004166
:105DE000087045F62031C2F2004107200860FFE745
:105DF0009DF80B00000600280DD5FFE745F6203181
:105E0000C2F200410868013808609DF80B004000AC
:105E10008DF80B00ECE745F62030C2F20040006838
:105E200003280BD0FFE74FF0500080F31188BFF339
:105E30006F8FBFF34F8F0590FFE7FEE745F62031E8
:105E4000C2F20041086800020860086800F4E060DF
:105E5000086004984EF20041CEF2000108704EF640
:105E60002051CEF20001086840F470000860086814
:105E700040F070400860FFF727FD40F27001C2F269
:105E80000041002001900860FFF756FC4EF6347187
:105E9000CEF20001086840F040400860FEF79CFF29
:105EA000FFF7F6FEFFF7C4F9019808B080BD0000C7
:105EB00080B582B04FF0500080F31188BFF36F8F30
:105EC000BFF34F8F009000F0F3FC40B1FFE74EF6B8
:105ED0000451CEF200014FF080500860FFE700202F
:105EE0000190019880F3118802B080BD000000008D
:105EF00080B590B084461298CDF828C009910892D8
:105F000007938DF81B000A9858B9FFE74FF050002F
:105F100080F31188BFF36F8FBFF34F8F0F90FFE7B0
:105F2000FEE7079858B9FFE74FF0500080F311885B
:105F3000BFF36F8FBFF34F8F0E90FFE7FEE7089917
:105F40000020039031B1FFE70998B0FA80F04009D2
:105F50000390FFE70398C00758B1FFE74FF05000E8
:105F600080F31188BFF36F8FBFF34F8F0D90FFE762
:105F7000FEE708990020029031B9FFE70998002850
:105F800018BF01200290FFE70298C00758B1FFE751
:105F90004FF0500080F31188BFF36F8FBFF34F8F26
:105FA0000C90FFE7FEE750200490049850280BD097
:105FB000FFE74FF0500080F31188BFF36F8FBFF3FE
:105FC0004F8F0B90FFE7FEE7049807980590059820
:105FD00088B1FFE70599012081F846000A980999E0
:105FE000089A9DF81B30DDF814C0EE46CEF800C0CC
:105FF000FEF71EFD00E0FFE7059810B080BD000031
:1060000080B584B00290019102980090009858B930
:10601000FFE74FF0500080F31188BFF36F8FBFF39D
:106020004F8F0390FFE7FEE7FFF792FB00990B68A5
:10603000C86B0A6C00FB02308860009900208863FE
:1060400000990868486000990B68C86B0A6C0138B1
:1060500000FB0230C8600099FF2081F844000099DD
:1060600081F845000198D0B9FFE700980069A0B118
:10607000FFE70098103000F077FD60B1FFE74EF6C3
:106080000451CEF200014FF080500860BFF34F8FF3
:10609000BFF36F8F00E0FFE700E0FFE708E0009844
:1060A0001030FFF7D1FA00982430FFF7CDFAFFE760
:1060B000FFF77AFB012004B080BD00000000000063
:1060C00080B592B00C900B910A9209930020089031
:1060D0000C980490049858B9FFE74FF0500080F3F3
:1060E0001188BFF36F8FBFF34F8F1190FFE7FEE76B
:1060F0000B990020039039B9FFE70498006C002841
:1061000018BF01200390FFE70398C00758B1FFE7CD
:106110004FF0500080F31188BFF36F8FBFF34F8FA4
:106120001090FFE7FEE7099900200229029007D1AD
:10613000FFE70498C06B013818BF01200290FFE709
:106140000298C00758B1FFE74FF0500080F3118864
:10615000BFF36F8FBFF34F8F0F90FFE7FEE700F0A5
:106160007FFB01460020019031B9FFE70A98002823
:1061700018BF01200190FFE70198C00758B1FFE761
:106180004FF0500080F31188BFF36F8FBFF34F8F34
:106190000E90FFE7FEE7FFE7FFF7DAFA0498806B5F
:1061A0000499C96B884204D3FFE70998022834D1C7
:1061B000FFE704980B99099AFEF706FB07900498ED
:1061C000406AA0B1FFE70498243000F0CDFC60B134
:1061D000FFE74EF60451CEF200014FF08050086008
:1061E000BFF34F8FBFF36F8F00E0FFE710E007981A
:1061F00060B1FFE74EF60451CEF200014FF080503F
:106200000860BFF34F8FBFF36F8F00E0FFE7FFE73A
:10621000FFF7CAFA01200D9065E00A9828B9FFE758
:10622000FFF7C2FA00200D905DE0089830B9FFE753
:1062300005A8FFF749FC0120089000E0FFE7FFE711
:10624000FFE7FFF7B1FAFFF71BFDFFF781FA0498AC
:1062500090F94400013028B9FFE70499002081F843
:106260004400FFE7049890F94500013028B9FFE7A2
:106270000499002081F84500FFE7FFF795FA05A88B
:106280000AA900F0CDF928BBFFE70498FEF78CFDC2
:10629000C8B1FFE7049810300A99FFF731FC049861
:1062A000FEF7FEFF00F0C8FC60B9FFE74EF60451B0
:1062B000CEF200014FF080500860BFF34F8FBFF364
:1062C0006F8FFFE705E00498FEF7EAFF00F0B4FCEB
:1062D000FFE707E00498FEF7E3FF00F0ADFC0020C5
:1062E0000D9000E058E70D9812B080BD000000004E
:1062F00080B592B00B900A91099208930B98059083
:10630000059858B9FFE74FF0500080F31188BFF3AC
:106310006F8FBFF34F8F0E90FFE7FEE70A990020C3
:10632000029039B9FFE70598006C002818BF0120DA
:106330000290FFE70298C00758B1FFE74FF0500006
:1063400080F31188BFF36F8FBFF34F8F0D90FFE77E
:10635000FEE7089900200229019007D1FFE7059880
:10636000C06B013818BF01200190FFE70198C007FA
:1063700058B1FFE74FF0500080F31188BFF36F8FE3
:10638000BFF34F8F0C90FFE7FEE7FFF7C1FAEFF383
:1063900011814FF0500080F31188BFF36F8FBFF36E
:1063A0004F8F10910F90109806900598806B05996B
:1063B000C96B884204D3FFE70898022833D1FFE76E
:1063C000059890F845008DF813000598806B0390B0
:1063D00005980A99089AFEF7F7F99DF9130001301C
:1063E000B8B9FFE70598406A88B1FFE705982430FF
:1063F00000F0BAFB48B1FFE7099820B1FFE709991F
:106400000120086000E0FFE700E0FFE700E0FFE7B1
:1064100006E09DF813000130059981F84500FFE77B
:106420000120079002E000200790FFE706981190F6
:10643000119880F31188079812B080BD0000000009
:1064400080B58EB0099008910792002006900998B7
:106450000390039858B9FFE74FF0500080F311887C
:10646000BFF36F8FBFF34F8F0D90FFE7FEE70899E3
:106470000020019039B9FFE70398006C002818BF8D
:1064800001200190FFE70198C00758B1FFE74FF0E6
:10649000500080F31188BFF36F8FBFF34F8F0C90C4
:1064A000FFE7FEE700F0DCF901460020009031B97B
:1064B000FFE70798002818BF01200090FFE7009829
:1064C000C00758B1FFE74FF0500080F31188BFF3C9
:1064D0006F8FBFF34F8F0B90FFE7FEE7FFE7FFF7EC
:1064E00037F90398806B0290029830B3FFE7039866
:1064F0000899FEF745F902980138039988630398D3
:106500000069A0B1FFE70398103000F02DFB60B1E7
:10651000FFE74EF60451CEF200014FF080500860C4
:10652000BFF34F8FBFF36F8F00E0FFE700E0FFE79F
:10653000FFF73AF901200A906DE0079828B9FFE7C4
:10654000FFF732F900200A9065E0069830B9FFE7BE
:1065500004A8FFF7B9FA0120069000E0FFE7FFE783
:10656000FFE7FFF721F9FFF78BFBFFF7F1F803983F
:1065700090F94400013028B9FFE70399002081F821
:106580004400FFE7039890F94500013028B9FFE780
:106590000399002081F84500FFE7FFF705F904A8FB
:1065A00007A900F03DF830BBFFE70398FEF7E8FBD2
:1065B000D0B1FFE7039824300799FFF7A1FA0398B9
:1065C000FEF76EFE00F038FB60B9FFE74EF60451AF
:1065D000CEF200014FF080500860BFF34F8FBFF341
:1065E0006F8F00E0FFE705E00398FEF759FE00F02B
:1065F00023FBFFE70EE00398FEF752FE00F01CFBC2
:106600000398FEF7BDFB18B1FFE700200A9002E0F7
:10661000FFE7FFE763E70A980EB080BD00000000C7
:1066200080B588B005900491059858B9FFE74FF000
:10663000500080F31188BFF36F8FBFF34F8F079027
:10664000FFE7FEE7049858B9FFE74FF0500080F3EA
:106650001188BFF36F8FBFF34F8F0690FFE7FEE700
:10666000FFF776F846F2F020C2F200400068029090
:10667000029805994968401A019004980068013011
:1066800018B9FFE7002003902BE046F25820C2F231
:106690000040006805990968884209D0FFE7029820
:1066A00005994968884203D3FFE70120039017E06A
:1066B00001980499096888420BD2FFE7019A04996E
:1066C0000868801A08600598FFF7FEF9002003901B
:1066D00005E004990020086001200390FFE7FFE730
:1066E000FFE7FFF761F8039808B080BD00000000E5
:1066F00070B58CB0DDF844C0DDF840C00B900A9155
:10670000ADF826200893BDF826008000FEF720FE95
:106710000590059880B1FFE75C20FEF719FE079011
:10672000079820B1FFE705980799086303E00598EB
:10673000FFF762F8FFE702E000200790FFE7079805
:10674000F0B1FFE70798002680F859600B980A9986
:10675000BDF82620089BDDF840C0119C079DEE4641
:10676000CEF80C60CEF80850CEF80440CEF800C049
:10677000FEF782F90798FDF7EBFE0120069003E093
:106780004FF0FF300690FFE706980CB070BD000098
:10679000B0B58EB0DDF850C0DDF84CC0DDF848C0B3
:1067A0000A90099108920793139858B9FFE74FF0A0
:1067B000500080F31188BFF36F8FBFF34F8F0D90A0
:1067C000FFE7FEE7149858B9FFE74FF0500080F359
:1067D0001188BFF36F8FBFF34F8F0C90FFE7FEE779
:1067E0005C20049004985C280BD0FFE74FF0500029
:1067F00080F31188BFF36F8FBFF34F8F0B90FFE7CC
:10680000FEE70498149820B3FFE7139808B3FFE756
:10681000149806901398069908630699022081F847
:1068200059000A980999089A079BDDF848C0069C08
:10683000EE460025CEF80C50CEF8084005ACCEF858
:106840000440CEF800C0FEF717F90698FDF780FE69
:1068500002E000200590FFE705980EB0B0BD0000F3
:1068600081B046F2BC20C2F20040006818B9FFE7D0
:10687000012000900DE045F63030C2F20040006883
:1068800018B9FFE70220009002E000200090FFE727
:10689000FFE7009801B0704781B046F2F020C2F2E5
:1068A000004000680090009801B0704700000000B0
:1068B00080B586B00020029045F63030C2F200402C
:1068C0000068002840F0CB80FFE746F2F021C2F2DA
:1068D000004108680130019001980860019858BB98
:1068E000FFE741F6A820C2F200400068006858B1F6
:1068F000FFE74FF0500080F31188BFF36F8FBFF3B5
:106900004F8F0590FFE7FEE741F6A822C2F2004252
:106910001068009041F6B021C2F200410868106092
:106920000098086046F25821C2F200410868013020
:106930000860FEF7C9FB00E0FFE7019846F254212A
:10694000C2F200410968884268D3FFE7FFE741F6D9
:10695000A820C2F200400068006840B9FFE746F294
:106960005421C2F200414FF0FF30086055E041F67B
:10697000A820C2F200400068C068C0680490049873
:106980004068039001980399884207D2FFE7039873
:1069900046F25421C2F2004108603EE0FFE704984D
:1069A0000430FEF7FDFD0498806A28B1FFE70498E3
:1069B0001830FEF7F5FD00E0FFE70498C06A45F6E1
:1069C0003831C2F200410968884208D9FFE70498CB
:1069D000C06A45F63831C2F200410860FFE7049909
:1069E000C86A00EB800241F6B820C2F2004000EB1A
:1069F00082000431FEF780FE0498C06A41F6A021AF
:106A0000C2F200410968C96A884203D3FFE7012046
:106A1000029000E0FFE7FFE799E7FFE741F6A020DB
:106A2000C2F200400068C06A00EB800141F6B82065
:106A3000C2F2004050F82100022803D3FFE70120F2
:106A4000029000E0FFE746F2FC20C2F2004000683E
:106A500018B1FFE70120029000E0FFE707E046F2EF
:106A60006421C2F20041086801300860FFE7029823
:106A700006B080BD0000000080B586B0039003988A
:106A80000290002001900398002867D0FFE7029849
:106A900041F6A021C2F20041096888420BD0FFE70D
:106AA0004FF0500080F31188BFF36F8FBFF34F8F0B
:106AB0000590FFE7FEE70298006D58B9FFE74FF039
:106AC000500080F31188BFF36F8FBFF34F8F049096
:106AD000FFE7FEE70299086D013808650299C86A68
:106AE000C96C884238D0FFE70298006D90BBFFE781
:106AF00002980430FEF754FD08B9FFE700E0FFE715
:106B00000299C86CC8620299C86AC0F138008861ED
:106B10000298C06A45F63831C2F2004109688842DD
:106B200008D9FFE70298C06A45F63831C2F2004141
:106B30000860FFE70299C86A00EB800241F6B820BE
:106B4000C2F2004000EB82000431FEF7D5FD0120C7
:106B5000019000E0FFE700E0FFE700E0FFE70198B9
:106B600006B080BD0000000080B584B0029002989D
:106B7000C068C0680190019858B9FFE74FF0500015
:106B800080F31188BFF36F8FBFF34F8F0390FFE740
:106B9000FEE701981830FEF703FD45F63030C2F2EB
:106BA0000040006820BBFFE701980430FEF7F8FCC6
:106BB0000198C06A45F63831C2F20041096888423E
:106BC00008D9FFE70198C06A45F63831C2F20041A2
:106BD0000860FFE70199C86A00EB800241F6B8201F
:106BE000C2F2004000EB82000431FEF785FD09E0AF
:106BF000019800F1180146F26820C2F20040FEF749
:106C00007BFDFFE70198C06A41F6A021C2F2004176
:106C10000968C96A884208D9FFE70120009046F256
:106C2000FC21C2F20041086002E000200090FFE772
:106C3000009804B080BD000080B584B000200290B0
:106C4000019045F63030C2F20040006858B9FFE7C5
:106C50004FF0500080F31188BFF36F8FBFF34F8F59
:106C60000390FFE7FEE7FEF773FD45F63030C2F212
:106C700000400168013901600068002840F09980F7
:106C8000FFE745F62830C2F200400068002800F017
:106C90008F80FFE7FFE746F26820C2F200400068FD
:106CA000002842D0FFE746F26820C2F20040C068E8
:106CB000C068029002981830FEF772FC0298043007
:106CC000FEF76EFC0298C06A45F63831C2F2004108
:106CD0000968884208D9FFE70298C06A45F638314A
:106CE000C2F200410860FFE70299C86A00EB800227
:106CF00041F6B820C2F2004000EB82000431FEF7FA
:106D0000FBFC0298C06A41F6A021C2F2004109686A
:106D1000C96A884207D3FFE746F2FC21C2F200416C
:106D20000120086000E0FFE7B5E7029818B1FFE72F
:106D3000FEF7CAF9FFE746F26420C2F2004000689D
:106D400000900098E0B1FFE7FFE7FFF7B1FD38B131
:106D5000FFE746F2FC21C2F200410120086000E09A
:106D6000FFE7009801380090FFE700980028ECD179
:106D7000FFE746F26421C2F200410020086000E013
:106D8000FFE746F2FC20C2F20040006870B1FFE766
:106D9000012001904EF60451CEF200014FF08050D8
:106DA0000860BFF34F8FBFF36F8F00E0FFE7FFE78F
:106DB00000E0FFE7FEF7F8FC019804B080BD00009A
:106DC00080B58AB000200890FDF756FC46F2F4200A
:106DD000C2F20040006858B3FFE70020049007901B
:106DE000069007A806A905AAFEF716FC049B059ABB
:106DF0000698DDF81CC06946C1F808C0486002204A
:106E0000086045F28120C0F6010048F6F931C0F66D
:106E10000101FFF7BDFC014646F2F820C2F2004036
:106E20000160006818B1FFE701200890FFE700E06B
:106E3000FFE7089858B9FFE74FF0500080F311883A
:106E4000BFF36F8FBFF34F8F0990FFE7FEE70898FE
:106E50000AB080BD0000000080B58AB0DDF830C007
:106E6000089007910692059300200490089858B95D
:106E7000FFE74FF0500080F31188BFF36F8FBFF32F
:106E80004F8F0990FFE7FEE746F2F420C2F2004080
:106E90000068A8B3FFE7079800900698019008984B
:106EA0000290079805281EDCFFE7FFF7D9FC0228AF
:106EB0000CD1FFE746F2F420C2F2004000680C9AC1
:106EC00069460023FFF7FCF804900BE046F2F4203B
:106ED000C2F200400068694600231A46FFF7F0F846
:106EE0000490FFE70BE046F2F420C2F20040006895
:106EF000059A69460023FFF7FBF90490FFE700E0DD
:106F0000FFE704980AB080BD4100080218BF0420C2
:106F10000A0E18BF40F001004FF07F4232EA010133
:106F200008BF40F00200012808BF0520704700009C
:106F300070B54FF068422DED048BF0EE408A18EEEC
:106F4000900AB0EE608A18EE101A02EB4003B3F11B
:106F5000654F3CBF02EB4102B2F1654F7DD200BFED
:106F6000C0F3C753C1F3C7529A1A1B2A09DD10F0A8
:106F7000004F14BF9FED830A9FED830ABDEC048B85
:106F800070BD12F11A0F36DA11F0004F09D010F06F
:106F9000004F0CBF9FED7D0A9FED7D0ABDEC048B79
:106FA00070BD88EE889A19EE100AFFF7ADFF04282D
:106FB00008BF00F0F3FD18EE900AFFF7A5FF0546A5
:106FC00018EE100AFFF7A0FF044619EE100AFFF7AB
:106FD0009BFF042D18BF052D08D1042C18BF052CCC
:106FE00004D1002804BF0220E9F701FCB0EE490AF1
:106FF000BDEC048B70BD4200B2EB410F3AD910F0EA
:10700000004F19BFDFED630A9FED630ADFED630AEE
:107010009FED630AB0EE481A0A46B1EE688A80F026
:107020000041F0EE418A10460A1A5200B2F1807F08
:1070300034D2484010F0004FDFED5A1A9FED5A2A23
:107040001DBFBEEE001A70EEE10A30EE420AB6EE47
:10705000001A08BF70EEA10A00E040E008BF30EE61
:10706000020AB0EE682A01EE482A08EE818AC2EED2
:10707000081A15E011F0004F04BF9FED4C0AF0EE26
:10708000400AD1D010F0004F19BFDFED490A9FED43
:10709000490ADFED490A9FED490AC5E7C8EE881A9B
:1070A00021EEA11A9FED462ADFED462A41EE022A83
:1070B0009FED452A01EE222ADFED442A41EE022A05
:1070C0009FED432ABDEC048B01EE222A21EE811AAA
:1070D00001EE020A30EE210A30EE200A70BD4FF0B8
:1070E0007F42B2EB400F28BFB2EB410F09D2F0EE66
:1070F000480AB0EE680ABDEC048BBDE8704000F0B1
:107100003ABD40EA01035B0008BF41F0FF410BD0EC
:10711000B2EB400F08BFB2EB410F08D120F0804026
:1071200008EE900A21F0804108EE101A18E7B2EB41
:10713000400F12BF5FEA410340F0FF4001F0004101
:107140003FF40EAFB2EB410F12BF5FEA400200F016
:10715000004041F0FF413FF403AF4A0092EA400390
:107160003FF5FEAE002AACBF9FED1A0A9FED1A0A4A
:1071700068EE808A28EE008A18EE900A18EE101A3F
:10718000EEE60000DB0FC9BFDB0FC93FDB0F494054
:10719000DB0F49C00000C9BF22AAFDB90000C93FEA
:1071A00022AAFD390060ED3EC30ACE370000000080
:1071B000000049C022AA7DBA0000494022AA7D3AB7
:1071C0002DAD65BD8FB8D53D0FB511BE61C84C3E24
:1071D000A8AAAABE0000804F0000802F10EE101A4F
:1071E00008B5444A6846B2EB410F28D94FF0E64053
:1071F000B0EB410F94BF00204FF0FF30009000989B
:10720000002861DB60EE000A10F0010F45D010F09D
:10721000020FDFED391A9FED391A00EEA11ADFEDEA
:10722000381A40EE811A21EEA01AF0EE400A40EE24
:10723000010A08BFF1EE600AB0EE600A08BD314BEA
:1072400021F0004293423CD911F0004FDFED2E0AAD
:1072500020EE201ADFED2D0A19BF31EE601A71EE13
:10726000200A31EE201A71EE600ABDEEE01A11EE2E
:10727000100A9FED271A00F0030000EEC10A9FEDEF
:10728000251A009000EEC10A9FED231A00EEC10AF4
:107290009FED221A00EEC10AB1E79FED211A9FED82
:1072A000210A10F0020F00EE810A9FED1F1A00EE76
:1072B000801AB7EE000A00EE810A18BFB1EE400A4C
:1072C00008BD00F073FC9AE710EE100A4000B0F120
:1072D0007F4F3CBFB7EE000A08BD07D14FF0010059
:1072E000E9F785FABDE8084000F048BCBDE8084071
:1072F00000F03EBCB61F927E336D4CB9DA82083C7A
:10730000A0AA2ABE490E494683F9223F0000004B3D
:107310000000C93F00A0FD390020A2331A61342CBF
:10732000B93AB2BACA9F2A3DDDFFFFBE10B510EED2
:10733000100A2DED068BB7EE001A10EE901AB0EE83
:10734000418A0022A0F5000CDFEDFE9A4FF0007399
:10735000BCF1FE4F4FF07F4403EB410C80F0B48151
:10736000BCF1804FC0F02082F74901449FEDF73A0D
:10737000B1F5005F40F2D48200F58021CB0C03F020
:107380000F0101EE901AC3F307137F3BA0EBC3502C
:10739000B8EEE12A00EE100A1A44DFEDED2AF0EE15
:1073A000411A42EE221AF0EE613A70EE232A30EED4
:1073B000632A12EE900A00F500606FF30B0001EEF5
:1073C000900A73EEE13A33EE804AC1EE223A22EEA1
:1073D000230A10EE100A00F500606FF30B0000EEB8
:1073E000100A00EE612A00EE442A62EE232A70EEB3
:1073F000221A21EEA12ADFEDD73A02EE233A23EE3C
:10740000023A20EE012A22EE811A03EE211A32EE10
:10741000010A10EE100A00F500606FF30B0000EE99
:10742000100A72EE401A31EE812A9FEDCB1A60EEFF
:10743000011A9FEDCA1A20EE011A9FEDC90A02EE49
:10744000001A31EE810A10EE100A00F500606FF3A9
:107450000B0000EE100AC34871EEC01A31EE812A0B
:10746000784400EBC10090ED003AD0ED011A100114
:1074700001EE100AF8EEC12A32EE211A31EE001A9E
:1074800031EE031A31EE221A11EE100A00F50060F7
:107490006FF30B0009EE100A39EE621A31EE431A4F
:1074A00031EE400A30EE610A32EE40AA10EE900A48
:1074B000002100F500606FF30B0008EE900A08460B
:1074C00070EEE8AA4FF0000029EE280A00F00C0147
:1074D000F0EEC00A10EE900AB0F18B4F0DDD10EE09
:1074E000900AB4EB400F08D310EE100A4FF08B4215
:1074F00062F31E0008EE900A13E069EE2A0A38EEE5
:10750000AA1A4AEE010A30EE201A11EE100A00F50E
:1075100000606FF30B0008EE900A30EE680A70EE20
:10752000209A0C204FF0000038EEA90AB5EEC00AF0
:10753000F1EE10FA34BFFEEE000AF6EE000A30EE6D
:10754000800ABDEEC00A10EE100A011100EE101AFA
:10755000F8EEC00A00EE100AB8EEC00A38EEC00A13
:1075600030EE290ADFED801A9FED801A00EE211A15
:10757000DFED7F1A7F4900F00F0040EE011A21EE87
:10758000800A794401EB800191ED001A7A4979442F
:1075900001EB8001D1ED001A784901EE801A79449F
:1075A00001EB8000764990ED000A31EE001AB0EE52
:1075B000E00A10EE100A884215DA10EE100AB4EB59
:1075C000400F10D39FED6F0A30EE800ADFED6E0A98
:1075D00020EE200A68EE010ABDEC068BBCEEC00A64
:1075E00020EE200A10BD10EE100A6849884243DAE6
:1075F00010EE100AB4EB400F3ED3BDEEE00A68EE89
:10760000010A10EE100A00EBD0725110C90501F109
:107610007E5100EE101AA0EB6200C00560EE200A59
:1076200000F17E5000EE100A60EE808A18EE900A9B
:10763000B4EB400F0FD10220E9F7D9F800F0A6FA19
:1076400010EE101A18EE100ABDEC068B61F31E0046
:1076500000EE100A10BD18EE900A400011D018EE8E
:10766000900AFFF751FC042808BF00F097FAB0EE2B
:10767000680ABDEC068B10BDF5EEC00AF1EE10FAFB
:107680000FD20220E9F7B3F800F088FA10EE101AD2
:1076900018EE100ABDEC068B61F31E0000EE100A16
:1076A00010BD0220E9F7A3F800F070FA10EE101AEE
:1076B000B0EE480A10EE100ABDEC068B61F31E0016
:1076C00000EE100A10BD00BFBCF1804F6CD300BFAC
:1076D00000F1FF43B3F1FE4F24D200BFB0EEC00A69
:1076E00010EE100AC1F3C7537F2B0DDB972BBFF6AB
:1076F0003BAEC3F196034FF0010C0CFA03F3A3F178
:10770000010C1CEA010F08D00120E9F770F8BDEC6C
:10771000068BBDE8104000F031BA0B4218BFBFEE37
:10772000008A21E643001CBF4FF08073B3EB400F8B
:1077300034D96FF01A02DFED161A20EE210A10EE8E
:10774000100A27E000000000001080C0ABAAAA3E8B
:107750000000803D7EE24C3E00B03842D49AB8BB77
:107760003BAA3842B8080000FC596337C9FF753A94
:107770001872313D560800008A080000FA07000020
:107780000000FC420000FE420000004B00004043AD
:107790000000004D10F0004FA0D1E5E5A0F500037A
:1077A000B3F1FE4F21D2DFE503EB4103B3F1007FDC
:1077B00011D3F5EEC00AF1EE10FA05D1430018BF5F
:1077C000B4EB400F76D883E701F0004141F0FC5163
:1077D00000EE901A7CE7B3F1807F06D210EE903A6B
:1077E000A3F5000300EE903A72E720F000426FF03C
:1077F000FF4C604C02EB0C03A34210D321F000437A
:107800009C44A4450BD3B0F17E5F18BF5FEA410CE6
:1078100050D0B2F1FF4F98BFB3F1FF4F05D9BDEC87
:10782000068BBDE8104000F0A6B9B0F1FF4F0FD0B5
:10783000C1F3C7527F2A09DB972A11DAC2F19602F7
:10784000012303FA02F2531E0B4205D0002208E086
:1078500011F0004F55D128E00A4218BF012200D193
:10786000022210F5000F13D028B3B0F1004F26D03C
:1078700010F1814F4FD04FF0FE42B2EB400F94BF5A
:1078800001200020012202EBE171884239D10CE095
:1078900011F0004F02D0012A38D032E0012A02BF95
:1078A0009FED350ABDEC068B10BD9FED340ABDEC93
:1078B000068B10BD2FE011F0004F0CD121E0B1F18B
:1078C000FF4F1ED011F5000F05D011F0004F15D05D
:1078D0000AB1012A08D00220E8F789FFBDEC068B27
:1078E000BDE8104000F03AB90220E8F780FF00F050
:1078F00035F9BDEC068BB1EE400A10BD0AB1012A84
:1079000004D0B0EE690ABDEC068B10BDBDEC068B51
:107910009FED1B0A10BDBDEC068BB7EE000A10BD33
:1079200030EE410AB5EE001A9FED172A00EE413AFB
:10793000B6EE001A60EE001A00EE431A61EEC11AAC
:107940009FED101A20EE011A20EE020A9FED0F2A79
:1079500001EE820A71EE001A11EE900A00F5006045
:107960006FF30B0009EE100A31EE491A31EE00AA4E
:107970009CE50000FFFF3F00000080FF0000807FCB
:107980000000008000B0B841D49A38BB3BAAB8418F
:1079900000B510EE101A2DED028B81B0524A6846E8
:1079A000B2EB410F2ED94FF0E640B0EB410F94BF40
:1079B00000204FF0FF3000900098B0EE408A002881
:1079C0006ADB10F0010F4BD068EE080A9FED471AF2
:1079D0009FED470A00EE810A9FED461A10F0020F54
:1079E00000EE801AB7EE000A00EE810A02BF01B075
:1079F000BDEC028B00BD00BF01B0B1EE400ABDEC92
:107A0000028B00BD3C4B21F00042934241D911F062
:107A1000004FDFED3A0A20EE201ADFED390A19BFD8
:107A200031EE601A71EE200A31EE201A71EE600A12
:107A3000BDEEE01A11EE100A9FED321A00F00300BD
:107A400000EEC10A9FED301A009000EEC10A9FEDD2
:107A50002F1A00EEC10A9FED2E1A00EEC10AABE705
:107A600028EE080A9FED2B1ADFED2B0A10F0020F0B
:107A700040EE010A9FED291A00EE201A61EE000A7D
:107A8000B0EE480A08EE200AB6D101B0BDEC028B78
:107A900000BD00F08BF88FE718EE100A4000B0F13F
:107AA0007F4F0DD218EE100AFFF72EFA042808BFF8
:107AB00000F074F8B0EE480A01B0BDEC028B00BDD6
:107AC00009D10120E8F793FE01B0BDEC028B5DF80F
:107AD00004EB00F053B801B0B0EE480ABDEC028BE5
:107AE0005DF804EB00F044B8B61F927EB93AB2BA22
:107AF000CA9F2A3DDDFFFFBE490E494683F9223F5A
:107B00000000004B0000C93F00A0FD390020A23357
:107B10001A61342C336D4CB9DA82083CA0AA2ABE13
:107B200010B52DED028BB1EEC08A18EE100A20F0D0
:107B30000040C0F1FF40C00F0AD010EE100A20F044
:107B40000040C0F1FF40C00F04BF0120E8F74FFE26
:107B5000B0EE480ABDEC028B10BD0000DFED030A59
:107B6000B7EE001A81EE200A704700000000000006
:107B700030EE000A704730EE200A7047DFED020A4F
:107B800080EEA00A70470000000000009FED020A8E
:107B900020EE000A70470000000000709FED020A0E
:107BA00020EE000A70470000000000102DE9F001EF
:107BB0004FF07F42B2EB410F9FBF4FF0FF310160AA
:107BC000BDE8F00170474FF0004242EA0123C1F3E3
:107BD000C752783A551112F01F0C434CCCF12006D5
:107BE0007C44C1F3C752A2F178024FEA621204EB5F
:107BF000820254F8254008BFD2E9015612D05568D8
:107C000004FA0CF425FA06F73C43976805FA0CF5DC
:107C100027FA06F8D26807FA0CFCF24045EA080594
:107C20004CEA0206A4FB034CA5FB0352A6FB03632C
:107C30001D449D4234BF012600261319334416B15A
:107C4000934202D903E0934201D2012200E00022D4
:107C5000624402F1200C9206DC0C42EA443200EE4F
:107C6000102A5B03DFED210AF8EEC01A00EE103A8D
:107C70004FEA9C1C11F0004FB8EE400AC0F800C05B
:107C800020EE201A00EE105ADFED190AB8EE400A75
:107C900020EE200A71EE810A70EE800A10EE902A22
:107CA00002F500626FF30B0200EE902A70EEE11A0B
:107CB00031EEC11ADFED101A30EE411A9FED0D0AB8
:107CC00020EE800A01EE210A9FED0C1A00EE810AD7
:107CD00004BFBDE8F0017047CCF180510160BDE800
:107CE000F001B1EE400A7047780200000000003653
:107CF0000000802C22AAFD29DB0FC92F0000C92F0C
:107D0000F1EE100A4FF6FF71C0F2C03120EA010017
:107D100040F04070E1EE100A7047000000000000E3
:107D2000000000000000B33FB2BE7D3A00002E40CC
:107D3000DFCF513800007E40BF51FABA00E0A440C6
:107D400019DAC3BA00E0C840C2ED8AB90040EB407E
:107D5000CD1F2CBA001006412AFFFABA00C0154107
:107D6000DFCFD13700D024419A97703A0050334189
:107D700089478E3600404141E75B9D3800B04E4157
:107D8000C00A98B900A05B41558F943A0030684111
:107D9000DA92C0BA0040744162B3C63A0000803F34
:107DA00000A0853F00908B3F00C0913F0030983F7E
:107DB00000F09E3F00F0A53F0050AD3F0000B53FF2
:107DC0000000BD3F0060C53F0020CE3F0040D73FD0
:107DD00000C0E03F00C0EA3F0020F53F0000000087
:107DE0007D36AC397D3C3839EBDCF438320A7E39EB
:107DF000124C26399B6AED39A4EE83397F661E3911
:107E0000F6398A392B426539A48211395B991F39B9
:107E1000C3EECD39DDE7C637A5A22F390000803F7C
:107E2000C3AA853FC2958B3FD3C3913FF037983F9C
:107E300032F59E3FD7FEA53F3F58AD3FF304B53F17
:107E4000A408BD3F2A67C53F8C24CE3FFD44D73FE1
:107E5000DFCCE03FC7C0EA3F7D25F53F00000000D2
:107E60006E83F9A22915444ED15727FCC0DD34F5A5
:107E7000999562DB4190433CAB6351FE00000000EA
:107E800000000000000000000000000000000000F2
:107E900001000000020000000300000004000000D8
:107EA00000000000050000000000000000000000CD
:107EB00000000000060000000000000000000000BC
:107EC0000000000007000000BC8B0108000000005B
:107ED00000000000000000000000000000020000A0
:107EE000300000000000000000000000D78B0108F7
:107EF0000000000000000000000000000000000082
:107F00000002000018000000000000000000000057
:107F1000000000000102030401020304060708092F
:107F20000001020304050607080C10141820304055
:107F30000006101600061016B48B010800000000A1
:107F4000000000000000000000000000000200002F
:107F5000300000000000000000000000CA8B010893
:107F60000000000000000000000000000000000011
:107F700000020000300000000000000000000000CF
:107F800008040204080101010101010307010000C6
:107F9000010002000400060008000A000C001000A6
:107FA0002000400080000001984C2641014DFAC09D
:107FB0006154F2BFC128974146B663C158A88DC02D
:107FC000B9FC23C042CF9E3F9F3C44C0EB7381C0AD
:107FD000E48302407C619AC0EDDE1E4241F126C27C
:107FE000759360C03B016D4019E264C001DE8ABF39
:107FF000B8AF14422664F1C1B9FC47C05E4BF03FF4
:1080000029ED01C008AC1CBECAE3B342B13FB2C205
:10801000C887E341FA7E5841F2D25AC1166A9540A8
:10802000984C2641014DFAC06154F2BFC1289741D6
:1080300046B663C158A88DC0B9FC234042CF9EBF4D
:108040009F3C4440EB738140E48302C07C619A40D2
:10805000B8AF14422664F1C1B9FC47C05E4BF03F93
:1080600029ED01C008AC1CBEEDDE1E4241F126C266
:10807000759360C03B016D4019E264C001DE8ABFA8
:10808000CAE3B342B13FB2C2C887E341FA7E584166
:10809000F2D25AC1166A9540B98DAD416C09BCC186
:1080A0008941FC40E5215A42366B5CC27AB68A416E
:1080B0006FF03F41705FBFC0C72992C060659441B7
:1080C00093A91FC16688E5C049AEF441C3759E41BE
:1080D000C7BA72414093924124281BC17E1DA8401B
:1080E000CF66DDC049DD8EC244692B419B559F3D63
:1080F000637F03C1E258173E74A67EC3F1833D43FC
:1081000090601742CC1D21C2A01AF24174248F4006
:10811000B98DAD416C09BCC18941FC40E5215A4291
:10812000366B5CC27AB68A416FF03FC1705FBF4068
:10813000C7299240606594C193A91F416688E540B4
:10814000CF66DDC049DD8EC244692B419B559F3D02
:10815000637F03C1E258173E49AEF441C3759E41A7
:10816000C7BA72414093924124281BC17E1DA8408A
:1081700074A67EC3F1833D4390601742CC1D21C29B
:10818000A01AF24174248F400000803F00000000DC
:1081900000000000000000000000803F0000000020
:1081A00000000000000000000000803F9C335240AF
:1081B000789C4EC0AED81FBF6EA3A74050FCA6C08F
:1081C000CEAAEFBF01DEA2BEA60A8E3F9CA2BBBF15
:1081D000265305BE6ADE913F85EBC9BF4D0424429C
:1081E0004FEF45C2325574C079E99A415DED93C1B4
:1081F00002BCDDBF021A2942547404C235EFF8BF35
:108200002B879040BA6B69C01B2F5DBD303BC441CA
:1082100096322DC26D45B841FF21A140A52C01C168
:108220004BEA86409C335240789C4EC0AED81FBF6C
:108230006EA3A74050FCA6C0CEAAEFBF01DEA23EAF
:10824000A60A8EBF9CA2BB3F2653053E6ADE91BFA5
:1082500085EBC93F021A2942547404C235EFF8BFB6
:108260002B879040BA6B69C01B2F5DBD4D04244223
:108270004FEF45C2325574C079E99A415DED93C123
:1082800002BCDDBF303BC44196322DC26D45B841C2
:10829000FF21A140A52C01C14BEA86403E79DAC0FE
:1082A000BC96203F3BDF0F40EE5A94C05986D2C0A7
:1082B0006E34D240E4838C404F40B1C08BFDDDBFB3
:1082C000DD2486408D97C8C0228EEDBF52A99DC285
:1082D000428F85422B18A641A5ACE3C1431CD54073
:1082E0001826584144E968C291FEBDC17B83BB405A
:1082F000A2B4CD40C5FE4FC1431C6B3E87C61AC316
:108300007BA40E430389C041107AD2C16221C341CC
:108310004C3779403E79DAC0BC96203F3BDF0F40B6
:10832000EE5A94C05986D2C06E34D240E4838CC0D9
:108330004F40B1408BFDDD3FDD2486C08D97C840A6
:10834000228EED3F44E968C291FEBDC17B83BB40F4
:10835000A2B4CD40C5FE4FC1431C6B3E52A99DC285
:10836000428F85422B18A641A5ACE3C1431CD540E2
:108370001826584187C61AC37BA40E430389C041FF
:10838000107AD2C16221C3414C377940E38B010896
:1083900000000000000000000000000000000000DD
:1083A00000020000080000000000000000000000C3
:1083B00000000000920E493CB10AC93C2BC3163D97
:1083C0002EFB483D752B7B3D04A9963D80B6AF3D05
:1083D00036BDC83D2FBCE13D73B2FA3D87CF093EA3
:1083E0008340163EB5AB223EA2102F3ECF6E3B3EE1
:1083F000C2C5473E0115543E135C603E7F9A6C3EF9
:10840000CCCF783EC07D823E938E883E229A8E3EAF
:1084100032A0943E86A09A3EE59AA03E128FA63ED8
:10842000D47CAC3EEF63B23E2A44B83E491DBE3E0A
:1084300015EFC33E53B9C93ECA7BCF3E4136D53E48
:1084400080E8DA3E4F92E03E7533E63EBBCBEB3E32
:10845000EA5AF13ECBE0F63E275DFC3EE4E7003F02
:108460003D9C033F824B063F9BF5083F6B9A0B3FB9
:10847000DA390E3FCDD3103F2A68133FD9F6153FA6
:10848000C07F183FC6021B3FD17F1D3FCBF61F3F69
:108490009967223F25D2243F5636273F1594293F1E
:1084A0004AEB2B3FDE3B2E3FBB85303FC9C8323FF6
:1084B000F304353F233A373F4268393F3B8F3B3F18
:1084C000F9AE3D3F67C73F3F70D8413F01E2433FB0
:1084D00003E4453F65DE473F12D1493FF8BB4B3FC0
:1084E000029F4D3F207A4F3F3D4D513F4918533F2A
:1084F00031DB543FE595563F5348583F6AF2593FA8
:108500001A945B3F532D5D3F05BE5E3F2146603FA1
:1085100097C5613F5A3C633F59AA643F880F663F45
:10852000D86B673F3CBF683FA7096A3F0C4B6B3F66
:108530005E836C3F93B26D3F9ED86E3F73F56F3F85
:108540000809713F5213723F4714733FDD0B743FAC
:108550000BFA743FC6DE753F07BA763FC58B773F8F
:10856000F853783F9812793F9DC7793F02737A3F5D
:10857000BE147B3FCDAC7B3F283B7C3FC9BF7C3FDB
:10858000AC3A7D3FCCAB7D3F23137E3FB0707E3F46
:108590006DC47E3F580E7F3F6D4E7F3FAB847F3F63
:1085A0000FB17F3F97D37F3F43EC7F3F11FB7F3F6E
:1085B0000000803F11FB7F3F43EC7F3F97D37F3F1D
:1085C0000FB17F3FAB847F3F6D4E7F3F580E7F3FA3
:1085D0006DC47E3FB0707E3F23137E3FCCAB7D3FAA
:1085E000AC3A7D3FC9BF7C3F283B7C3FCDAC7B3F55
:1085F000BE147B3F02737A3F9DC7793F9812793F43
:10860000F853783FC58B773F07BA763FC6DE753F94
:108610000BFA743FDD0B743F4714733F5213723FE4
:108620000809713F73F56F3F9ED86E3F93B26D3F5F
:108630005E836C3F0C4B6B3FA7096A3F3CBF683FB2
:10864000D86B673F880F663F59AA643F5A3C633F27
:1086500097C5613F2146603F05BE5E3F532D5D3F9C
:108660001A945B3F6AF2593F5348583FE595563F8D
:1086700031DB543F4918533F3D4D513F207A4F3F26
:10868000029F4D3FF8BB4B3F12D1493F65DE473F4C
:1086900003E4453F01E2433F70D8413F67C73F3F96
:1086A000F9AE3D3F3B8F3B3F4268393F233A373F6E
:1086B000F304353FC9C8323FBB85303FDE3B2E3F18
:1086C0004AEB2B3F1594293F5636273F25D2243FAE
:1086D0009967223FCBF61F3FD17F1D3FC6021B3F4C
:1086E000C07F183FD9F6153F2A68133FCDD3103FFE
:1086F000DA390E3F6B9A0B3F9BF5083F824B063FE2
:108700003D9C033FE4E7003F275DFC3ECBE0F63EA7
:10871000EA5AF13EBBCBEB3E7533E63E4F92E03E6C
:1087200080E8DA3E4136D53ECA7BCF3E53B9C93EDA
:1087300015EFC33E491DBE3E2A44B83EEF63B23E2C
:10874000D47CAC3E128FA63EE59AA03E86A09A3E0F
:1087500032A0943E229A8E3E938E883EC07D823E09
:10876000CCCF783E7F9A6C3E135C603E0115543E40
:10877000C2C5473ECF6E3B3EA2102F3EB5AB223E58
:108780008340163E87CF093E73B2FA3D2FBCE13DD0
:1087900036BDC83D80B6AF3D04A9963D752B7B3DE7
:1087A0002EFB483D2BC3163DB10AC93C920E493CF5
:1087B00000000000920E49BCB10AC9BC2BC316BD13
:1087C0002EFB48BD752B7BBD04A996BD80B6AFBD01
:1087D00036BDC8BD2FBCE1BD73B2FABD87CF09BE9F
:1087E000834016BEB5AB22BEA2102FBECF6E3BBEDD
:1087F000C2C547BE011554BE135C60BE7F9A6CBEF5
:10880000CCCF78BEC07D82BE938E88BE229A8EBEAB
:1088100032A094BE86A09ABEE59AA0BE128FA6BED4
:10882000D47CACBEEF63B2BE2A44B8BE491DBEBE06
:1088300015EFC3BE53B9C9BECA7BCFBE4136D5BE44
:1088400080E8DABE4F92E0BE7533E6BEBBCBEBBE2E
:10885000EA5AF1BECBE0F6BE275DFCBEE4E700BFFE
:108860003D9C03BF824B06BF9BF508BF6B9A0BBFB5
:10887000DA390EBFCDD310BF2A6813BFD9F615BFA2
:10888000C07F18BFC6021BBFD17F1DBFCBF61FBF65
:10889000996722BF25D224BF563627BF159429BF1A
:1088A0004AEB2BBFDE3B2EBFBB8530BFC9C832BFF2
:1088B000F30435BF233A37BF426839BF3B8F3BBF14
:1088C000F9AE3DBF67C73FBF70D841BF01E243BFAC
:1088D00003E445BF65DE47BF12D149BFF8BB4BBFBC
:1088E000029F4DBF207A4FBF3D4D51BF491853BF26
:1088F00031DB54BFE59556BF534858BF6AF259BFA4
:108900001A945BBF532D5DBF05BE5EBF214660BF9D
:1089100097C561BF5A3C63BF59AA64BF880F66BF41
:10892000D86B67BF3CBF68BFA7096ABF0C4B6BBF62
:108930005E836CBF93B26DBF9ED86EBF73F56FBF81
:10894000080971BF521372BF471473BFDD0B74BFA8
:108950000BFA74BFC6DE75BF07BA76BFC58B77BF8B
:10896000F85378BF981279BF9DC779BF02737ABF59
:10897000BE147BBFCDAC7BBF283B7CBFC9BF7CBFD7
:10898000AC3A7DBFCCAB7DBF23137EBFB0707EBF42
:108990006DC47EBF580E7FBF6D4E7FBFAB847FBF5F
:1089A0000FB17FBF97D37FBF43EC7FBF11FB7FBF6A
:1089B000000080BF11FB7FBF43EC7FBF97D37FBF19
:1089C0000FB17FBFAB847FBF6D4E7FBF580E7FBF9F
:1089D0006DC47EBFB0707EBF23137EBFCCAB7DBFA6
:1089E000AC3A7DBFC9BF7CBF283B7CBFCDAC7BBF51
:1089F000BE147BBF02737ABF9DC779BF981279BF3F
:108A0000F85378BFC58B77BF07BA76BFC6DE75BF90
:108A10000BFA74BFDD0B74BF471473BF521372BFE0
:108A2000080971BF73F56FBF9ED86EBF93B26DBF5B
:108A30005E836CBF0C4B6BBFA7096ABF3CBF68BFAE
:108A4000D86B67BF880F66BF59AA64BF5A3C63BF23
:108A500097C561BF214660BF05BE5EBF532D5DBF98
:108A60001A945BBF6AF259BF534858BFE59556BF89
:108A700031DB54BF491853BF3D4D51BF207A4FBF22
:108A8000029F4DBFF8BB4BBF12D149BF65DE47BF48
:108A900003E445BF01E243BF70D841BF67C73FBF92
:108AA000F9AE3DBF3B8F3BBF426839BF233A37BF6A
:108AB000F30435BFC9C832BFBB8530BFDE3B2EBF14
:108AC0004AEB2BBF159429BF563627BF25D224BFAA
:108AD000996722BFCBF61FBFD17F1DBFC6021BBF48
:108AE000C07F18BFD9F615BF2A6813BFCDD310BFFA
:108AF000DA390EBF6B9A0BBF9BF508BF824B06BFDE
:108B00003D9C03BFE4E700BF275DFCBECBE0F6BEA3
:108B1000EA5AF1BEBBCBEBBE7533E6BE4F92E0BE68
:108B200080E8DABE4136D5BECA7BCFBE53B9C9BED6
:108B300015EFC3BE491DBEBE2A44B8BEEF63B2BE28
:108B4000D47CACBE128FA6BEE59AA0BE86A09ABE0B
:108B500032A094BE229A8EBE938E88BEC07D82BE05
:108B6000CCCF78BE7F9A6CBE135C60BE011554BE3C
:108B7000C2C547BECF6E3BBEA2102FBEB5AB22BE54
:108B8000834016BE87CF09BE73B2FABD2FBCE1BDCC
:108B900036BDC8BD80B6AFBD04A996BD752B7BBDE3
:108BA0002EFB48BD2BC316BDB10AC9BC920E49BCF1
:108BB00000000080494D555461736B00426F617233
:108BC00064636F6D6D5461736B004C65674D6F74BA
:108BD0006F725461736B004368617373697354619E
:108BE000736B0064656661756C745461736B0049E6
:108BF000444C4500546D725100546D72205376639D
:108C000000000000388C01080000002478000000FB
:108C100030030008388C010800000020000002002A
:108C200050030008B08C010878000024886A000016
:108C300050030008D564FFFFD93E010859410108DF
:108C4000A93F0108090909090909090901010101E7
:108C500001010101A9B7000881B7000861B8000847
:108C600089B80008E9BA000839BB000879B90008DA
:108C7000B1B8000849BD000859BC000831BC000863
:108C800091BB00080100000000000000020000008D
:108C9000000000000090D0030090D0036F12833AD0
:108CA0000100000010000000AAAAAAAA000000000B
:04000005080002CD20
:00000001FF
