:020000040800F2
:100000008851022465030008615E0008E15B000876
:10001000595E0008D9060008A96F0008000000001A
:1000200000000000000000000000000081620008E5
:10003000190C000800000000715E0008F162000861
:100040007F0300087F0300087F0300087F03000888
:100050007F0300087F0300087F0300087F03000878
:100060007F0300087F0300087F03000801070008E2
:10007000110700087F0300087F0300087F030008C2
:100080007F0300087F0300087F030008310C00088D
:10009000510C0008410C0008610C00087F030008A7
:1000A0007F0300087F0300087F0300087F03000828
:1000B0007F030008F16400087F0300087F03000845
:1000C0007F0300087F0300087F0300087F03000808
:1000D0007F0300087F030008996F00087F03000872
:1000E0007F0300087F030008000000007F03000872
:1000F0007F0300087F0300087F0300087F030008D8
:100100007F0300087F0300087F0300087F030008C7
:100110007F0300087F0300087F0300087F030008B7
:100120007F0300087F0300087F0300087F030008A7
:100130007F0300087F0300087F0300087F03000897
:1001400000000000000000000000000000000000AF
:100150007F0300087F0300087F0300087F03000877
:100160007F0300087F0300087F0300087F03000867
:100170007F0300087F0300087F03000800000000E1
:100180007F0300087F0300087F0300087F03000847
:100190007F0300087F0300087F0300087F03000837
:1001A0007F0300087F0300087F0300087F03000827
:1001B0007F0300087F0300087F0300087F03000817
:1001C0007F0300087F0300087F0300087F03000807
:1001D0007F0300087F0300087F0300087F030008F7
:1001E0007F0300087F0300087F0300087F030008E7
:1001F0007F0300087F0300087F0300087F030008D7
:100200007F0300087F0300087F0300087F030008C6
:100210007F0300087F0300087F0300087F030008B6
:100220007F0300087F0300087F0300080000000030
:100230007F0300087F030008000000007F03000820
:100240007F0300087F0300087F0300087F03000886
:100250007F0300087F0300087F0300087F03000876
:100260007F0300087F0300087F0300087F03000866
:100270007F0300087F0300087F03000800000000E0
:100280007F0300087F0300087F03000800000000D0
:10029000000000007F03000800F002F800F052F8B0
:1002A00014A696E8000CB244B344DA4501D100F03C
:1002B00049F8BAE80F000FA696E83000A5EB040550
:1002C00004EB0607AAEB0704A7F101074FEA15158F
:1002D0004FEA3414A4F10104AC4201D300F032F827
:1002E00013F0010F18BFFB1A43F0010300F001F8EF
:1002F000DBE71847348D0000548D0000103A24BF0E
:1003000078C878C1FAD8520724BF30C830C144BF7A
:1003100004680C6070470000704700000023002450
:1003200000250026103A28BF78C1FBD8520728BF05
:1003300030C148BF0B6070471FB508F0CFFD1FBD2F
:1003400010B510BD00F04FF91146FFF7F5FF06F0AC
:1003500027FF00F06DF903B4FFF7F2FF03BC00F0D4
:1003600075F900000948804709480047FEE7FEE7A5
:10037000FEE7FEE7FEE7FEE7FEE7FEE7FEE7FEE755
:1003800004480549054A064B7047000021640008EF
:1003900099020008884D002488510224884D0224C7
:1003A000884D022453EA020C00F069802DE9F04BDD
:1003B0004FF00006002B1FBFB3FA83F503FA05F4D4
:1003C00024FA05F65E4012BF1643B2FA82F502FA2D
:1003D00005F4C5F120051EBF22FA05FC44EA0C0411
:1003E000203556EA044C4FEA144418BF641C4FF001
:1003F00000084FF00009904271EB030C39D300293B
:1004000019BFB1FA81F701FA07F6B0FA80F700FADE
:1004100007F6C7F120071EBF20FA07FC46EA0C06C4
:100420002037B6FBF4FCA7EB0507103F07F01F0BC6
:10043000CBF120062CFA06F60CFA0BFB44BFB346B0
:100440000026202FA4BF5E464FF0000B5BEA060C8F
:1004500008BF4FF0010B19EB0B0948EB0608ABFB8B
:10046000027C06FB02CC0BFB03CCC01B71EB0C0126
:10047000C1E70B46024641464846BDE8F08B13B53E
:10048000084318BF4FF0FF300146AFF30080BDE8CE
:100490001C407047032A40F2308010F0030C00F03B
:1004A000158011F8013BBCF1020F624498BF11F8AE
:1004B00001CB00F8013B38BF11F8013BA2F1040267
:1004C00098BF00F801CB38BF00F8013B11F00303DF
:1004D00000F05780083AC0F0088051F8043B083A11
:1004E00051F804CBA0E80810F5E7121D5CBF51F8E5
:1004F000043B40F8043BAFF30080D20724BF11F85F
:10050000013B11F801CB48BF11F8012B24BF00F8C3
:10051000013B00F801CB48BF00F8012B704702F007
:10052000FF0343EA032242EA024200F002B84FF01E
:10053000000200B5134694469646203922BFA0E833
:100540000C50A0E80C50B1F12001BFF4F7AF09073F
:1005500028BFA0E80C5048BF0CC05DF804EB890030
:1005600028BF40F8042B08BF704748BF20F8022B73
:1005700011F0804F18BF00F8012B7047704770478B
:10058000704710B5203AC0F00B80B1E81850A0E8D1
:100590001850B1E81850A0E81850203ABFF4F5AF51
:1005A0005FEA027C24BFB1E81850A0E8185044BFAD
:1005B00018C918C0BDE810405FEA827C24BF51F81A
:1005C000043B40F8043B08BF7047D20728BF31F80E
:1005D000023B48BF11F8012B28BF20F8023B48BF5F
:1005E00000F8012B7047754600F02CF8AE46050068
:1005F0006946534620F00700854618B020B5FFF73E
:10060000BFFEBDE820404FF000064FF000074FF05E
:1006100000084FF0000BAC46ACE8C009ACE8C009DC
:10062000ACE8C009ACE8C00921F007018D4670476D
:1006300010B50446AFF300802046BDE81040FFF738
:100640008ABE00000048704720000024014918209D
:10065000ABBEFEE72600020070470000000000006D
:10066000C0E9051240F60801018200210160C0F8CE
:100670000310C0E902117047002181608181704739
:1006800010B5024600784FF0000C02F81C0F32F84B
:100690001B0C12F8181CA2F8010012F8190C12F821
:1006A000173C890012F8164CC2F803C041EAC0009A
:1006B00032F8041C40EA430E40F20000C2F200404F
:1006C00012F80B3C44EA0E04D471D0F804C052F87E
:1006D000080CBDE810406047FEE700000000000085
:1006E00040F2CC00C2F200400178007E0F39B1FA2E
:1006F00081F1B0FA80F049094009084370470000D1
:1007000040F22810C2F2004000F0BABE0000000023
:1007100040F2A010C2F2004000F0B2BE00000000A3
:1007200040F20F42D0F800C0C4F20202944510DC3F
:100730006F22C4F20202944520DC3F22C4F202027E
:10074000944536DC1022C4F20202944554D028228B
:100750004EE040F26F42C4F2020294451ADC40F2CD
:100760003F42C4F2020294452ADC40F21042C4F235
:100770000202944540D040F2284239E09F22C4F260
:100780000202944525DC7022C4F20202944533D063
:1007900088222DE040F29F42C4F2020294451FDC01
:1007A00040F27042C4F20202944525D040F28842E1
:1007B0001EE04022C4F2020294451DD0582217E0E8
:1007C00040F24042C4F20202944515D040F2584231
:1007D0000EE0A022C4F2020294450DD0B82207E038
:1007E00040F2B842C4F20202944505D040F2A04261
:1007F000C4F20202944517D10CF0F8024AF6AB237A
:10080000103ACAF6AA23A2FB033109A35F2AC1F357
:1008100002115B5C40F2FF312CEA0101C36588BF25
:1008200004318165084670472CF0FF01F9E700BFED
:10083000000610160006101670B540F26F44D0F88E
:1008400000C0C4F20204D0F858E0A44519DC9F258A
:10085000C4F20205AC4531DC5725C4F20205AC45B3
:1008600056DC1025C4F20205AC4500F09280282524
:10087000C4F20205AC4500F08C804025C4F20205AC
:1008800084E045F22F45C5F60205AC452BDC40F26D
:10089000B745C4F20205AC4548DC40F27045C4F2ED
:1008A0000205AC4575D040F28845C4F20205AC455E
:1008B0006FD040F2A045C4F2020567E040F2274540
:1008C000C4F20205AC4540DCA025C4F20205AC45EB
:1008D0005FD0B825C4F20205AC455AD040F21045AD
:1008E000C4F2020552E045F26B45C5F60205AC457F
:1008F0003CDC45F23045C5F60205AC4549D045F231
:100900004445C5F60205AC4543D045F258453BE0A9
:100910005825C4F20205AC453BD07025C4F202054F
:10092000AC4536D08825C4F202052FE040F2B84528
:10093000C4F20205AC452CD045F20845C5F60205C7
:10094000AC4526D045F21C451EE040F22845C4F2D5
:100950000205AC451DD040F24045C4F20205AC454D
:1009600017D040F25845C4F202050FE045F26C453D
:10097000C5F60205AC450CD045F29445C5F6020516
:10098000AC4506D045F28045C5F60205AC4540F0C1
:10099000CC80456EC66E002E866E6E601CBFD0E9A0
:1009A0001C566E60A44515DC9F24C4F20204A445C5
:1009B0002BDC5724C4F20204A4454EDC1024C4F2FC
:1009C0000204A44576D02824C4F20204A44571D0C0
:1009D00040246BE045F22F44C5F60204A44527DC11
:1009E00040F2B744C4F20204A44542DC40F2704431
:1009F000C4F20204A4455DD040F28844C4F202046B
:100A0000A44557D040F2A04450E040F22744C4F23D
:100A10000204A4453CDCA024C4F20204A44549D04D
:100A2000B824C4F20204A44544D040F210443DE08E
:100A300045F26B44C5F60204A44553DC45F230444C
:100A4000C5F60204A4455FD045F24444C5F602044D
:100A5000A44559D045F2584452E05824C4F2020447
:100A6000A44527D07024C4F20204A44522D08824CF
:100A70001CE040F2B844C4F20204A4451AD045F286
:100A80000844C5F60204A4453ED045F21C4437E0B4
:100A900040F22844C4F20204A4450BD040F2404482
:100AA000C4F20204A44505D040F25844C4F2020442
:100AB000A4453AD18468C06D00F01F003F2505FAB7
:100AC00000F0CEF80800DCF80000402C20F4802074
:100AD000CCF80000CCF8043023D1CCF80820CCF8B6
:100AE0000C1070BD45F26C44C5F60204A4450BD051
:100AF00045F28044C5F60204A44505D045F294446D
:100B0000C5F60204A44510D1C46D012504F01F04EC
:100B1000806805FA04F4CEF804404028CCF804308C
:100B2000DBD0CCF80810CCF80C2070BD0000000021
:100B30002DE9F04182B041F20400CEF200000168DC
:100B4000009140F29801C2F200410A78002A40F276
:100B50009402C2F2004212D101230B700368019388
:100B600040F29003019FC2F200431E68B74202D2D6
:100B70001768013717600068186000200870106857
:100B8000009D4FF0FF310026E0FB015640F284004B
:100B9000C2F2004000233146076828463A46FFF774
:100BA00001FC8046A0FB070201FB072100232D1A50
:100BB00040F28800C2F200408E4131460768284664
:100BC0003A46FFF7EFFB044640F28C0280B2C2F2D5
:100BD0000042784300231268281A66F10001FFF7EB
:100BE000E1FB80B24FF47A7108FB01F101EE100ACB
:100BF0009FED072A11FA84F100EE101AB8EE411A9F
:100C0000B8EE400AA1EE020A02B0BDE8F08100BFD2
:100C10006F12833A000000007047000000000000DF
:100C2000EFF3108072B600BFFEE700000000000086
:100C300040F21820C2F2004001F0E2BF00000000C4
:100C400040F21820C2F2004001F0DABF00000000BC
:100C500040F2B820C2F2004001F0D2BF0000000014
:100C600040F2B820C2F2004001F0CABF000000000C
:100C7000F0B5D1E900C4D1F808E00D692CB14EEA15
:100C80000C04254345F0804C03E045EA8C4444EADB
:100C90000E0C856ED0F88470D1E907466B438D69E0
:100CA00044EA0660D1F814E0CC68054307EB830002
:100CB00045EA0E0647F823C046EA04434360CB6882
:100CC000002B08BFF0BD48F6C07C0830013200237D
:100CD000C0F6000CD71857F8017CC750CF68043312
:100CE0001CF80770BB42F5D3F0BD00000000000007
:100CF0002DE9F041044602F0F3FC14B3054694F8E4
:100D00003500022820D140F20F462768C4F20206BF
:100D100040F26F48B7426FF00E00C4F2020817DCD1
:100D20006F21C4F202018F4223DC3F21C4F2020191
:100D30008F4239DC1021C4F202018F4258D02821A1
:100D400051E00120BDE8F08180206065012040E293
:100D500047451ADC40F23F41C4F202018F422ADCCF
:100D600040F21041C4F202018F4241D040F22841CA
:100D700039E09F21C4F202018F4225DC7021C4F2C8
:100D800002018F4234D088212DE040F29F41C4F20D
:100D900002018F421FDC40F27041C4F202018F4217
:100DA00026D040F288411EE04021C4F202018F4269
:100DB0001ED0582117E040F24041C4F202018F4298
:100DC00016D040F258410EE0A021C4F202018F4239
:100DD0000ED0B82107E040F2B841C4F202018F42C0
:100DE00006D040F2A041C4F202018F42394607D139
:100DF0003946386820F01E0041F8140B6FF080006F
:100E00000A68474500EA0200086019DC9F20C4F226
:100E10000200874231DC5720C4F20200874256DCD0
:100E20001020C4F20200874200F091802820C4F212
:100E30000200874200F08B804020C4F2020084E070
:100E400045F22F40C5F6020087422BDC40F2B74046
:100E5000C4F20200874248DC40F27040C4F2020053
:100E6000874274D040F28840C4F2020087426ED0BC
:100E700040F2A040C4F2020067E040F22740C4F212
:100E80000200874240DCA020C4F2020087425ED00C
:100E9000B820C4F20200874259D040F21040C4F298
:100EA000020052E045F26B40C5F6020087423CDC8E
:100EB00045F23040C5F60200874248D045F2444032
:100EC000C5F60200874242D045F258403BE0582028
:100ED000C4F2020087423AD07020C4F20200874276
:100EE00035D08820C4F202002FE040F2B840C4F2AE
:100EF000020087422BD045F20840C5F60200874227
:100F000025D045F21C401EE040F22840C4F2020009
:100F100087421CD040F24040C4F20200874216D003
:100F200040F25840C4F202000FE045F26C40C5F6B2
:100F3000020087420BD045F29440C5F6020087427A
:100F400005D045F28040C5F60200874204D1206EEC
:100F5000016821F480710160386820F00100386078
:100F60003868C0070BD002F0BBFB401B0628F7D344
:100F700020206065032084F83500012029E12068E5
:100F8000B04210DC6F21C4F2020188421CDC3F2118
:100F9000C4F20201884232DC1021C4F2020188420C
:100FA00050D028214AE040451ADC40F23F41C4F2CB
:100FB000020188422ADC40F21041C4F20201884258
:100FC00040D040F2284139E09F21C4F2020188421A
:100FD00025DC7021C4F20201884233D088212DE043
:100FE00040F29F41C4F2020188421FDC40F270418E
:100FF000C4F20201884225D040F288411EE040211F
:10100000C4F2020188421DD0582117E040F240414D
:10101000C4F20201884215D040F258410EE0A021EE
:10102000C4F2020188420DD0B82107E040F2B84175
:10103000C4F20201884205D040F2A041C4F202018C
:10104000884259D1D4E9161202F01F023F2303FA55
:1010500002F28A60404559DC9F21C4F202018842B5
:1010600014DC5721C4F20201884226DC1021C4F2AC
:101070000201884200F09D802821C4F202018842CA
:1010800000F097804021C4F2020190E040F2274135
:10109000C4F2020188421EDCA021C4F2020188428F
:1010A00000F08780B821C4F20201884200F08180FC
:1010B00040F21041C4F2020179E05821C4F2020169
:1010C000884276D07021C4F20201884271D0882112
:1010D000C4F202016BE040F22841C4F202018842EE
:1010E00067D040F24041C4F20201884261D040F230
:1010F0005841C4F202015AE0D4E9161202F01F026C
:10110000012303FA02F24A604045A5DD45F22F4172
:10111000C5F60201884216DC40F2B741C4F2020172
:10112000884225DC40F27041C4F20201884240D07E
:1011300040F28841C4F2020188423AD040F2A04114
:10114000C4F2020133E045F26B41C5F60201884268
:101150001DDC45F23041C5F60201884229D045F236
:101160004441C5F60201884223D045F258411CE0B3
:1011700040F2B841C4F2020188421AD045F2084157
:10118000C5F60201884214D045F21C410DE045F23B
:101190006C41C5F6020188420BD045F29441C5F678
:1011A0000201884205D045F28041C5F6020188421D
:1011B0000BD1616EA26EE06E4A6030B1016821F41D
:1011C00080710160D4E91C014160012084F8350080
:1011D0000020002184F83410BDE8F08100000000F8
:1011E000F0B190F83510022918D180B540F20F42C5
:1011F0000168C4F20202914214DC6F23C4F20203BC
:10120000994224DC3F23C4F2020399423ADC1023C2
:10121000C4F20203994258D0282352E0802141654C
:101220000120704740F26F43C4F2020399421ADC76
:1012300040F23F43C4F2020399422ADC40F21043D9
:10124000C4F20203994240D040F2284339E09F2380
:10125000C4F20203994225DC7023C4F202039942CE
:1012600033D088232DE040F29F43C4F20203994219
:101270001FDC40F27043C4F20203994225D040F2D1
:1012800088431EE04023C4F2020399421DD0582334
:1012900017E040F24043C4F20203994215D040F2F5
:1012A00058430EE0A023C4F2020399420DD0B823A4
:1012B00007E040F2B843C4F20203994205D040F27D
:1012C000A043C4F20203994271D191424FF004024B
:1012D00080F8352010DC6F20C4F20200814220DC4F
:1012E0003F20C4F20200814236DC1020C4F202002A
:1012F000814253D028204EE040F26F40C4F20200F9
:1013000081421ADC40F23F40C4F2020081422ADCF2
:1013100040F21040C4F2020081423FD040F2284027
:1013200039E09F20C4F20200814225DC7020C4F223
:101330000200814232D088202DE040F29F40C4F26A
:10134000020081421FDC40F27040C4F20200814280
:1013500024D040F288401EE04020C4F202008142C6
:101360001CD0582017E040F24040C4F202008142F5
:1013700014D040F258400EE0A020C4F20200814296
:101380000CD0B82007E040F2B840C4F2020081421D
:1013900004D040F2A040C4F202008142086820F06C
:1013A000010008600021BDE88040084670470A68D7
:1013B00022F00E020A6045F25742C5F6020291423F
:1013C0000A6822F001020A600EDC45F22F42C5F6DF
:1013D0000202914217DC45F20842C5F60202914230
:1013E00026D045F21C421FE045F27F42C5F60202BC
:1013F000914211DC45F25842C5F60202914217D0E3
:1014000045F26C4210E045F23042C5F602029142CC
:101410000ED045F2444207E045F29442C5F602027E
:10142000914205D045F28042C5F6020291421AD19E
:10143000D0E9181CD0E916E30A6822F480720A6029
:1014400003F01F01012202FA01F1CEF80410816EAF
:10145000CCF80410C16E31B10A6822F480720A60BF
:10146000D0E91C124A60012180F83510026D00217C
:10147000002A80F8341096D0904793E700000000CF
:101480002DE9F04381B00021009140F20C010446A7
:10149000C2F2004148F2B512C1F64E32A56D09689C
:1014A00040F26F490068C4F20209A1FB02184845E6
:1014B0002E682A6815DC9F21C4F2020188422BDCC9
:1014C0005721C4F2020188424FDC1021C4F202010C
:1014D000884278D02821C4F20201884273D040218A
:1014E0006CE045F22F41C5F60201884227DC40F24C
:1014F000B741C4F20201884243DC40F27041C4F2B9
:10150000020188425FD040F28841C4F20201884261
:1015100059D040F2A04151E040F22741C4F202010B
:1015200088423DDCA021C4F2020188424BD0B821A0
:10153000C4F20201884246D040F210413EE045F23A
:101540006B41C5F60201884275DC45F23041C5F6B3
:101550000201884200F0828045F24441C5F6020152
:1015600088427BD045F2584173E05821C4F2020111
:10157000884228D07021C4F20201884223D08821F9
:101580001CE040F2B841C4F2020188421BD045F28F
:101590000841C5F60201884260D045F21C4158E07E
:1015A00040F22841C4F2020188420CD040F240418E
:1015B000C4F20201884206D040F25841C4F202014E
:1015C000884240F04E84E16D082201F01F018A40FC
:1015D000324200F0168140F20F43C4F202039842F7
:1015E0004FF0040313DC6F27C4F20207B84200F384
:1015F00091803F27C4F20207B84200F3D28010273F
:10160000C4F20207B84200F0F0802827E8E048451D
:1016100000F38C8040F23F47C4F20207B84200F367
:10162000C78040F21047C4F20207B84200F0DD80E4
:1016300040F22847D4E045F26C41C5F602018842E9
:101640000CD045F28041C5F60201884206D045F231
:101650009441C5F60201884240F003840368E16DBD
:1016600001F01F01042707FA01F6164218BF13F014
:1016700004072CD1022707FA01F6164218BF13F00F
:10168000020762D1CA40120740F1EB8313F008024F
:1016900000F0E78340F20F42C4F2020290426FF082
:1016A0001C0200F305836F23C4F20203984200F387
:1016B00024833F23C4F20203984200F3698310237A
:1016C000C4F20203984200F0BB832823B2E319045A
:1016D0006E605ED4990600F1D88340F20F41C4F2E7
:1016E000020188426FF0080100F3F5826F22C4F214
:1016F0000202904200F30E833F22C4F202029042A3
:1017000000F34D831022C4F20202904200F0BA832B
:101710002822B1E39F27C4F20207B84251DC7027A8
:10172000C4F20207B84260D0882759E040F29F47D0
:10173000C4F20207B8424BDC40F27047C4F2020721
:10174000B84252D040F288474AE019046E6000F176
:101750009B82990600F1CA8340F20F41C4F2020154
:1017600088426FF0140100F3E2826F22C4F2020299
:10177000904200F31B833F22C4F20202904200F326
:1017800087831022C4F20202904200F0A68328222E
:101790009DE3D80300F17983A16C002940F0A9836F
:1017A0005FE34027C4F20207B8421ED0582717E073
:1017B00040F24047C4F20207B84216D040F2584700
:1017C0000EE0A027C4F20207B8420ED0B82707E007
:1017D00040F2A047C4F20207B84206D040F2B84730
:1017E000C4F20207B84218BF082307681F4208D096
:1017F000036823F004030360AA60626D42F00102F3
:10180000626501228A4032426FD040F20F43C4F237
:101810000203984210DC6F23C4F2020398421CDCDE
:101820003F23C4F20203984232DC1023C4F20203C5
:10183000984251D028234AE048451ADC40F23F4301
:10184000C4F2020398422ADC40F21043C4F20203BD
:10185000984241D040F2284339E09F23C4F202036A
:10186000984225DC7023C4F20203984234D08823C6
:101870002DE040F29F43C4F2020398421FDC40F285
:101880007043C4F20203984226D040F288431EE01F
:101890004023C4F2020398421ED0582317E040F2BE
:1018A0004043C4F20203984216D040F258430EE07F
:1018B000A023C4F2020398420ED0B82307E040F2FE
:1018C000B843C4F20203984206D040F2A043C4F2E7
:1018D0000203984240F0E081436903F0800323B1A2
:1018E000AA60626D42F00202626504228A403242BE
:1018F0006FD040F20F43C4F20203984210DC6F2312
:10190000C4F2020398421CDC3F23C4F20203984253
:1019100032DC1023C4F20203984251D028234AE05B
:1019200048451ADC40F23F43C4F2020398422ADCE5
:1019300040F21043C4F20203984241D040F22843DF
:1019400039E09F23C4F20203984225DC7023C4F2DD
:101950000203984234D088232DE040F29F43C4F222
:10196000020398421FDC40F27043C4F20203984223
:1019700026D040F288431EE04023C4F2020398427E
:101980001ED0582317E040F24043C4F202039842AD
:1019900016D040F258430EE0A023C4F2020398424E
:1019A0000ED0B82307E040F2B843C4F202039842D5
:1019B00006D040F2A043C4F20203984240F0728184
:1019C000036803F0020323B1AA60626D42F00402CF
:1019D0006265102202FA01F131427DD040F20F42DD
:1019E000C4F2020290424FF0080210DC6F23C4F2EE
:1019F000020398421CDC3F23C4F20203984232DC0B
:101A00001023C4F20203984251D028234AE04845EB
:101A10001ADC40F23F43C4F2020398422ADC40F24F
:101A20001043C4F20203984241D040F2284339E007
:101A30009F23C4F20203984225DC7023C4F2020300
:101A4000984234D088232DE040F29F43C4F2020331
:101A500098421FDC40F27043C4F20203984226D041
:101A600040F288431EE04023C4F2020398421ED095
:101A7000582317E040F24043C4F20203984216D0C4
:101A800040F258430EE0A023C4F2020398420ED065
:101A9000B82307E040F2A043C4F20203984206D004
:101AA00040F2B843C4F20203984218BF042203680C
:101AB000134211D0A96001684903016806D4C90521
:101AC00006D4016821F00801016001E0080352D446
:101AD000216C09B120468847E06D00F01F012020ED
:101AE00000FA01F2324200F0A68040F20F43206873
:101AF000C4F2020398424FF0100310DC6F27C4F2C7
:101B00000207B8421CDC3F27C4F20207B84236DCA9
:101B10001027C4F20207B84255D028274EE04845A6
:101B20001ADC40F23F47C4F20207B8422EDC40F212
:101B30001047C4F20207B84245D040F228473DE0C2
:101B40009F27C4F20207B84229DC7027C4F20207BB
:101B5000B84238D0882731E040F29F47C4F20207EC
:101B6000B84223DC40F27047C4F20207B8422AD0E0
:101B700040F2884722E0A16C0029ABD1ACE74027B6
:101B8000C4F20207B8421ED0582717E040F240477F
:101B9000C4F20207B84216D040F258470EE0A02720
:101BA000C4F20207B8420ED0B82707E040F2A047BF
:101BB000C4F20207B84206D040F2B847C4F20207A6
:101BC000B84218BF022307681F4234D0AA6094F8B5
:101BD0003520042A026816D122F0160202604269FA
:101BE00022F080024261226C0AB9A26C1AB102682A
:101BF00022F0080202603F208840A860012084F89B
:101C00003500216D27E1510301680CD4C9050ED4BC
:101C1000016821F010010160012084F835000020E6
:101C200084F8340003E0080301D4616C00E0E16B48
:101C300009B120468847606D002800F01281606D70
:101C4000C0071CD0042084F8350020684FEA982192
:101C5000026822F001020260009A013200928A4278
:101C600002D80268D207F7D10068C0074FF003001E
:101C700008BF012084F83500002084F83400E16CAE
:101C8000002940F03681ECE0D80300F12F81616C2F
:101C9000002940F02E81E4E003680023002B7FF44C
:101CA0001FAE22E603680023002B7FF48DAE90E682
:101CB00048454FDC40F23F43C4F20203984200F330
:101CC000828040F21043C4F20203984200F0B880D0
:101CD00040F22843AEE048454BDC40F23F42C4F2BC
:101CE0000202904278DC40F21042C4F202029042BA
:101CF00000F0C88040F22842BEE09F23C4F20203F5
:101D0000984272DC7023C4F20203984200F098807B
:101D100088238FE09F22C4F2020290426CDC702282
:101D2000C4F20202904200F0AD808822A4E048454F
:101D300069DC40F23F42C4F20202904200F3AF80FD
:101D400040F21042C4F20202904200F0C68040F21B
:101D50002842BCE040F29F43C4F20203984261DC97
:101D600040F27043C4F20203984269D040F28843C3
:101D700060E040F29F42C4F20202904274DC40F202
:101D80007042C4F2020290427CD040F2884273E07A
:101D90004023C4F20203984252D058234AE0402222
:101DA000C4F2020290426DD0582265E09F22C4F234
:101DB000020290427CDC7022C4F20202904200F0E7
:101DC0008C80882283E040F24043C4F202039842B0
:101DD00036D040F258432DE040F24042C4F20202B5
:101DE00090424FD040F2584246E0A023C4F2020392
:101DF000984225D0B8231DE0A022C4F202029042EE
:101E000040D0B82238E040F29F42C4F20202904231
:101E100055DC40F27042C4F2020290425DD040F2C2
:101E2000884254E040F2A043C4F20203984207D033
:101E300040F2B843C4F20203984218BF6FF00E029A
:101E400003681A400260012000FA01F169606065D0
:101E500084F83500E16C00294FF0000084F834006C
:101E600047D101B0BDE8F08340F2A042C4F20202C3
:101E7000904207D040F2B842C4F20202904218BF2A
:101E80006FF00401026811400160216C89BBE8E732
:101E90004022C4F2020290421FD0582217E040F2C2
:101EA0004042C4F20202904217D040F258420EE083
:101EB000A022C4F2020290420FD0B82207E040F202
:101EC000A042C4F20202904207D040F2B842C4F2EB
:101ED0000202904218BF6FF00A01026811400160CF
:101EE000012084F83500002084F83400E16B0029DB
:101EF000B7D0204601B0BDE8F0430847000000001D
:101F00002DE9F041044601F0EBFBECB140F26F48E3
:101F100005462068C4F20208404518DC9F21C4F23F
:101F2000020188422EDC5721C4F20201884254DCAF
:101F30001021C4F2020188427DD02821C4F202019E
:101F4000884278D0402171E00120BDE8F08145F25F
:101F50002F41C5F60201884227DC40F2B741C4F2A6
:101F60000201884245DC40F27041C4F2020188421D
:101F700061D040F28841C4F2020188425BD040F255
:101F8000A04153E040F22741C4F2020188423FDC05
:101F9000A021C4F2020188424DD0B821C4F202014E
:101FA000884248D040F2104140E045F26B41C5F60E
:101FB0000201884200F3928045F23041C5F60201E9
:101FC000884200F09D8045F24441C5F602018842F6
:101FD00000F0968045F258418EE05821C4F202018B
:101FE000884228D07021C4F20201884223D088217F
:101FF0001CE040F2B841C4F2020188421BD045F215
:102000000841C5F6020188427AD045F21C4173E0CE
:1020100040F22841C4F2020188420CD040F2404113
:10202000C4F20201884206D040F25841C4F20201D3
:10203000884240F0C580022184F83510002184F8E0
:102040003410016821F00101016000BF20680168BF
:10205000C9070CD001F044FB401B0628F6D3202012
:102060006065032084F835000120BDE8F08148F266
:102070003F0204F108060168CFF61062114065695D
:102080004CCE1143A2691943E3693143266A0D43DB
:10209000616A2B43042943EA060343EA020303D19E
:1020A000D4E90B652E43334341F20006C5F60046E2
:1020B0003668B6F1005F6CD36568A5F12906202E5D
:1020C00005D23F27CCF2C037F740FF075CD1A5F11E
:1020D0004F060025042E38BF012556E045F26C411D
:1020E000C5F6020188420BD045F28041C5F60201D7
:1020F000884205D045F29441C5F6020188425FD17D
:1021000004F1080E022184F83510002184F83410FF
:102110000168A3699EE80450A2F18005E769B5FA59
:1021200085F566696D09402A4FEA853543EA07025D
:102130006FF3101142EA060208BF102541EADC01E4
:1021400042EA0E022943236A41EAD2014AF6F832F2
:10215000CAF2FD724CF6CD470244CCF6CC4741EAB8
:102160001311A2FB072301606FF0030000EA930044
:10217000E0652046FEF7D4FAE16D012201F01F016F
:1021800002FA01F1416045E00125002D18BF43F43A
:10219000801303600429436923F0070341EA030124
:1021A0002DD1D4E90A5341EA050143B3B2F5005FEA
:1021B00008D09AB9022D16D0012D09D09DB115E095
:1021C00040204DE7032D11D8DFE805F00A0D0A0283
:1021D000A3F1C072B2FA82F2520908E0032D01D2D3
:1021E000012204E002D1C3F3006200E0002232B118
:1021F00040206065012084F83500BDE8F081416130
:102200002046FEF78DFAE16D3F2201F01F0102FA30
:1022100001F181602068404519DC9F21C4F2020170
:10222000884231DC5721C4F20201884256DC102179
:10223000C4F20201884200F092802821C4F2020117
:10224000884200F08C804021C4F2020184E045F213
:102250002F41C5F6020188422BDC40F2B741C4F29F
:102260000201884248DC40F27041C4F20201884217
:1022700075D040F28841C4F2020188426FD040F22A
:10228000A041C4F2020167E040F22741C4F202011A
:10229000884240DCA021C4F2020188425FD0B8210C
:1022A000C4F2020188425AD040F21041C4F2020145
:1022B00052E045F26B41C5F6020188423CDC45F232
:1022C0003041C5F60201884249D045F24441C5F685
:1022D0000201884243D045F258413BE05821C4F204
:1022E000020188423BD07021C4F20201884236D0FC
:1022F0008821C4F202012FE040F2B841C4F2020189
:1023000088422CD045F20841C5F60201884226D009
:1023100045F21C411EE040F22841C4F2020188420D
:102320001DD040F24041C4F20201884217D040F271
:102330005841C4F202010FE045F26C41C5F60201BA
:1023400088420CD045F29441C5F60201884206D07D
:1023500045F28041C5F60201884240F0D08045F246
:10236000574C45F6FC01C5F6020CC5F60201604566
:102370000EDC45F22F43C5F60203984217DC45F206
:102380000843C5F60203984226D045F21C431FE0DD
:1023900045F27F43C5F60203984211DC45F25843EB
:1023A000C5F60203984217D045F26C4310E045F29F
:1023B0003043C5F6020398420ED045F2444307E08D
:1023C00045F29443C5F60203984205D045F2804396
:1023D000C5F60203984250D100F0FC034CF6CD47FD
:1023E000083BCCF6CC47A3FB0737A1F1FC05A1F1D4
:1023F0007C063B0905EB83022266A26803F01F03FB
:102400000127802A666607FA03F2A26601D100223C
:1024100062606268A56ED4E91876D3B2013A072AE1
:102420003B60756015D85E1E072E62D8604501F1CD
:10243000440213DC45F22F47C5F60207B8423CDCE4
:1024400045F20847C5F60207B8424BD045F21C4793
:1024500044E000206067C4E91B0050E045F27F477C
:10246000C5F60207B84231DC45F25847C5F6020707
:10247000B84237D045F26C4730E000F0F8034AF636
:10248000AB27103BCAF6AA27A3FB073740F20F433E
:10249000C4F2020308253E09984203F1AA0233461A
:1024A00088BF05EB171340F600059042C4F2020501
:1024B00028BF334605F180069CE745F23047C5F654
:1024C0000207B8420ED045F2444707E045F2804784
:1024D000C5F60207B84205D045F29447C5F6020793
:1024E000B84213D101EB8300E06601202267B040BF
:1024F000606704F16C02002307CA03604A60002091
:102500006065012184F83510BDE8F08140F60000D7
:10251000C4F2020000F1FC0100F5A072E2E7000045
:1025200038B1B0B5054690F83400012803D1022037
:10253000B0BD01207047012085F8340095F83500C2
:10254000012828D1022085F8350000206865286818
:10255000046824F0010404602846FEF76DF940F297
:102560000F422868C4F2020240F26F419042C4F266
:10257000020118DC6F23C4F20203984224DC3F23DB
:10258000C4F2020398423ADC1023C4F202039842D8
:1025900059D0282352E04FF400606865002085F888
:1025A00034000120B0BD88421ADC40F23F43C4F23F
:1025B000020398422ADC40F21043C4F2020398421C
:1025C00041D040F2284339E09F23C4F202039842ED
:1025D00025DC7023C4F20203984234D088232DE016
:1025E00040F29F43C4F2020398421FDC40F2704362
:1025F000C4F20203984226D040F288431EE04023F2
:10260000C4F2020398421ED0582317E040F2404320
:10261000C4F20203984216D040F258430EE0A023C1
:10262000C4F2020398420ED0B82307E040F2B84348
:10263000C4F20203984206D040F2A043C4F202035F
:10264000984240F0238103680B2464F34403036041
:102650002B6C1BB10823046823430360884219DCF8
:102660009F23C4F20203984231DC5723C4F20203D1
:10267000984256DC1023C4F20203984200F0918085
:102680002823C4F20203984200F08B804023C4F256
:10269000020384E045F22F43C5F6020398422BDC87
:1026A00040F2B743C4F20203984248DC40F2704360
:1026B000C4F20203984274D040F28843C4F2020389
:1026C00098426ED040F2A043C4F2020367E040F2A9
:1026D0002743C4F20203984240DCA023C4F2020361
:1026E00098425ED0B823C4F20203984259D040F217
:1026F0001043C4F2020352E045F26B43C5F60203F5
:1027000098423CDC45F23043C5F60203984248D07B
:1027100045F24443C5F60203984242D045F258437D
:102720003BE05823C4F2020398423AD07023C4F22B
:102730000203984235D08823C4F202032FE040F20E
:10274000B843C4F2020398422BD045F20843C5F6C1
:102750000203984225D045F21C431EE040F2284374
:10276000C4F2020398421CD040F24043C4F2020378
:10277000984216D040F25843C4F202030FE045F2EB
:102780006C43C5F6020398420BD045F29443C5F65C
:102790000203984205D045F28043C5F602039842F1
:1027A0006ED12B6E1C68E40303D51C6844F480745E
:1027B0001C60EB6E1BB11D6845F480751D60904276
:1027C00010DC6F21C4F2020188421CDC3F21C4F2FC
:1027D0000201884232DC1021C4F2020188424FD04B
:1027E00028214AE088421ADC40F23F41C4F202014B
:1027F00088422ADC40F21041C4F2020188423FD0F4
:1028000040F2284139E09F21C4F20201884225DCD0
:102810007021C4F20201884232D088212DE040F2BA
:102820009F41C4F2020188421FDC40F27041C4F2B1
:102830000201884224D040F288411EE04021C4F2C7
:10284000020188421CD0582117E040F24041C4F2F6
:102850000201884214D040F258410EE0A021C4F297
:10286000020188420CD0B82107E040F2B841C4F21E
:102870000201884204D040F2A041C4F20201884221
:10288000016841F0010101600020B0BD036805242A
:1028900064F3430303602B6C002B3FF4DFAE04238F
:1028A000D9E600000000000090F89830013B012BB1
:1028B0000BD80068836D0B420CD0836D0B408B42AC
:1028C0000CD1C36D43F0020309E000F19C0101202B
:1028D000022221E0C36D43F0010300E00323C3653E
:1028E0008B0504D5D0F8E0301343C0F8E0304B0539
:1028F00004D5D0F8E4301A43C0F8E4204FF6FF7254
:10290000436DC3F6CF720A401A4342658A0F4AF6F6
:1029100014010020C4F200010B681A430A607047DA
:10292000B0B5044690F8980002281AD12068D0F873
:10293000C03013F07C5F19D0D0F8C4309B021AD499
:10294000D0F8C400C0F3044520462B46FEF790F9AA
:1029500020680121A940C0F8D0100020C4F89410CC
:10296000B0BDD4F89C0040F0080008E0D4F89C000A
:1029700040F0200003E0D4F89C0040F40070C4F85C
:102980009C000120B0BD0000704700000000000066
:1029900090F89820013A012A0BD880B50A68002ADD
:1029A000CA680ED00B69072A43EA427E16D18B69AA
:1029B00019E0D0F89C1041F00201C0F89C100120F1
:1029C0007047072A18D10A69D1E906C3120442EAFE
:1029D000032242EA0C0242F0605217E0D1F808C02C
:1029E0004B6943EA8C73006F496800EBC10240F801
:1029F00031E05360002080BD8B68D1E904CE9B0795
:102A000043EAC26242EA0C4242EA0E024968C06EE0
:102A100040F82120002080BD90F898C0BCF1010F43
:102A20000DD19200006842EA0111DDF800C041EAD0
:102A3000430141EA0C01C0F8801000207047D0F833
:102A40009C1041F00401C0F89C1001207047000068
:102A50007047000000000000704700000000000008
:102A600070B590F89850022D11D1402914D1046806
:102A7000D4F8A05015F4FE0F2BD0D4F8A4506D0656
:102A80002CD0D4F8A450ED0130D4002531E0D0F89A
:102A90009C1041F0080125E041290FD10468D4F8C9
:102AA000B05015F4FE0F14D0D4F8B4506D0615D004
:102AB000D4F8B450ED0126D4002527E0056D8D42F1
:102AC00007D900F17C04D0F854E04FF0000C0D461B
:102AD00026E0D0F89C1041F0200103E0D0F89C10D3
:102AE00041F48071C0F89C10012070BDD4F8A05052
:102AF000ED0FD4F8A440C4F3052404EB050E00F157
:102B00007404456C0BE0D4F8B050ED0FD4F8B44029
:102B1000C4F3052404EB050E00F17804C56CF446FB
:102B200005FB0EF6246854F8265015F080455560D4
:102B300054F826E02EF0604508BFCEF38A4504EB3A
:102B4000860E156054F8265005F00055956054F82F
:102B5000264004F000441461BEF80440D461BEF87D
:102B6000064014F00F04D460DEF8044004F480142E
:102B70005461DEF8044004F4001494619EF80740A8
:102B800004F07F041462DEF804404FEAD474546207
:102B90000ED00EF1080548F6C07E0024C0F6000EE7
:102BA0002E5D1E550134D6681EF80660B442F7D378
:102BB000402904D10068C0F8A8C0002070BD412998
:102BC00004D10068C0F8B8C0002070BD1F2907D824
:102BD0000068012202FA01F1C0F89810002070BDCF
:102BE000006801F01F01012202FA01F1C0F89C10F7
:102BF000002070BD000000007047000000000000D1
:102C00002DE9F04F89B004464AF61000C4F20000E6
:102C100001684AF61400C4F200000268206802EA63
:102C20000108056DD0F85490036D0293436D019334
:102C3000036D0493436D0393036D0893436D0793F2
:102C4000036D0693436D0593D0F854A0D0F850B0AF
:102C50005FEACA530ED51BF480710BD04FF480711C
:102C600001654AF610010020C4F200010860204608
:102C7000FFF7C2FF05EA09064AF610095FEA4A5063
:102C8000C4F200094FEA887711D51BF480600ED09A
:102C90002068D0F8DC10D0F8E42011404FF48062B6
:102CA00002650020C9F80000204600F031FCDDE993
:102CB000011000EA010506F4704657B120680021B2
:102CC000016508F00300C9F8000020463946FFF707
:102CD0005BFEDDE9031000EA010705F00F0546B1D0
:102CE0002068314606650020C9F80000204600F043
:102CF00017FC07F0F00645B120682946056500205D
:102D0000C9F80000204600F093FB46B12068314628
:102D100006650020C9F80000204600F0C1FB5FEA0C
:102D20000A500CD51BF4006009D020684FF40061F4
:102D300001650020C9F80000204600F0F5FB5FEABD
:102D40008A5011D51BF400700ED02068D0F8D8102E
:102D5000D0F8E02011404FF4007202650020C9F85D
:102D60000000204600F0D8FB5FEA0A300CD51BF4C7
:102D7000002009D020684FF4002101650020C9F827
:102D80000000204600F050FB5FEACA300CD51BF46F
:102D9000803009D020684FF4803101650020C9F8E7
:102DA0000000204600F0B0FB5FEA4A30DDE9051084
:102DB00000EA01050CD51BF4802009D020684FF4EF
:102DC000802101650020C9F80000204600F098FB32
:102DD0005FEA8A30DDE9071000EA010005F0607162
:102DE0000FD51BF400320CD022684FF4003313656A
:102DF0000022C9F80020D4F89C2042F08002C4F8D8
:102E00009C2000F0715539B1206801650020C9F897
:102E100000002046FFF720FE4DB120680565002028
:102E2000C9F80000D4F89C002843C4F89C0020682E
:102E3000A9F50161884209D0D4F89C00002867D028
:102E4000204609B0BDE8F04FFFF702BE6068816818
:102E50008907F1D0016A426A036A476A114003EAAE
:102E6000070202F03005D0F82080D0F82490D0F886
:102E700020B0D0F824A0026A089211F00F01426A33
:102E80000792466A026A069203D00162204600F069
:102E90002BFB08EA09072DB1606829460562204628
:102EA00000F02AFB70060BEA0A0607F4C0750ED57F
:102EB000069810F040000AD060684023C16BC26BD6
:102EC000090C02F03F020362204600F011FBDDE92D
:102ED000071000EA010706F4FC462DB16068294698
:102EE0000562204600F0FCFA07F4F02036B1616874
:102EF0000E62D4F89C103143C4F89C1000289BD07B
:102F000061680862D4F89C100843C4F89C0093E7F9
:102F100009B0BDE8F08F000040B32DE9F04F83B059
:102F20004AF200080446C4F200080068404502D195
:102F300008F58070606094F8980028B9002084F843
:102F40009900204600F0CCF92068816921F0100139
:102F5000816100F0C5FB054620688169090707D536
:102F600000F0BEFB401B0B28F6D312E00120704797
:102F7000816941F00101816100F0B2FB054600BFAB
:102F800020688169C90711D100F0AAFB401B0B28FA
:102F9000F6D30120D4F89C100843C4F89C00032009
:102FA00084F89800012003B0BDE8F08F816941F0FA
:102FB00002018161217C826922F04002012918BF4F
:102FC00040328261617C826922F48042012908BF1B
:102FD00002F580428261A17C826922F4805201293B
:102FE00018BF02F580528261816921F44073D4E9EF
:102FF00002120B438361836923F0A4038361036995
:1030000023F0100303619AB1012A0DD0022A09D0DE
:103010008369032A43F080038361036943F010024C
:10302000026105D1202200E0042283691A438261F3
:10303000D4E90572E369561E6FF0FF02256A02EBC0
:103040000323B1F5407F43EA4663A5F1010646EA52
:10305000030640F20003CFF6FF7303EB074746EA8F
:103060000701C16110D1D4E90B65D4E90917013F0B
:1030700002EB06226FF00F063A4306EB05173A43C0
:1030800003EB01411143C160236E2BB1616ED0F897
:10309000C0201143C0F8C010E16DCDE90113D94241
:1030A00048F6F861C0F6000109D0D0F8C820A36E38
:1030B00022F0070251F823301A43C0F8C820D4F890
:1030C00040A0BAF1000F09D0D0F8BC20636C22F008
:1030D000070251F823301A43C0F8BC20D4F848C086
:1030E000BCF1000F0AD0D0F8BC20E36C22F07002D3
:1030F00051F8233042EA0312C0F8BC20D4F850B093
:10310000BBF1000F0AD0D0F8BC20636D22F4E0625E
:1031100051F8231042EA0121C0F8BC10404504D107
:1031200061688A6822F003028A600021C4F8941062
:10313000C4F89C10012184F8981004F13409D0F8E7
:1031400084104FF6FC729143656C99E80C0200956F
:1031500041EA8201C0F88410D0F8841021F47F0184
:1031600041EA0341C0F884109918D0F888306FF311
:103170008F0343EA8103C0F88830D0F8883023F405
:10318000FE0343EA0943C0F8883001EB4903D0F855
:10319000A0606FF38F0646EA8306C0F8A060D0F8FF
:1031A000A06026F4FE0646EA0A46C0F8A06005FBC9
:1031B0000A36D0F8B0306FF38F0343EA8603C0F8C5
:1031C000B030D0F8B03023F4FE0343EA0C43C0F82B
:1031D000B030E36CD0F8AC506FF38F0503FB0C6696
:1031E00045EA8605C0F8AC50D4F8548008FB0B655E
:1031F000D0F8F0606FF38F0646EA8506C0F8F060FD
:10320000D0F8F0E0A66D2EF47C1747EA0647C0F828
:10321000F070F70007EB8507D0F8C0506FF38F050B
:103220002F43C0F8C070D0F8C070009D27F47C1701
:1032300005FB0AF5DDF804A003FB0C5347EA0A4737
:10324000C0F8C0704AF20007D0F8C0E0C4F200072E
:10325000DDF808C007F5406707EB820207EB810144
:103260002EF07C5747EA0C67C0F8C07001EBC9002C
:1032700008FB0B372167A16E00EB8505606700EB4B
:103280008303E266C4E91E530AFB01F300EB8700E7
:103290000CFB01F1C4F8800000EBC600C4F8840008
:1032A00000EB8300C4F8880000EB81004DF2FC3194
:1032B000C4F20001C4F89000884201D9202069E6D8
:1032C000824208D2002000BF42F8040BD4F89010CC
:1032D0008A42F9D367E6002003B0BDE8F08F000012
:1032E000B0B5B8B0044602A8C0210025CDE93655D6
:1032F000CDE934553395FDF71AF94AF200412068BB
:10330000C4F2000188423ED04AF20001C4F200013A
:10331000884240F08780002003904FF400400290E4
:103320004FF080501E9002A800F042FC08B1FDF75B
:1033300077FC40F29C0144F2E040C2F20041C5F645
:1033400002000A68002A02F101020A6008D1C1687D
:1033500041F48071C160C16801F4807101910199EB
:103360000168152441F0080101600068132500F090
:1033700008000190019840F20040C5F602000321C8
:1033800000F5006033E04FF4004002904FF08050B1
:103390001E9002A8039500F00BFC08B1FDF740FC5D
:1033A00040F29C0144F2E040C2F20041C5F6020046
:1033B0000A68002A02F101020A6008D1C16841F4DA
:1033C0008071C160C16801F4807101910199016847
:1033D000162441F0020101600068142500F002008B
:1033E0000190019840F200406021C5F6020033913F
:1033F000022134910021CDE935110921379133A9FA
:1034000000F096F805210022284600F031FA2846FF
:1034100000F01EFA05210022204600F029FA20467D
:1034200000F016FA38B0B0BD704700000000000090
:1034300040F2B822C2F20042904230D111F00100B5
:1034400008BF70472DE9F04196B00AAA40F2B820B3
:1034500002F12803C2F200404021FFF701FBD8B976
:103460000A98012818D10DF1340E0DF14408DDE958
:103470000B239EE803508DE8035004A8012198E82F
:10348000700170C040F20010159FC2F20040089712
:10349000CDF81C80FDF7F0F816B0BDE8F04170479C
:1034A000704700000000000090F8981001290CD12E
:1034B000022180F8981001688A6922F001028A616D
:1034C0000021C0F89C1008467047D0F89C1041F0CD
:1034D0000401C0F89C1001207047000000000000AB
:1034E000704700000000000070470000000000006E
:1034F000704700000000000070470000000000005E
:10350000704700000000000070470000000000004D
:10351000704700000000000070470000000000003D
:10352000704700000000000070470000000000002D
:103530002DE9F04F82B00C68002C00F0C58000F13E
:10354000264242F2004502F1FF728305C5F60205EC
:103550000A27A84243EA922208BF0927092A40F213
:10356000040E38BF1746C5F6000E002200974FF034
:10357000030C0026002709E001370C6834FA07F332
:1035800006F1020602F1040200F09E80012303FA14
:1035900007FA14EA0A09EFD0D1F804B00BF00304DB
:1035A000A4F10108B8F1010F11D8D0F808800CFA85
:1035B00006F3CD6828EA0303B5402B438360CBF3C1
:1035C0000015436823EA0A03BD402B434360032CE4
:1035D0001DD0C3680CFA06F5AB438D68B540022CCC
:1035E00043EA0503C36012D16FF0030302F01C0528
:1035F00003EA57030F24034404FA05FAD3F82080A2
:103600000C6928EA0A08AC4044EA08041C62036812
:103610000CFA06F44D68A34305F0030415F4403F8B
:1036200004FA06F443EA04030360A5D044F2F44428
:1036300040F2084AC5F60204C5F6000A0F252368C1
:1036400043F002032360236803F00203019327F091
:103650000303019C02F00C0453F80A80A54028EAF9
:103660000508009D05FA04F444EA080443F80A40FA
:103670004FF0B04ADAF800804C6848EA0905E302E6
:1036800058BF28EA0905A302CAF80050DEF80080F6
:1036900048EA090558BF28EA0905A303CEF80050F7
:1036A000DEF8808048EA090558BF28EA0905E403E6
:1036B000CEF88050DEF87C3043EA090558BF23EA93
:1036C0000905CEF87C5057E702B0BDE8F08F000046
:1036D00041F20000C5F600400068000C7047000091
:1036E00044F2AC50C2F20040006870470000000095
:1036F00040F2140044F2AC51C2F20040C2F2004168
:1037000000780A681044086070470000000000005C
:1037100080B5032000F0DCF801F032F944F21841E2
:1037200048F67473C5F60201C0F600030A68C2F3D6
:1037300003229A5C096801F00F0102F01F02595C34
:10374000D04040F21002C2F2004201F01F0120FA04
:1037500001F1116040F20C01C2F2004108600F203B
:1037600000F00AF800281CBF012080BD00F058F8C6
:10377000002080BD000000000F2847D8B0B58AB0F7
:1037800004461D2000222146002500F071F81D206E
:1037900000F05EF840F21800C2F20040046044F20B
:1037A000E840C5F60200016841F0020101600068CE
:1037B00001A900F002000290029802A801F02CF882
:1037C000079C002C18BF012401F07AF84DF68361A4
:1037D000A040C4F21B3140F20042A0FB010140F2C4
:1037E0005830C2F200404FF0FF33C4F200020260D2
:1037F00003EB9141C0E9011540F2E731C0E903153F
:1038000001F06EFC20B101200AB0B0BD012070476C
:1038100040F25830C2F2004001F096FC0AB0B0BD50
:1038200081B044F2F4400022C5F60200016841F084
:103830000201016000680F2100F0020000906FF0AB
:103840000100009B01B000F013B800000000000070
:10385000002848BF704700F01F01012202FA01F161
:103860004EF200124009CEF2000242F820107047DA
:1038700070B54EF60C5C4FF0FF36CEF2000C00F146
:10388000604505F56445DCF80030C3F3022E8EF088
:103890000703042B28BF0423BEF1030406FA03F335
:1038A00021EA030100F00F0338BF0024043B002885
:1038B000634406FA04F048BF03F10C05A14022EA74
:1038C000000008430001287070BD000000000000E7
:1038D0004EF60C514FF6FF03CEF200010A681A4073
:1038E00060F30A2242F0806040F0FD70086070478B
:1038F000B0B544F60C05C5F60205296849072968E4
:1039000005D401F00701081A18BF0120B0BD21F04D
:10391000070108432860FFF7E3FE044655F8080C4A
:10392000800407D4FFF7DCFE001BB0F57A7FF5D9E1
:103930000120B0BD0020B0BD80B500F099FF44F279
:10394000204148F67472C5F60201C0F6000209680B
:10395000C1F30211515C01F01F01C84080BD00009D
:1039600080B544F2384EC5F6020E5EF8103C5EF8A3
:10397000101C5EF80C2CC1F3053CDEF80410BCF101
:10398000000F15D0C908D20601EAE2716FF35F316A
:1039900000EE101A03F003010229B8EE400A0CD021
:1039A00071B95EF8381C89060DD49FED351A18E000
:1039B00000218160C0E9001180BD9FED301A10E048
:1039C0009FED2D1A0DE05EF8381C49F20002C0F29E
:1039D000D032C1F3C10122FA01F101EE101AB8EEA2
:1039E000411ADEF800109FED273A6FF35F2102EED7
:1039F000101ADEF80010C1F34621B8EE422A00EE9C
:103A0000032A00EE10CAB7EE003AB8EE400A81EE83
:103A1000000A32EE031A02EE101AB8EE422A20EE25
:103A2000010A32EE031A80EE011ABCEEC11A80EDD3
:103A3000001ADEF80010C1F3064101EE101AB8EECC
:103A4000411A31EE031A80EE011ABCEEC11A80ED64
:103A5000011ADEF80010C1F3066101EE101AB8EE8B
:103A6000411A31EE031A80EE010ABCEEC00A10EED4
:103A7000101A816080BD00BF0024744A001B374BC0
:103A80000024744C0000003980B544F2404EC5F665
:103A9000020E5EF8183C5EF8181C5EF8142CC1F398
:103AA000055CDEF80410BCF1000F15D0C908D20582
:103AB00001EAE2716FF35F3100EE101A03F00301C7
:103AC0000229B8EE400A0CD071B95EF8401C890694
:103AD0000DD49FED351A18E000218160C0E9001176
:103AE00080BD9FED301A10E09FED2D1A0DE05EF8BD
:103AF000401C49F20002C0F2D032C1F3C10122FAE7
:103B000001F101EE101AB8EE411ADEF800109FED37
:103B1000273A6FF35F2102EE101ADEF80010C1F3AE
:103B20004621B8EE422A00EE032A00EE10CAB7EE94
:103B3000003AB8EE400A81EE000A32EE031A02EEB5
:103B4000101AB8EE422A20EE010A32EE031A80EE75
:103B5000011ABCEEC11A80ED001ADEF80010C1F3A4
:103B6000064101EE101AB8EE411A31EE031A80EE4A
:103B7000011ABCEEC11A80ED011ADEF80010C1F383
:103B8000066101EE101AB8EE411A31EE031A80EE0A
:103B9000010ABCEEC00A10EE101A816080BD00BFA1
:103BA0000024744A001B374B0024744C0000003979
:103BB0002DE9F04381B00446C07844F22C49000757
:103BC000C5F6020901D400252DE0A06E4FEA305061
:103BD00003280CD80025DFE800F0020D1613D9F8F1
:103BE000000040F40030C9F8000055B913E0012589
:103BF0003DB910E004F10800022102F06DF905461C
:103C00004DB1A84611E004F12800022102F0F4F9B8
:103C10000546002DF5D1D9F82400A16E20F44010FE
:103C20000843C9F824004FF000086078C00730D07E
:103C3000A06D042807D8DFE800F00A131C03030076
:103C4000FDB1A84625E00125002DFAD119E0D9F8EB
:103C5000000040F40030C9F80000002DF1D110E060
:103C600004F10800002102F037F90546002DE8D1E3
:103C700007E004F12800002102F0BEF90546002DFE
:103C8000DFD1D9F82400A16D20F007000843C9F85E
:103C900024006078800732D5E06D4FEAB010042828
:103CA00007D8DFE800F00A131C030300FDB1A846A3
:103CB00025E00125002DFAD119E0D9F8000040F4E3
:103CC0000030C9F80000002DF1D110E004F1080027
:103CD000002102F001F90546002DE8D107E004F1CA
:103CE0002800002102F088F90546002DDFD1D9F81F
:103CF0002400E16D20F4E0700843C9F824006078E6
:103D0000400734D5D4F8A8004FEA7050042807D8EB
:103D1000DFE800F00A131C030300FDB1A84626E00B
:103D20000125002DFAD119E0D9F8000040F4003047
:103D3000C9F80000002DF1D110E004F108000021C5
:103D400002F0CAF80546002DE8D107E004F128008A
:103D5000002102F051F90546002DDFD1D9F82C00E1
:103D6000D4F8A81020F460000843C9F82C0060784B
:103D7000000734D5D4F8AC004FEA3060042807D8E7
:103D8000DFE800F00A131C030300FDB1A84626E09B
:103D90000125002DFAD119E0D9F8000040F40030D7
:103DA000C9F80000002DF1D110E004F10800002155
:103DB00002F092F80546002DE8D107E004F1280052
:103DC000002102F019F90546002DDFD1D9F82C00A9
:103DD000D4F8AC1020F0E0600843C9F82C00E0787B
:103DE000800728D5E06C4FEA3010032806D8DFE8BA
:103DF00000F002091202B5B1A8461CE00125002D11
:103E0000FAD110E0D9F8000040F40030C9F8000001
:103E1000002DF1D107E004F10800022102F05CF866
:103E20000546002DE8D1D9F82000E16C20F03000E3
:103E30000843C9F820006078C00632D5206E4FEAEA
:103E40003030042807D8DFE800F00A131C03030011
:103E5000FDB1A84625E00125002DFAD119E0D9F8D9
:103E6000000040F40030C9F80000002DF1D110E04E
:103E700004F10800002102F02FF80546002DE8D1DA
:103E800007E004F12800002102F0B6F80546002DF5
:103E9000DFD1D9F82400216E20F4E0400843C9F8AE
:103EA00024006078800626D5606E4FEA30400528F1
:103EB00007D8DFE800F0030A100303039DB1A8460A
:103EC00019E00125002DFAD10DE004F108000121CF
:103ED00002F002F804E004F12800012102F08CF85D
:103EE0000546002DEBD1D9F82400616E20F4E020C6
:103EF0000843C9F824006078400628D5D4F8B000FB
:103F00004FEA3070052807D8DFE800F0030A1003F5
:103F100003039DB1A8461AE00125002DFAD10DE05A
:103F200004F10800012101F0D7FF04E004F12800AA
:103F3000012102F061F80546002DEBD1D9F82C00E3
:103F4000D4F8B01020F0E0400843C9F82C006078A5
:103F5000000620D5206FD8B1B0F1005F12D0B0F1CB
:103F6000805F25D1D9F8000040F40030C9F8000086
:103F700085B9D9F82400216F20F040500843C9F8D2
:103F8000240008E004F10800012101F0A5FF054626
:103F9000002DEED0A846E078C0072AD0A06C0328F8
:103FA0000AD8DFE800F0020D1602D5B1A84620E0DD
:103FB0000125002DEED1DCE70125002DF6D110E022
:103FC000D9F8000040F40030C9F80000002DEDD110
:103FD00007E004F10800022101F07EFF0546002DF4
:103FE000E4D1D9F82000A16C20F003000843C9F8FF
:103FF0002000A078400643D5D9F8D40340F480705F
:10400000C9F8D403FFF76CFB064600BFD9F8D40308
:10401000C00505D4FFF764FB801B6528F6D3032594
:104020006DBBD9F84410D4F8B400414011F4407F7E
:1040300011D0D9F84410D9F8442042F48032C9F89C
:104040004420D9F8442021F4407122F48032C9F888
:104050004420C9F84410B0F5807F0FD1FFF740FB32
:10406000064641F2893700BFD9F84400800705D4DD
:10407000FFF736FB801BB842F6D3032585B1A8466F
:104080002078C00742D0E06F4FEAF000052823D81F
:10409000DFE800F003262C0303037DB3A84635E0D8
:1040A0004FF6CF73D4F8B40059F81C2CC0F2FF03BC
:1040B00000F4407122F47C5203EA1013B1F5407F02
:1040C00008BF1A436FF31F3049F81C2CD9F844106D
:1040D0000843C9F84400D3E70125002DDED10DE0E7
:1040E00004F10800012101F0F7FE04E004F12800CA
:1040F000012101F081FF0546002DCFD1D9F828001C
:10410000E16F20F038000843C9F8280020788007C4
:1041100024D5A06F052807D8DFE800F0030A1003B4
:1041200003039DB1A84619E00125002DFAD10DE049
:1041300004F10800012101F0CFFE04E004F12800A1
:10414000012101F059FF0546002DEBD1D9F82800D7
:10415000A16F20F007000843C9F828002078400725
:1041600026D5D4F89400052807D8DFE800F0030A24
:10417000100303039DB1A8461AE00125002DFAD1D2
:104180000DE004F10800012101F0A6FE04E004F1B5
:104190002800012101F030FF0546002DEBD1D9F8B0
:1041A0002C00D4F8941020F007000843C9F82C0024
:1041B0002078800628D5D4F890004FEA3070052882
:1041C00007D8DFE800F0030A100303039DB1A846F7
:1041D0001AE00125002DFAD10DE004F108000021BC
:1041E00001F07AFE04E004F12800022101F004FF4E
:1041F0000546002DEBD1D9F82800D4F8901020F016
:10420000E0400843C9F828002078400628D5D4F8B3
:104210009C004FEAB020052807D8DFE800F0030A29
:10422000100303039DB1A8461AE00125002DFAD121
:104230000DE004F10800002101F04EFE04E004F15D
:104240002800022101F0D8FE0546002DEBD1D9F857
:104250002C00D4F89C1020F4E0500843C9F82C003E
:104260002078000628D5D4F8A0004FEA7030052841
:1042700007D8DFE800F0030A100303039DB1A84646
:104280001AE00125002DFAD10DE004F1080000210B
:1042900001F022FE04E004F12800022101F0ACFE4E
:1042A0000546002DEBD1D9F82C00D4F8A01020F44D
:1042B00060400843C9F82C002078000716D5D4F8D0
:1042C0008400B0F5805F08D104F12800022101F0DC
:1042D00093FE002818BF4FF00108D9F82800D4F841
:1042E000841020F440500843C9F828002078C00604
:1042F00016D5D4F89800B0F5807F08D104F12800D5
:10430000022101F079FE002818BF4FF00108D9F80A
:104310002C00D4F8981020F440700843C9F82C0001
:10432000A078000722D5D4F8A400B0F5003F1AD039
:10433000B0F5803F11D0C8BB04F10800002101F0A6
:10434000CBFD05468DB9D9F82C00D4F8A41020F483
:1043500040300843C9F82C0008E004F1280002218D
:1043600001F04AFE0546002DEDD0A846A078400792
:1043700029D5D4F88800B0F5401F21D0B0F5001F32
:1043800018D0B0F5801F40F0BE80D9F8000040F48E
:104390000030C9F80000ADB9D9F82800D4F8881069
:1043A00020F440100843C9F828000CE00125002D36
:1043B000DBD1C8E704F12800012101F01DFE05460C
:1043C000002DE9D0A846A078C00720D0206DB0F518
:1043D000803F10D0B8B9D9F8000040F40030C9F8D7
:1043E00000009DB9D9F82000216D20F480300843E9
:1043F000C9F820000BE004F10800022101F06CFD77
:1044000005461DB9EEE70125002DEBD0A846E07862
:10441000800608D504F12800022101F0EDFD0028F6
:1044200018BF4FF00108D4E900108A037AD5D4F8F8
:1044300080206FF0010303EB3223022B0AD34FEAF3
:1044400032233BB1012B63D1D9F8003043F4003360
:10445000C9F80030002D5ED0CA0266D4CA006ED4FE
:104460008A0278D44A0000F18180CA0F40F08E8021
:10447000090200F19680C00707D004F1080000216E
:1044800001F02AFD002818BF05462079800707D5CE
:1044900004F10800012101F01FFD002818BF0546A6
:1044A0002079400707D504F10800022101F014FD2E
:1044B000002818BF05462079000707D504F1280019
:1044C000002101F099FD002818BF05462079C0069B
:1044D00007D504F12800012101F08EFD002818BF46
:1044E00005462079800607D504F12800022101F055
:1044F00083FD002818BF0125002D18BF012528467F
:1045000001B0BDE8F0830125002D7FF45BAF43E7E8
:104510000125002DA0D1D9F8283023F440731A4387
:10452000C9F828204546CA0298D5D9F82420636FD7
:1045300022F000421A43C9F82420CA0090D559F845
:104540001C2CD4F8B83022F480421A4349F81C2CB1
:104550008A027FF587AFD9F82420E36E22F08072BB
:104560001A43C9F824204A007FF57FAF59F81C2C64
:1045700022F4004249F81C2CD4F8BC2059F81C3C09
:104580001A4349F81C2CCA0F3FF472AFD9F8202007
:10459000636D22F040521A43C9F8202009027FF5CA
:1045A0006AAFD9F82810D4F88C2021F440011143C7
:1045B000C9F82810C0077FF460AF66E7000000006C
:1045C0002DE9F04381B0002800F0F68042F20008A7
:1045D0000446C5F200288946D8F8000000F00F0014
:1045E00088420ED2D8F8000020F00F0040EA0900FF
:1045F000C8F80000D8F8000000F00F00484540F06F
:10460000DB80206844F218474107C5F602070AD547
:1046100021693A6802F07002914204D93A6822F0A6
:1046200070021143396001070AD561697A6802F0A6
:104630007002914204D97A6822F0700211437960C5
:10464000C1060AD5A1697A6802F4E062914204D9F0
:104650007A6822F4E0621143796081060AD5E16943
:10466000BA6802F07002914204D9BA6822F070026E
:104670001143B96081070AD5E1683A6802F00F0278
:10468000914204D93A6822F00F0211433960C00701
:1046900040F08080206881070AD5E1683A6802F01E
:1046A0000F02914204D23A6822F00F02114339609E
:1046B000D8F8001001F00F0149450DD9D8F80010C5
:1046C00021F00F0141EA0901C8F80010D8F80010E4
:1046D00001F00F0149456FD141070AD521693A68B8
:1046E00002F07002914204D23A6822F07002114343
:1046F000396001070AD561697A6802F07002914257
:1047000004D27A6822F0700211437960C1060AD59A
:10471000A1697A6802F4E062914204D27A6822F4D4
:10472000E0621143796080060AD5E069B96801F05A
:104730007001884204D2B96821F070010843B86062
:1047400000F01EF9396848F67472C0F60002C1F331
:104750000321515C3B6803F00F0301F01F01D25CA1
:1047600020FA01F102F01F0040F21002C2F20042F2
:1047700021FA00F0106040F2180040F20C02C2F280
:104780000040C2F200420068116001B0BDE8F04391
:10479000FEF7F2BF3968D4E9010221F47061012803
:1047A00041EA020139600BD003282BD002282ED118
:1047B00057F8181C890307D4012001B0BDE8F08325
:1047C00057F8181CC905F7D557F8081C21F0070140
:1047D000084347F8080CFEF783FF064641F2883588
:1047E00057F8080C616800F03800B0EBC10F3FF4D7
:1047F00051AFFEF775FF801BA842F1D9032001B02D
:10480000BDE8F08357F8181C8901D5D5DCE757F8C7
:10481000181C4907D0D5D7E73F22026044F218425E
:10482000C5F6020252F8083C03F007034360136820
:1048300003F470638360136803F00F03C3601368AD
:1048400003F070030361536803F07003436153681E
:1048500003F4E0638361926802F07002C26142F285
:104860000000C5F20020006800F00F0008607047EB
:1048700080B500F085F844F2184148F67473C5F627
:104880000201C0F600030A68C2F303229A5C0968B9
:1048900001F00F0102F01F02595C20FA02F201F050
:1048A0001F0040F21001C2F2004122FA00F008603D
:1048B00040F20C01C2F200410A6080BD000000001D
:1048C00080B500F05DF844F2184C48F67473C5F6F4
:1048D000020CC0F60003DCF80020C2F303229A5C4D
:1048E000DCF8001001F00F0102F01F02595CD0400B
:1048F00040F21002C2F2004201F01F0120FA01F161
:10490000116040F20C02C2F200421060DCF80400B8
:10491000C0F30210185C00F01F0021FA00F080BD07
:1049200080B500F02DF844F2184C48F67473C5F6C3
:10493000020CC0F60003DCF80020C2F303229A5CEC
:10494000DCF8001001F00F0102F01F02595CD040AA
:1049500040F21002C2F2004201F01F0120FA01F100
:10496000116040F20C02C2F200421060DCF8040058
:10497000C0F30220185C00F01F0021FA00F080BD97
:1049800044F20041C5F602010869C0F3C2000328E1
:104990000FD002282CD080BB0868800649F20000A6
:1049A000C0F2D03058BF70470968C1F3C101C84098
:1049B00070478A6A886AC0F3051CC86ABCF1000F98
:1049C0004B6B1FD000F0010002F003024042022AAC
:1049D00000EAD3006FF35F3000EE100AB8EE400A31
:1049E00012D0A2B90868800614D49FED261A1EE0E2
:1049F00041F60030C0F2B700704740F60010C0F238
:104A00003D007047002070479FED1D1A0FE09FED9D
:104A10001B1A0CE0086849F20002C0F2D032C0F361
:104A2000C10022FA00F001EE100AB8EE411A086B3C
:104A30009FED153A6FF35F2002EE100A086BC0F38A
:104A40004620B8EE422A013000EE032A00EE10CADA
:104A5000B7EE003AB8EE400A81EE000A32EE031AD1
:104A600020EE010A01EE100AB8EE411A80EE010AAA
:104A7000BCEEC00A10EE100A704700BF0024744A52
:104A8000001B374B0024744C00000039000000006C
:104A90002DE9F04381B0002800F0C98180460078FC
:104AA00044F20049C007C5F6020956D0D9F81000F3
:104AB00000F03801D9F82800102905D018290CD1A8
:104AC00000F00300022808D1D9F80000800340D587
:104AD000D8F80400E8BB01272EE0D8F804402CB138
:104AE000B4F5A02F0DD0B4F5803F10D0D9F8000058
:104AF00020F48030C9F80000D9F8000020F48020AC
:104B000009E0D9F8000040F48020C9F80000D9F885
:104B1000000040F48030C9F80000FEF7E1FD0546D2
:104B20009CB100BFD9F80000800312D4FEF7D8FD75
:104B3000401B6428F6D90327002070B9BCE100BFF0
:104B4000FEF7CEFD401B6428F5D8D9F8000080039D
:104B5000F6D40120002800F0AF8198F8000080070B
:104B600040F18080D9F8100010F03801D9F8280001
:104B70001CD0182908BF5FEA807017D0D8F80C0045
:104B8000D9F80010002845D021F019010843C9F8D0
:104B90000000FEF7A5FD0546D9F80000400728D41F
:104BA000FEF79EFD401B0228F6D91EE0D9F8000052
:104BB000400704D5D8F80C00002800F0DC81D9F8B3
:104BC0000000D8F80C1020F019000843C9F80000C4
:104BD000FEF786FD054600BFD9F80000400708D45F
:104BE000FEF77EFD401B0228F6D903270024CCBB2C
:104BF00062E1FEF76DFD41F20301884221D8D8F849
:104C00001000D9F80410402821F47C3122D141F45D
:104C1000003021E021F00100C9F80000FEF760FD3E
:104C200005460126D9F8000010F0040086EA900439
:104C300015D0FEF755FD401B0228F3D903278CB988
:104C40003AE1D9F80400D8F8101020F0FE4040EA0C
:104C5000016001E041EA00300124C9F80400002CA1
:104C600000F02A8198F80000C00670D5D9F810002D
:104C700000F03801D9F82800082905D018291CD1DE
:104C800000F00300012818D1D9F80000C00503D5B1
:104C9000D8F81C00802855D1FEF71AFD41F2030117
:104CA000884222D8D8F82000D9F80410202821F012
:104CB000F8413ED141F080403DE0D8F81C0000288A
:104CC000D9F800001ED040F08000C9F80000FEF7BF
:104CD00007FD0546D9F80000C005DDD4FEF700FD4C
:104CE000401B0228F6D903272DE0D9F80C00D8F88C
:104CF000201020F07C50012440EA0160C9F80C002B
:104D00002CBBD9E020F08000C9F80000FEF7E8FCD9
:104D100005460126D9F8000010F4807086EA1024B8
:104D20000CD0FEF7DDFC401B0328F3D3032774B936
:104D3000C2E041EA8060C9F804000124002C00F0C0
:104D4000BB8004E001270024002C00F0B58098F817
:104D5000000000076DD498F80000800600F1818003
:104D600098F80000400700F19480D8F82440002C07
:104D70005BD0D9F8100000F03800182840F0D98036
:104D8000012CD9F82810D9F8300050D001F00302D6
:104D9000D8F828309A424AD1C1F30511D8F82C200E
:104DA000914244D10146D8F830206FF35F21013A97
:104DB00091423CD1C0F34622D8F8341001398A42DE
:104DC00035D1C0F30642D8F8381001398A422ED1C5
:104DD000C0F30660D8F83C100139884227D1D9F8D1
:104DE0003400D8F84810C0F3CC0081421DD0D9F867
:104DF0002C0020F00100C9F82C00FEF771FC0546DC
:104E0000FEF76EFCA842FBD0D9F834004FF6F871DB
:104E1000D8F84820884340EAC200C9F83400D9F8DD
:104E20002C0040F00100C9F82C00002744E00127C5
:104E300042E0D8F814000028D9F8740040D040F0BF
:104E40000100C9F87400FEF74BFC0546D9F8740060
:104E500080073FF580AFFEF743FC401B0228F5D9E1
:104E600029E0D8F818000028D9F800004DD040F407
:104E70008050C9F80000FEF733FC0546D9F8000061
:104E800080043FF56DAFFEF72BFC401B0228F5D9DF
:104E900011E0D9F8000440F48070C9F80004FEF76E
:104EA0001FFC0546D9F80004C0051CD4FEF718FC09
:104EB000401B6428F6D90327F8B201B0BDE8F0839F
:104EC00020F00100C9F87400FEF70AFC054603272C
:104ED000D9F8740080077FF53EAFFEF701FC401B58
:104EE0000228F5D9E8E7D8F808401CB1052C44D0D1
:104EF000012C48D0D9F8700020F00100C9F87000EA
:104F0000D9F8700020F0040041E020F48050C9F886
:104F10000000FEF7E5FB0546032700BFD9F80000B7
:104F200080047FF51DAFFEF7DBFB401B0228F5D99F
:104F3000C2E7D9F8000020F08070C9F80000FEF741
:104F4000CFFB022C05464FF0030709D1D9F800002A
:104F500080013ED5FEF7C4FB401B0228F6D9ABE723
:104F6000D9F8000080017FF560AFFEF7B9FB401B68
:104F70000228F5D9A0E7012738E6D9F8700040F0FB
:104F80000400C9F87000D9F8700040F00100C9F8B9
:104F90007000FEF7A5FB002C054641F288344FF067
:104FA000030711D0D9F8700080073FF5DEAEFEF799
:104FB00097FB401BA042F5D97EE700BFFEF790FBB0
:104FC000401BA0423FF678AFD9F870008007F5D4B7
:104FD000CBE608F12807D9F8280040F2F3318843DE
:104FE0008ECF0843591E40EA02104FF47E426FF301
:104FF0005F21C9F8280002EB47204FF4FE0280B27F
:10500000D8F83C300844D8F8381002EB01414FF092
:10501000FE4201F4FE0102EB0362084402F0FE418D
:105020000844C9F83000D9F82C004FF6F87120F088
:105030000100C9F82C00D9F83400D8F8482088437A
:1050400040EAC200C9F83400D9F82C00D8F8401062
:1050500020F00C000843C9F82C00D9F82C00D8F82F
:10506000441020F002000843C9F82C00D9F82C00A5
:1050700040F48030C9F82C00D9F82C0040F40030FE
:10508000C9F82C00D9F82C0040F48020C9F82C0075
:10509000D9F82C0040F00100C9F82C00D9F8000024
:1050A00040F08070C9F80000FEF71AFB04460327A1
:1050B000D9F8000080013FF5B8AEFEF711FB001BE8
:1050C0000228F5D9F8E60000704700000000000053
:1050D0007047000000000000704700000000000062
:1050E00060B310B5044690F83D0028B9002084F85C
:1050F0003C00204600F024F8022084F83D0020689F
:10510000211D01F0FDF9012084F8480084F83E00DB
:1051100084F83F0084F8400084F8410084F842009D
:1051200084F8430084F8440084F8450084F846007D
:1051300084F8470084F83D00002010BD012070472E
:10514000704700000000000090F83D1001291BD1BD
:10515000022180F83D10016841F2FF70C4F20000A6
:105160008142C86840F00100C8600FDC40F2FF7067
:10517000C4F20000814217DCB1F1804F2BD040F225
:105180000040C4F2000024E00120704740F2FF30EC
:10519000C4F20100814212DC41F60000C4F20000BA
:1051A000814218D0002012E040F60000C4F2000056
:1051B000814210D040F60040C4F2000009E044F201
:1051C0000000C4F20100814205D040F20040C4F268
:1051D000010081420BD107228868C0F2010202401F
:1051E0000020062A18BFB2F5803F00D1704708683A
:1051F00040F001000860002070470000000000003F
:105200007047000000000000F0B581B0044600685F
:10521000C5680669B10716D515F0020113D06FF005
:1052200002010161012121778069800703D02046B6
:10523000FFF7E6FF05E0204600F09AF8204600F070
:105240009BF800202077700718D515F0040015D0C2
:1052500020686FF00401016102212177806910F458
:10526000407F03D02046FFF7CBFF05E0204600F04B
:105270007FF8204600F080F800202077300717D50F
:1052800015F0080014D020686FF0080101610421B6
:105290002177C069800703D02046FFF7B1FF05E002
:1052A000204600F065F8204600F066F800202077E0
:1052B000F00618D515F0100015D020686FF0100119
:1052C000016108212177C06910F4407F03D0204696
:1052D000FFF796FF05E0204600F04AF8204600F070
:1052E0004BF800202077F00718BF15F0010006D01A
:1052F00020686FF001010161204600F041F805F0DF
:10530000800716F4025F18BF002F02D1F00509D400
:1053100010E020686FF4025101612046FFF7D8FECB
:10532000F00507D537B120686FF480710161204620
:10533000FFF7CAFE700609D515F0400006D02068B8
:105340006FF040010161204600F026F8B0060CD550
:1053500015F0200009D020686FF02001016120467F
:1053600001B0BDE8F040FFF7B7BE01B0F0BD0000EE
:1053700070470000000000007047000000000000BF
:1053800040F200410068C4F20001884218BF704733
:10539000FEF7AEB9000000007047000000000000FA
:1053A00090F88410012901D1022070472421C0F80F
:1053B000881002681368116823F0005321F001017E
:1053C00011600021416613602022C0F8882080F817
:1053D000841008467047000010B50446D0F88C00D1
:1053E000202805D10120002918BF002A02D110BDB4
:1053F000022010BDE06600202067204601F0DCFCA2
:10540000002818BF10BDE16E01290ED121681022BD
:105410000A6200BF216851E8001F226841F01001B4
:1054200042E80013002BF5D1E1E7012010BD000098
:1054300044F200410068C4F20001884218BF70477E
:1054400080B540F2CC0040F2E601C2F20040C2F268
:1054500000411922FBF71EF8FBF742F90128BDE8CD
:10546000804011D140F2E50C40F2A430C2F2004C71
:1054700040F2E601C2F20040C2F2004119220123CB
:105480008CF80030FFF7A8BF704700000000000054
:10549000704700000000000090F88420012A01D12C
:1054A00002207047B0B5012380F884302422C0F870
:1054B00088200268D0F864E0BEF1000FD2F800C086
:1054C000146824F001041460946824F0606441EAD4
:1054D000040191601BD0916848F6D07E9368C0F6B5
:1054E000000E5B0F48F6D875C1F34261C0F60005A7
:1054F0001EF80340EB5C2401B4FBF3F3A0F86A3020
:105500001EF80130695C1B01B3FBF1F301E0A0F868
:105510006A30A0F868302021C2F800C0C0F88810B6
:10552000002180F88410BDE8B040084670470000B4
:1055300090F88420012A01D102207047B0B50123E0
:1055400080F884302422C0F888200268D0F864E013
:10555000BEF1000FD2F800C0146824F001041460FA
:10556000946824F0604441EA040191601BD0916882
:1055700048F6D07E9368C0F6000E5B0F48F6D875EB
:10558000C1F34261C0F600051EF80340EB5C240144
:10559000B4FBF3F3A0F86A301EF80130695C1B011C
:1055A000B3FBF1F301E0A0F86A30A0F868302021E5
:1055B000C2F800C0C0F88810002180F88410BDE84F
:1055C000B04008467047000070470000000000002F
:1055D000704700000000000070470000000000005D
:1055E00070B50368044640F62F00D96908402028AA
:1055F00018689E6805D100F0200206F08055521907
:105600003AD140F60F020A400DD0012240F2201597
:10561000C1F20002C0F2004506EA020C00EA0502EF
:1056200012EB0C022FD1CA06E26E16D5012A14D154
:1056300010F0100211D0102018629868400600F196
:10564000D580B4F85C00B4F85E10B4F85E20002A8F
:1056500018BF884240F02D8170BDCA0240F1E3803E
:1056600016F4800200F0DF804FF4801018622046AC
:10567000BDE87040FFF7ACBF616F0029ECD0204659
:10568000BDE870400847CA0718BF10F4807207D001
:1056900001221A62D4F8902042F00102C4F890204E
:1056A0008A0706F0010E0AD5BEF1000F07D00222CC
:1056B0001A62D4F8902042F00402C4F890204A07FD
:1056C0000AD5BEF1000F07D004221A62D4F8902048
:1056D00042F00202C4F890200A070CD500F0200224
:1056E00052EA0C0207D008221A62D4F8902042F045
:1056F0000802C4F890200A050BD510F0806208D08B
:105700004FF400621A62D4F8902042F02002C4F8EC
:105710009020D4F89020002A9ED0890609D500F068
:10572000200006F08051401803D0616F09B1204677
:1057300088472068D4F89010806801F0280100F0B4
:105740004000401806D12046FFF746FF0020C4F86D
:10575000900070BD206850E8000F216820F4907020
:1057600041E80002002AF5D14FF6FE70CEF6FF7038
:10577000216851E8021F2268014042E80213002B11
:10578000F6D1E06E012809D1206850E8000F2168A9
:1057900020F0100041E80002002AF5D12020C4F8D2
:1057A0008C000020E066216860678868400671D53B
:1057B000206850E8020F216820F0400041E8020212
:1057C000002AF5D1D4F88000002863D046F2E971B0
:1057D000C0F600010165FBF703FD00283FF43CAF74
:1057E000D4F88000016DBDE870400847D4F880000F
:1057F00040F20F42C4F202020168914234DC6F228F
:10580000C4F20202914200F381803F22C4F20202FC
:10581000914200F3A7801022C4F20202914200F0EC
:10582000C3802822BDE00A0605D500F0800206F4F8
:105830000003D21876D14A0631D510F040022ED09E
:10584000206850E8000F216820F0400041E8000285
:10585000002AF5D12020C4F888000020A067204647
:10586000BDE8704000F0B8B940F26F42C4F20202E5
:1058700091425CDC40F23F42C4F20202914278DC89
:1058800040F21042C4F20202914200F08D8040F2D8
:10589000284286E02046BDE87040FFF79DBE0A0220
:1058A00054D510F0804251D02046BDE87040FFF73B
:1058B0008BBE401A216851E8001F226821F49071C4
:1058C00042E80013002BF5D14FF6FE71CEF6FF71C2
:1058D000226852E8022F23680A4043E80226002E7D
:1058E000F6D12021C4F88C100021E166616700BF69
:1058F000216851E8001F226821F0100142E80013DE
:10590000002BF5D181B20220206797E09F22C4F2DC
:105910000202914236DC7022C4F20202914243D06C
:1059200088223EE0A16F00297FF4A9AE94E640F200
:105930009F42C4F2020291422BDC40F27042C4F258
:105940000202914230D040F288422AE0C9017FF53C
:1059500083AEB0F1FF3FC8BF70BD2046BDE87040C8
:10596000FFF796BD4022C4F2020291421CD0582299
:1059700017E040F24042C4F20202914214D040F2D9
:1059800058420EE0A022C4F2020291420CD0B8228A
:1059900007E040F2B842C4F20202914204D040F261
:1059A000A042C4F20202914249688AB2002A3FF43E
:1059B00053AEB4F85C309A42BFF44EAEA4F85E1019
:1059C000C069B0F5807F31D0206850E8000F2168B1
:1059D00020F4807041E80002002AF5D1206850E8E8
:1059E000020F216820F0010041E80202002AF5D1EF
:1059F000206850E8020F216820F0400041E80202D0
:105A0000002AF5D12020C4F88C000020E06600BFF9
:105A1000206850E8000F216820F0100041E80002E3
:105A2000002AF5D1D4F88000FBF762F90220206744
:105A3000B4F85C00B4F85E10401A81B22046BDE8AC
:105A40007040FFF7F5BC000010B5D8B10446D0F89F
:105A5000880028B9002084F88400204600F028F847
:105A60002420C4F888002068A16A0268002922F076
:105A70000101016002D0204600F0EAFD204600F05E
:105A800073FF08B1012010BD2068416821F49041E6
:105A90004160816821F02A018160016841F00101C3
:105AA00001602046BDE8104000F042BE000000004A
:105AB0002DE9F041B8B0044602A8C0210026CDE986
:105AC0003666CDE934663396FAF731FD44F200418B
:105AD0002068C4F20001884202D038B0BDE8F081ED
:105AE00002A80396022502952096FEF761F808B1F8
:105AF000FBF796F844F2E04040F21008C5F60200C9
:105B00000026C4F20208816841F400318160816896
:105B100001F4003101910199016841F0080101602F
:105B2000006833A900F00800019001986020CDE9D9
:105B300033050720379040F600403596C5F6020041
:105B40003696FDF7F5FC40F228152B20C2F20045F1
:105B50004FF48067C5E901062846C5F80080EE606D
:105B6000C5E90476C5E90666C5E90866FCF7C8F923
:105B700008B1FBF755F8C4F8805008F11800AC6381
:105B800040F2A015C2F2004505F1080128602C2062
:105B900068604020C1C128466E62C5E90566C5E956
:105BA0000766FCF7ADF908B1FBF73AF826200521A6
:105BB0000022E567AC63FDF75BFE2620FDF748FE9B
:105BC00038B0BDE8F0810000704700000000000020
:105BD0007047000000000000704700000000000057
:105BE000FEE700000000000080B582B044F2D8401B
:105BF0000022C5F60200016841F001010160006861
:105C0000052100F00100019001980B20FDF730FE06
:105C10000B20FDF71DFE0C2005210022FDF728FEBC
:105C20000C2002B0BDE88040FDF712BE000000006D
:105C300080B540F218204AF20001C2F200401D2255
:105C400000F11C07C4F2000101600021C0E902114B
:105C50004FF0010EA0F810E080F812E04FF0030CB6
:105C6000C0F814C00A23836187E80C10C0E90A3227
:105C7000C0E90C31C0E90EE104228266C0E91022BD
:105C8000C0E91212C0E91412C0E91611C0E91821C6
:105C9000FDF742F9002808BF80BDBDE88040FAF753
:105CA000BFBF00000000000080B540F2B8204AF2FB
:105CB0000041C2F200401D2200F11C07C4F20001A5
:105CC00001600021C0E902114FF0010EA0F810E0C0
:105CD00080F812E04FF0030CC0F814C00A2383616F
:105CE00087E80C10C0E90A3203634FF4A062C0E9F0
:105CF0000D2EC1630422C0E91022C0E91212C0E9CE
:105D00001412C0E91611C0E918218266FDF704F9E2
:105D1000002808BF80BDBDE88040FAF781BF0000C1
:105D200080B546F2D12048F6E072C0F60000C0F619
:105D30000002002101F098FA40F2241148F6847222
:105D4000C2F20041C0F60002086046F2D920C0F657
:105D50000000002101F088FA40F2C80148F65072B4
:105D6000C2F20041C0F60002086046F2A920C0F667
:105D70000000002101F078FA40F28001C2F20041F7
:105D8000086080BD0000000083B044F2E040C5F62A
:105D90000200016841F080010160016801F08001AA
:105DA00002910299016841F008010160016801F067
:105DB000080101910199016841F002010160006848
:105DC00000F002000090009803B07047000000004F
:105DD00080B540F2A43044F20041C2F2004048F2E3
:105DE000A062C4F20001C0F20102C0E900124FF447
:105DF000805181604FF40051C160002101610C228B
:105E0000C0E90521C0E90711C0E90911FFF71CFE2F
:105E100008B1FAF705FF40F2A4300021C2F20040B9
:105E2000FFF786FB08B1FAF7FBFE40F2A430002131
:105E3000C2F20040FFF730FB08B1FAF7F1FE40F282
:105E4000A430C2F20040FFF7ABFA002808BF80BDC3
:105E5000BDE88040FAF7E4BEFEE700000000000065
:105E6000FEE700000000000000000000000000004D
:105E7000EFF30980BFF36F8F154B1A681EF0100FF8
:105E800008BF20ED108A20E9F04F10602DE90900CD
:105E90004FF0500080F31188BFF34F8FBFF36F8F27
:105EA00002F056F94FF0000080F31188BDE80900B8
:105EB00019680868B0E8F04F1EF0100F08BFB0EC8A
:105EC000108A80F30988BFF36F8F704700BF00BF4F
:105ED0002C05002400000000F0B581B044F22C47EE
:105EE000C5F6020757F8042C02F00302032A02D178
:105EF000012001B0F0BD054657F82C0C0C4620F0EF
:105F0000806047F82C0CFDF7EBFB064657F82C0C8D
:105F1000000105D5FDF7E4FB801B0228F6D964E0FB
:105F200057F8040CEE6895E80E0020F47C30012C44
:105F300040EA0130A2F101016FF35F214FF47E428C
:105F400002EB432247F8040C92B24FF0FE4302EBFF
:105F500001004FF4FE012A6901EB064101F4FE0144
:105F600003EB0262084402F0FE410844F86038681E
:105F7000696920F0C00040EA010038603868A9690A
:105F800020F0200040EA0100386038684FF6F871D0
:105F900020F0100038603869EA6920EA01004FF407
:105FA000001140EAC2003861386808BF4FF4801120
:105FB00040F01000002C386008BF4FF40021386812
:105FC0000843386057F82C0C40F0806047F82C0CE0
:105FD000FDF786FB044600BF57F82C0C000107D4E0
:105FE000FDF77EFB001B0328F6D3032001B0F0BDB4
:105FF000002001B0F0BD0000F0B581B044F22C47A4
:10600000C5F6020757F8042C02F00302032A02D156
:10601000012001B0F0BD054657F82C0C0C4620F0CD
:10602000805047F82C0CFDF75BFB064657F82C0C0C
:10603000800005D5FDF754FB801B0228F6D964E0EB
:1060400057F8040CEE6895E80E0020F07C70012CE7
:1060500040EA0150A2F101016FF35F214FF47E424B
:1060600002EB432247F8040C92B24FF0FE4302EBDE
:1060700001004FF4FE012A6901EB064101F4FE0123
:1060800003EB0262084402F0FE410844786138687C
:10609000696920F4406040EA010038603868A96905
:1060A00020F4007040EA0100386038684FF6F8715B
:1060B00020F480703860B869EA6920EA01004FF086
:1060C000807140EAC200B861386808BF4FF400012F
:1060D00040F48070002C386008BF4FF480013868AD
:1060E0000843386057F82C0C40F0805047F82C0CCF
:1060F000FDF7F6FA044600BF57F82C0C800007D4D1
:10610000FDF7EEFA001B0328F6D3032001B0F0BD23
:10611000002001B0F0BD000040F2A43040F2E601E2
:10612000C2F20040C2F200411922FFF755B9000047
:1061300040F2E501C2F200410878012818BF70471B
:106140002DE9F04140F2CC000022C2F200400A707A
:1061500040F2A4018378C2F2004190F801C0457971
:1061600090F803E003F007020478877B4CEA022CE6
:106170000EF03F020C7004795201A1F802C042EA0D
:10618000D30C8279A30005F0010443EA9E13A1F821
:1061900004C043EA842C02F00F04C379E401A1F89F
:1061A00006C044EA550C03F07F04057A2401A1F8E7
:1061B00008C044EA121E447A6D00827A04F0030C8F
:1061C00045EAD31302F01F05A1F80AE043EA4C2C7C
:1061D000437B90F80BE0AD0145EA9408057B03F0A2
:1061E00007064FEACE04A1F80CC044EA521245EA71
:1061F000062C07F03F05C47B6D01067C0A8245EA48
:10620000D3028A82A30006F0010543EA9713477C74
:1062100043EA8523847C07F00F05A1F812C0EA0148
:10622000C57C42EA560C04F07F063601CB8246EA72
:106230001717067D6B00427D06F0030543EAD41371
:10624000847DA1F80E8043EA452302F01F05AD01CD
:106250008B83E300B0F81700A1F818C043EA52128C
:106260004F8345EA9607CF830A844884BDE8F0410E
:106270007047000000000000FFF75ABF0000000058
:10628000074B19680868B0E8F04F80F30988BFF33E
:106290006F8F4FF0000080F31188704700BF00BF80
:1062A0002C0500240000000040F2001040F2B8214C
:1062B000C2F20040C2F200410222FAF7D1F900BF57
:1062C000FAF736FC00F074FEFAF732FCF8E700004B
:1062D000012000F081FFFBE7FFF71EFFFAF728FC23
:1062E000FFF7CAFFFAF724FC012000F075FFF5E77D
:1062F00080B54EF21000CEF20000006802F0B0FB54
:10630000012808BF80BDBDE8804002F00DB8000044
:1063100070B59CB044F6180440F22C4509A84C21F5
:10632000C5F60204C5F60005FAF701F902200026B9
:10633000CDE90766CDE90566CDE90366CDE90166DD
:10634000FDF7D6FA0096286820F00100286028683A
:1063500000F001000090206840F440402060206878
:1063600000F440400090009820688004FCD54FF66F
:10637000DC40CFF6FF70215841F002012150205837
:1063800000F002000090009800200090206840F487
:1063900040402060206800F440400090286840F0B1
:1063A00001002860286800F001000090009800BFFC
:1063B00020688004FCD5012009904FF480310A91B7
:1063C0000221149050200824CDE915010C201990C9
:1063D00009A80025CDE91211CDE91741CDE91A55DB
:1063E000FEF756FB18B1EFF3108072B6FEE73F20C0
:1063F000019003204FF48061CDE902054020049410
:10640000CDE90500CDE9071001A80421FEF7D8F871
:1064100018B1EFF3108072B6FEE71CB070BD00003B
:106420004EF6885042F2000CCEF20000C5F2002C6D
:10643000016841F470010160DCF8000000F00F0019
:10644000062806D8DCF80000072161F30300CCF829
:10645000000044F200404EF67F52C5F60200CEF630
:10646000F622016841F00101016000210161036829
:106470001A400260DCF80020120706D5DCF8002084
:10648000072363F30302CCF8002040F2002281616D
:10649000C161C0F20222016282620022C0F2FF12D8
:1064A000C26240F28022C0F2011202634163826341
:1064B000C16302644164026822F4802202600166C2
:1064C00041F20000C5F600400068B1EB507F05D1F5
:1064D00048F208100121C5F20010016044F20000EA
:1064E00043F2D201C5F200200160704700000000B5
:1064F00040F25830C2F20040FEF786BE00000000B5
:1065000040F6FF32C4F20002904202680FDCB0F1A4
:10651000804F1DD040F20043C4F20003984217D0D0
:1065200040F60003C4F20003984211D014E040F694
:106530000043C4F2000398420AD040F20043C4F280
:106540000103984204D00023C4F20103984203D10E
:1065500022F070024B681A434FF6FF7343F6FF7C3C
:10656000C4F20003C4F2010C984210DD60451ADD4C
:1065700044F20003C4F2010398422CD044F6000315
:10658000C4F20103984226D044F2004312E040F2E4
:10659000FF73C4F20003984211DCB0F1804F1AD0AF
:1065A00040F2004313E00023C4F20103984212D0EA
:1065B00040F20043C4F2010398420CD00FE040F6D1
:1065C0000003C4F20003984205D040F60043C4F231
:1065D0000003984203D122F44072CB681A4310B5ED
:1065E00022F08002D1F800E04C698B6822430260FF
:1065F000C3626045C0F828E0BDE810400EDD44F2FB
:106600000002C4F20102904213D044F60002C4F228
:10661000010290420DD044F2004206E00022C4F292
:106620000102904205D040F20042C4F201029042C1
:1066300001D109690163012141610169C90708BFED
:106640007047016921F001010161704700000000FD
:10665000816A0A070CD4CA0715D18A071ED44A07D3
:1066600027D4CA0630D48A0639D44A0642D454E024
:106670000268D0F838C0536823F4004343EA0C039F
:106680005360CA07E9D00268D0F82CC0536823F4DD
:10669000003343EA0C0353608A07E0D50268D0F860
:1066A00030C0536823F4803343EA0C0353604A0735
:1066B000D7D50268D0F834C0536823F4802343EA66
:1066C0000C035360CA06CED50268D0F83CC093686C
:1066D00023F4805343EA0C0393608A06C5D502680D
:1066E000D0F840C0936823F4005343EA0C0393604E
:1066F0004A0612D50268D0F844C0BCF5801F536822
:1067000023F4801343EA0C03536006D1536823F447
:10671000C00C836C43EA0C035360090658BF7047F2
:106720000168C06C4A6822F4002210434860704738
:10673000B0B582B004460020C4F89000FCF7D0FF4A
:10674000216805460968090719D54FF40011002290
:106750006FF07E40009020462B4600F07DFB70B12C
:10676000206850E8000F216820F0800041E8000216
:10677000002AF5D12020C4F8880003202FE02068EB
:106780000068400723D54FF4800100226FF07E405F
:10679000009020462B4600F05FFBC0B1206850E817
:1067A000000F216820F4907041E80002002AF5D122
:1067B000206850E8020F216820F0010041E8020241
:1067C000002AF5D12020C4F88C00032007E0202007
:1067D000C4F88800C4F88C000020E066206700211F
:1067E00084F8841002B0B0BD806B0021A0F85E1068
:1067F000A0F85610FEF7F0BE806B0368D0F8882032
:10680000D0F88CC09B681B061BD5212A19D1002209
:10681000A0F85620026852E8002F036822F0C00258
:1068200043E800210029F5D1016851E8021F026800
:1068300021F4000142E80213002BF5D12021C0F819
:10684000881001688968490632D5BCF1220F2FD122
:106850000021A0F85E1000BF016851E8001F026827
:1068600021F4907142E80013002BF5D14FF6FE7C25
:10687000CEF6FF7C026852E8022F036802EA0C029F
:1068800043E802210029F5D1C16E01290AD100BFD8
:10689000016851E8001F026821F0100142E800136E
:1068A000002BF5D12021C0F88C100021C166416772
:1068B000D0F8901041F01001C0F89010FEF78CBE97
:1068C000C169806BB1F5807F30D00021A0F85E10E7
:1068D000016851E8001F026821F4807142E800134A
:1068E000002BF5D1016851E8021F026821F0010177
:1068F00042E80213002BF5D1016851E8021F02683B
:1069000021F0400142E80213002BF5D12021C0F80C
:106910008C10C16E012909D1016851E8001F02687D
:1069200021F0100142E80013002BF5D1002101678E
:10693000C16E012903D1B0F85C10FEF779BDFFF7F5
:1069400043B9000000000000806B01210167C16EA7
:10695000012904D1B0F85C104908FEF769BDFFF7C2
:1069600037B9000000000000F0B583B004460368AA
:10697000806846F6F315D4E90312104362691043A8
:10698000E2691E68CCF6FF75104306EA0502104363
:10699000186058684FF2FF4620F4405240F600401D
:1069A00011435960C5F60000A1698342C1F2FF1688
:1069B0001CBF226A11439A6847F2FF753240C4F245
:1069C000000511439960DA6A44F2544122F00F0243
:1069D000666AC5F602013243AB42DA624FF08002CA
:1069E0001DDD40F6FF76C4F20106B34226DD834288
:1069F00045D041F20046C4F20106B34205D041F24F
:106A00000006C4F20106B34242D10A68C2F3C202D0
:106A1000062A3CD248F64473C0F600032CE044F644
:106A2000FF36C4F20006B34211DC44F20046C4F261
:106A30000006B34217D044F6000610E047F6000601
:106A4000C4F20006B3420ED047F6004607E044F613
:106A50000046C4F20006B34205D045F20006C4F277
:106A60000006B34214D10A6802F00702062A0ED2C9
:106A700048F64A73C0F600031A44127808E04A68E0
:106A800002F00702062A02D20FF22033F4E7802236
:106A90002368834240F60010C0F23D0000F04F80B2
:106AA000E369B3F5004F40F06480402A00F2FC80B7
:106AB0000027DFE812F04100FF00F900F9000201B1
:106AC000F900F900F9000601F900F900F900F900F0
:106AD000F900F900F9000C01F900F900F900F900DA
:106AE000F900F900F900F900F900F900F900F900DE
:106AF000F900F900F9001C01F900F900F900F900AA
:106B0000F900F900F900F900F900F900F900F900BD
:106B1000F900F900F900F900F900F900F900F900AD
:106B2000F900F900F900F900F900F900F900F9009D
:106B3000F900F900F9001A01FDF7C2FED7E0931E33
:106B40001E2B00F260800027DFE803F0106366630D
:106B500063636A63636363636363706363636363F1
:106B6000636363636363636363637D00FCF7E4FEF5
:106B700069E0402A00F29B800027DFE812F0410024
:106B8000D60098009800D900980098009800DD0081
:106B90009800980098009800980098009800E300EA
:106BA0009800980098009800980098009800980025
:106BB0009800980098009800980098009800F300BA
:106BC0009800980098009800980098009800980005
:106BD00098009800980098009800980098009800F5
:106BE00098009800980098009800980098009800E5
:106BF0009800980098009800980098009800F1007C
:106C0000FDF75EFEAEE0402A03D14FF400400027BE
:106C100019E00020012716E06846FCF7A1FE02E01B
:106C20006846FCF731FF002701980CE051F8540C3E
:106C3000800649F20000C0F2D03004D551F8541C4F
:106C4000C1F3C101C840002800F0A480616A48F681
:106C5000A872C0F60002656832F8112005EB450104
:106C6000B0FBF2F38B424FF00101C0F096802E038F
:106C7000B34200F2928000210023F9F793FB09024E
:106C8000002341EA10612A46000210EB550041F151
:106C90000001F9F787FB4FF60052A0F54071C0F2F2
:106CA0000F02914274D377E0002001271FE00020FB
:106CB000012757E0FDF734FE19E06846FCF750FE67
:106CC00002E06846FCF7E0FE002701980FE051F86B
:106CD000540C800649F20000C0F2D03007D551F8BC
:106CE000541CC1F3C101C84001E04FF4004000282A
:106CF00050D0616A48F6A872C0F6000232F811104E
:106D00006268B0FBF1F0510801EB4000B0FBF2F01B
:106D1000A0F110014FF6EF7291423DD84FF6F0719D
:106D20000140C0F34200084432E0FDF7F9FD19E0EC
:106D30006846FCF715FE02E06846FCF7A5FE002752
:106D400001980FE051F8540C800649F20000C0F29F
:106D5000D03007D551F8541CC1F3C101C84001E03F
:106D60004FF40040B0B1616A48F6A872C0F6000264
:106D700032F811106268B0FBF1F000EB5200B0FB8A
:106D8000F2F0A0F110014FF6EF72914204D880B2F8
:106D90002168C860394600E001214FF00110A0666B
:106DA0000020C4E91D00084603B0F0BD020408102D
:106DB000204000000000000010B504468C468165AC
:106DC0000021A0F85C20C0F890102220C4F88C00AC
:106DD000D4F88000F0B1134646F6C10E46F64912CB
:106DE000C0F6000EC0F60002C0E90FE246F2F972EA
:106DF000C0F60002C0E91321216862462431FBF786
:106E00008FFB38B11020C4F890002020C4F88C000B
:106E1000012010BD206948B1206850E8000F2168AA
:106E200040F4807041E80002002AF5D1206850E863
:106E3000020F216840F0010041E80202002AF5D16A
:106E4000206850E8020F216840F0400041E802024B
:106E5000002AF5D1002010BD2DE9F04381B0044691
:106E60000068C0690840401AB0FA80F040099042BA
:106E700057D1DDF820800D461646994608F10107E6
:106E800009E000BF2068C0692840401BB0FA80F0CC
:106E90004009B04245D1002FF4D0FCF721FCB8F1F5
:106EA000000F01464FF003003CD0A1EB0901414522
:106EB00038D8206801684907E4D5402D18BF802DD7
:106EC000E0D0C169090730D4C1690905DAD54FF4AA
:106ED00000610162206850E8000F216820F4907082
:106EE00041E80002002AF5D14FF6FE70CEF6FF70A1
:106EF000216851E8021F2268014042E80213002B7A
:106F0000F6D1E06E012809D1206850E8000F216811
:106F100020F0100041E80002002AF5D103202021D2
:106F20002CE0002001B0BDE8F0830821016200BF21
:106F3000206850E8000F216820F4907041E80002BA
:106F4000002AF5D14FF6FE70CEF6FF70216851E8A9
:106F5000021F2268014042E80213002BF6D1E06EC6
:106F6000012809D1206850E8000F216820F01000A6
:106F700041E80002002AF5D1012008212022C4F8AE
:106F80008C200022E2666267C4F8901084F88420A6
:106F900001B0BDE8F083000040F2A430C2F200402E
:106FA000FEF71EBB00000000FEE70000000000002E
:106FB00040F2A401C2F200419FED271B88884A8855
:106FC00000EE100AC88802EE102A098A03EE100AA1
:106FD00040F20010B8EE400BC2F20040B8EE422B77
:106FE000A1F57873B3FA83F3B8EE433B30EE010BAF
:106FF00032EE012B33EE011B9FED193B80EE030BAC
:1070000082EE032B81EE031B9FED173B20EE030B5B
:1070100022EE032BBDEEC00B21EE031BBDEEC22BF7
:1070200010EE102ABDEEC11B027012EE102A427043
:1070300011EE102A8270A1F24112B2FA82F2A1F28C
:107040007F61B1FA81F1520942715A09027149090D
:10705000C170F9F715BB00BF0000000000008FC031
:107060000000000000F884400000000000C05F4005
:10707000F0B589B040F2182401AEC2F200440027F6
:107080000220039001203146CDE9040720460697EF
:10709000CDE90177FBF77CFC40F2B8253146C2F21E
:1070A00000452846FBF774FC0221022200232046FB
:1070B0000097FBF7B1FC022102220023284600972B
:1070C000FBF7AAFC012100222046FBF7EDFB012182
:1070D00000222846FBF7E8FB2046FCF7E5F92846A6
:1070E000FCF7E2F909B0F0BD40F2B821C2F200416C
:1070F000884202D00020C0B270472DE9F04395B01D
:1071000009AA40F2B82002F12803C2F2004040214F
:10711000FBF7A6FC0446002820D1099801281CD1C1
:107120000DF140081498089004A80DF128090DF1FC
:10713000340E98E8E001E0C040F20010CDF81C8069
:1071400099E80C029EE80250CDE90091C2F200409D
:107150000121CDE902CEF9F78FFA0C98002C15B079
:10716000BDE8F04318BF0020C0B270470000000027
:1071700080B58AB00191082104910021CDE9021166
:10718000CDE90511CDE90711099101A9FBF7C8FB6C
:10719000002818BF01200AB080BD000000000000D8
:1071A000FCF7B6FAFFF7B4F8FEF7EEFDFEF71CFDAC
:1071B000FEF73EFDFEF778FDFEF70AFE40F2000006
:1071C000C2F200400068804700F016F8FEF7A8FD04
:1071D00000F02AF8FEE70000EFF3058100291CBF4C
:1071E0006FF00500704720B180B500F0ADFE0020C3
:1071F00080BD002070470000EFF3058000281CBF11
:107200006FF00500704740F2A000C2F20040016834
:1072100000291CBF4FF0FF307047012101600020A2
:10722000704700000000000010B5EFF30580002853
:107230001CBF6FF0050010BD40F2A000C2F200407C
:10724000016801290BD14EF61F510024CEF2000136
:107250000C700221016000F01FFF204610BD4FF0AE
:10726000FF3010BD0000000070B584B08E460028CD
:107270004FF000010391EFF305814DD000294BD170
:1072800022B39369002B08BF1823382B1BD8117920
:10729000C90718D1556994684FEA950C002D08BFAD
:1072A0004FF0800C116844B1D6685C2E04D3166987
:1072B000002E18BF002D20D10CB9D468C4B1002510
:1072C000002455B91DE0002004B070BD0124002148
:1072D00018234FF0800C00259DB194681269029428
:1072E000CDE900326246734601F03EFB039013E0A5
:1072F0001469B4FA84F46409EDE700240125002D33
:10730000EBD14CB11FFA8CF203ACCDE900347346DB
:1073100001F0BAFA012802D1039804B070BD002030
:10732000E4E7000000000000F0B581B044F67852B8
:1073300040F22C56C2F20042C2F2004604460D460C
:1073400017683268101D00F07BFC601C0BD155B132
:107350003068011D44F65050C2F2004001B0BDE853
:10736000F04000F0D5BC3068E41944600BD340F223
:107370003C50C2F2004000683168043101B0BDE801
:10738000F04000F0A5BC40F23450C2F2004000686A
:107390003168043100F09CFC44F6DC40C2F200404D
:1073A00001688C4238BF046001B0F0BD00000000ED
:1073B0002DE9F047044600F0C7FC44F2B05040F21B
:1073C0002C57C2F20040C2F2004744F6445A40F241
:1073D00044560168C2F2004A013101603968C2F2C4
:1073E000004651B1DAF8000000283ED13868E16A61
:1073F000C06A884298BF3C6037E03C600068012862
:1074000033D10025701900F053FC1435B5F58C6F9D
:10741000F8D144F6A848C2F20048404600F048FCC3
:1074200044F6BC49C2F20049484600F041FC44F62B
:10743000F040C2F2004000F03BFC44F66450C2F25F
:10744000004000F035FC44F65050C2F2004000F01D
:107450002FFC40F23450C2F20040C0F8008040F2ED
:107460003C50C2F20040C0F8009044F2BC50C2F25E
:107470000040016801310160616444F2C051C2F210
:107480000041E06A0A68904288BF086000EB800013
:10749000211D06EB800000F03BFC00F07DFCDAF8DB
:1074A000000088B13868E16AC06A884228BFBDE838
:1074B000F0874EF604504FF08051CEF2000001608C
:1074C000BFF34F8FBFF36F8FBDE8F0870000000060
:1074D00070B582B000F038FC44F67C56C2F200462B
:1074E000306850BB44F67C44C2F20044204600F0B1
:1074F000DFFB44F69045C2F20045284600F0D8FB79
:1075000040F2305040F23842C2F2004040F2D843DC
:10751000C2F20042C2F20043046040F24050C2F2A4
:107520000040102105600A200025009500F014FF9E
:10753000306010B103A100F0CFFC02B0BDE8704094
:1075400000F02ABC546D72510000000000000000E1
:1075500044F2B45540F2445A4EF6045844F6645787
:1075600044F2B056C2F20045C2F2004ACEF2000820
:107570004FF08059C2F20047C2F2004603E000BF5C
:10758000204600F021FC2868C8B100F0DDFBF86857
:10759000C468201D00F054FB306801383060286852
:1075A0000138286000F0F8FB94F859000228EAD06E
:1075B0000128E5D070B9206B00F006FCE0E7DAF8AE
:1075C00000000228DFD3C8F80090BFF34F8FBFF34D
:1075D0006F8FD8E74FF0500080F31188BFF36F8FA3
:1075E000BFF34F8FFEE7000008480068006880F393
:1075F00008884FF0000080F3148862B661B6BFF3CC
:107600004F8FBFF36F8F00DF00BF000008ED00E079
:107610002DE9F04F85B0824601F036FA40F2285944
:107620000546C2F20049D9F80010884249D240F21A
:107630003054C2F2004420680168002943D044F667
:107640007C5BC2F2004B08E07860206831463F6105
:1076500000F03EFB20680168A9B3C068C768D0F895
:1076600000803E1D304600F0EBFA396A3846884704
:1076700097F828004007EDD5B86940444045E3D865
:107680008FB3DBF8000078B100200397CDE9010843
:1076900001F0E6F9DBF800000022002301A900F068
:1076A000CBFE0028D6D102E000200028D2D14FF036
:1076B000500080F31188BFF36F8FBFF34F8F00BF6F
:1076C000FEE7002007E040F24051C2F200410A68A4
:1076D000086001202260CAF800002846C9F800505E
:1076E00005B0BDE8F08F4FF0500080F31188BFF374
:1076F0006F8FBFF34F8F00BFFEE700000000000058
:1077000081B00020009040F21C00C2F200400068EE
:107710004FF0500181F31188BFF36F8FBFF34F8F8C
:10772000013001D0FEE700BF00980028FCD001B076
:1077300070470000000000008AB040F2305A40F26A
:10774000405944F67C58C2F2004A02ACC2F20049E9
:10775000C2F2004801AE00BFDAF8000007681FB1AE
:10776000C068D0F800B001E04FF0000B00F0E8FC7A
:107770002046FFF74DFF029911B101F0D9FA7DE0E3
:107780000546AFB15D4513D301F0D2FADAF8000037
:10779000C068C76807F10409484600F051FA97F835
:1077A0002800410707D400F0FE0087F8280012E007
:1077B000B7B100221AE0B9693F6101EB0B007860B4
:1077C000A84229D95D4501D2584533D2DAF80000E4
:1077D000494600F07DFA40F24059C2F2004945E0C6
:1077E000D9F800000068B0FA80F04209D8F800002B
:1077F000ABEB050100F084FB01F09AFA00283DD1C3
:107800004EF604504FF08051CEF200000160BFF3FD
:107810004F8FBFF36F8F31E0A5EB0B00884209D289
:1078200040F240524946C2F200429146106800F0D0
:107830004FFA1BE0002F00F0C680D8F8000068B1B6
:1078400000200897CDE9060B01F00AF9D8F80000EE
:107850000022002306A900F0EFFD00E0002040F226
:1078600040590028C2F2004900F0B780396A384612
:10787000884703E0D9F8000000F02AFAD8F80000A1
:107880000022214600F0E4FE00283FF465AF029894
:10789000B0F1FF3F03DCDDE9032005999047029832
:1078A0000028EBD4049F786910B1381D00F0C8F9A6
:1078B0003046FFF7ADFE02990929DFD8DFE801F075
:1078C0000505053B3E5405053B3E97F82810039AF5
:1078D000BD693F6141F0010187F82810AB183946B6
:1078E000834241F8043F04D9904238D2934203D2F4
:1078F00035E0801AA842BDD3396A3846884797F8E0
:1079000028004007BAD5002F53D0D8F80000C0B3E4
:107910000398B969002206920844CDE9070701F0EF
:107920009FF8D8F800000022002306A900F084FD8B
:107930000028A3D129E097F828001DE097F8281027
:1079400041F00102039987F82820B96139B30A1878
:10795000394682423F6141F8042F7FF68BAFDAF857
:10796000000000F0B5F989E797F82800810703D4F3
:10797000384600F029FA81E700F0FE0087F8280079
:107980007CE7002000287FF479AF4FF0500080F3AF
:107990001188BFF36F8FBFF34F8F00BFFEE74FF02B
:1079A000500080F31188BFF36F8FBFF34F8F00BF7C
:1079B000FEE74FF0500080F31188BFF36F8FBFF3E5
:1079C0004F8F00BFFEE74FF0500080F31188BFF3E8
:1079D0006F8FBFF34F8F00BFFEE74FF0500080F373
:1079E0001188BFF36F8FBFF34F8F00BFFEE700001A
:1079F000F0B581B0044600F0A7F994F94560012E76
:107A000010DB04F1240503E070B2013E012809DD1A
:107A1000286838B1284601F043F90028F4D000F076
:107A2000F7FAF1E7FF2684F8456000F0B5F900F0B9
:107A30008BF994F94470012F10DB04F1100503E079
:107A400078B2013F012809DD286838B1284601F0E5
:107A500027F90028F4D000F0DBFAF1E784F844605D
:107A600001B0BDE8F04000F097B900000000000050
:107A7000F0B581B0044600F063FB40F2385144F6A3
:107A8000A447C2F20041C2F20047086848BB40F672
:107A9000A4100026C2F20040430700F5705300F125
:107AA000070223F0070318BF22F0070044F64852EC
:107AB000A3F108050D60C2F20042C2E9000643E9E5
:107AC00002662A1A42600B68036044F6D840C2F28C
:107AD0000040026044F6D040C2F200400260012043
:107AE00038703878002818BF4FF00040204238D155
:107AF00034B1600706D024F0070000F1100402E062
:107B0000002400E0083444F6D04E621EC2F2004E5B
:107B1000DEF80000824224D244F64853C2F2004309
:107B20001E687068A04206D2326822B133461646FB
:107B30005068A042F8D30A68964212D0001BD3F8CE
:107B400000C0112832681A603FD333195A0719D080
:107B50004FF0500080F31188BFF36F8FBFF34F8F4A
:107B6000FEE7002401F0E4F8600708D04FF0500071
:107B700080F31188BFF36F8FBFF34F8FFEE720466E
:107B800001B0F0BD5860746044F64854C2F200443D
:107B9000204624689C42FBD3426885189D4203D14D
:107BA0005B681A44034642605A689D18A54201D09A
:107BB000214606E009688C4203D0D4E9001422442F
:107BC0005A609842196018BF036044F6D840716843
:107BD000C2F20040DEF80020511ACEF80010026810
:107BE0000CF10804914238BF0160387871680028B0
:107BF0004FF0000018BF41F00041C6E9000144F613
:107C0000E440C2F20040016801310160AAE70000CF
:107C100047F2017321F0010140F8081C4FF0807118
:107C200040F8041CA0F14401C0F6000340F80C3CED
:107C30006FF0020340E90932084670470000000077
:107C4000D0E9013201699A60D0F808C04A688242DE
:107C50004FF00002CCF8043008BFC1F804C0026144
:107C600008680138086008687047000000000000DC
:107C700044F2C473C2F20043036044F2C450C2F23F
:107C80000040086080201060704700000000000085
:107C900044F62043C2F20043036044F62000C2F2DF
:107CA000004008604FF480701060704700000000D2
:107CB00002464FF0FF3142F8081F00214260C0E940
:107CC000032201607047000000210161704700003D
:107CD00080B5D1F800C01CF1010207D000F1080303
:107CE0009E465B681A686245FAD901E0D0F810E058
:107CF000DEF804204A60CEF804109160C1F808E074
:107D0000086101680131016080BD000000000000D1
:107D1000D0F800C043684B609A688A609A6899609E
:107D2000086151600CF10101016070470000000022
:107D3000DFF80C00016841F4700101607047000039
:107D400088ED00E0000000004FF0500080F3118843
:107D5000BFF36F8FBFF34F8F40F21C00C2F20040A1
:107D60000168002901F10101016000D070474EF661
:107D70000450CEF200000068000608BF70474FF0C4
:107D8000500080F31188BFF36F8FBFF34F8F00BF98
:107D9000FEE700000000000040F21C00C2F20040BC
:107DA000016839B10139016018BF7047002080F3C4
:107DB000118870474FF0500080F31188BFF36F8F28
:107DC000BFF34F8FFEE70000B0B5002808BFB0BD7D
:107DD000044644F6A440C2F200400078002818BFD0
:107DE0004FF0004054F8041C08420CD0A4F10805E0
:107DF0002A6892B14FF0500080F31188BFF36F8F63
:107E0000BFF34F8FFEE74FF0500080F31188BFF3B0
:107E10006F8FBFF34F8F00BFFEE721EA000044F8E9
:107E2000040C00F08DF944F6D04054F8041CC2F262
:107E3000004002681144016044F64851C2F200411A
:107E400008460968A942FBD342688318AB4204D1B3
:107E500054F8043C05461A4442606B68EA188A42AA
:107E600001D00A460AE040F23852C2F200421268DB
:107E7000914203D0D1E9002119446960A8422A60E7
:107E800018BF056044F6E840C2F2004001680131C5
:107E90000160BDE8B04000F04BBF000000000000F2
:107EA0004EF210000021CEF2000044F6D352C1F28F
:107EB00062020160816040F20C01C2F20041096877
:107EC000A1FB02124FF0FF3101EB9211416007213B
:107ED000016070470000000044F6045C0022C2F21A
:107EE000004C00BF5CF832301BB10132082AF9D1D6
:107EF00070470CEBC2034CF832105860704700001A
:107F000070B515460E460446FFF71EFF94F8440070
:107F1000FF2802D1002084F8440094F84500FF288F
:107F200002D1002084F84500FFF736FFA06B28B986
:107F300004F1240031462A4600F08EF82046BDE8C0
:107F40007040FFF755BD000070B5002843D00446CF
:107F500044F2B850C2F20040016841B14FF0500005
:107F600080F31188BFF36F8FBFF34F8FFEE7016877
:107F700040F22C550131016044F67850C2F20045C0
:107F8000C2F20040066828680430FFF759FE2868EE
:107F9000A419446009D340F23C50C2F2004000688A
:107FA00029680431FFF794FE10E040F23450C2F229
:107FB0000040006829680431FFF78AFE44F6DC407F
:107FC000C2F2004001688C4238BF046000F0B0FE8D
:107FD000002818BF70BD4EF604504FF08051CEF20D
:107FE00000000160BFF34F8FBFF36F8F70BD0000C3
:107FF00044F6E041C2F200410968016044F678515C
:10800000C2F20041096841607047000000000000B2
:1080100044F684500121C2F2004001607047000024
:1080200078B110B50C4640F22C51C2F200410968FB
:108030001831FFF74DFE01212046BDE81040FFF743
:1080400073B94FF0500080F31188BFF36F8FBFF307
:108050004F8F00BFFEE70000A0B1B0B50D4640F263
:108060002C51C2F20041144609681831FFF750FE46
:10807000002C214618BF4FF0FF352846BDE8B04020
:10808000FFF752B94FF0500080F31188BFF36F8FA4
:10809000BFF34F8FFEE70000B0B586B005A804A976
:1080A00003AA0024CDE90444FFF7E2FDDDE9032043
:1080B000CDE9004047F251501EA1C0F60000002358
:1080C000059D029500F050FC44F6D440C2F20040F9
:1080D000056015B100F0C8FE0446601C20D0012CDC
:1080E0001CD14FF0500080F31188BFF36F8FBFF3A6
:1080F0004F8F44F6DC40C2F200404FF0FF31016088
:1081000044F64450C2F200400121016044F6785028
:10811000C2F200400021016000F06AF806B0B0BD74
:108120004FF0500080F31188BFF36F8FBFF34F8F74
:10813000FEE700BF49444C4500000000000000007D
:1081400044F2B850C2F2004001680131016070474A
:1081500044F2B850C2F20040006830B144F6845096
:108160000121C2F200400160704744F6845044F29D
:10817000C05CC2F20040C2F2004C002140F2445206
:108180000160C2F20042DCF8001001EB810352F8FA
:10819000230048B902EB8300A0F11403D9B153F8CE
:1081A000140901390028F9D001EB810002EB8002AB
:1081B00052F8040F4368101D8342136001D15868C0
:1081C0001060106840F22C52C2F20042C068106089
:1081D000CCF8001070474FF0500080F31188BFF3C7
:1081E0006F8FBFF34F8F00BFFEE70000000000005D
:1081F000B0B584B04EF200404CF27021CEF20000D7
:10820000C4F20F114B1CD0F800299A4209D14FF04B
:10821000500080F31188BFF36F8FBFF34F8F00BF03
:10822000FEE7D0F800298A4209D14FF0500080F3D0
:108230001188BFF36F8FBFF34F8F00BFFEE7017848
:1082400044F2A4520291FF210170C2F2004201786F
:108250008DF807109DF8071001F05001117044F2DD
:10826000A8510722C2F200410A609DF90720B2F12D
:10827000FF3F0CDC062200BF0A60013A9DF8073080
:108280005B008DF807309DF90730002BF4D40A68A5
:10829000032A3DD14FF4E06303EA02220A60029907
:1082A0000170D0F8201941F47001C0F82019D0F8FD
:1082B000201941F07041C0F82019FFF7F1FD40F29C
:1082C0001C040025C2F200442560FFF731FD4EF684
:1082D0003470CEF20000016841F040410160FFF7C8
:1082E00083F9FFF735FF039520684FF0500181F3C4
:1082F0001188BFF36F8FBFF34F8F013002D000BFE3
:10830000FEE700BF03980028FCD0002004B0B0BDF9
:108310004FF0500080F31188BFF36F8FBFF34F8F82
:10832000FEE700000000000080B54FF0500080F331
:108330001188BFF36F8FBFF34F8F00F0ADFB30B1EB
:108340004EF604504FF08051CEF200000160002044
:1083500080F3118880BD000070B582B068B11C4602
:10836000ABB1F1B9EAB14FF0500080F31188BFF31F
:108370006F8FBFF34F8F00BFFEE74FF0500080F3C9
:108380001188BFF36F8FBFF34F8F00BFFEE74FF031
:10839000500080F31188BFF36F8FBFF34F8F00BF82
:1083A000FEE751B14AB94FF0500080F31188BFF396
:1083B0006F8FBFF34F8F00BFFEE750230193019BE8
:1083C000502B2DD1019B0123002984F8463008BF92
:1083D0002246069E2260C4E90F01FFF7B5FCD4E9EE
:1083E0000F012268002501FB0023013800FB01205A
:1083F000A5636260C4E90230FF2084F8440084F879
:10840000450004F11000FFF753FC04F12400FFF7CE
:108410004FFCFFF7C1FC84F84C60204602B070BDF1
:108420004FF0500080F31188BFF36F8FBFF34F8F71
:10843000FEE70000000000002DE9F04F83B002923B
:10844000B8B104461D460E46E9B1022D03D1E06BDA
:10845000012840F0A68000F003FB00BB0298F0B1B9
:108460004FF0500080F31188BFF36F8FBFF34F8F31
:10847000FEE74FF0500080F31188BFF36F8FBFF31A
:108480004F8F00BFFEE7206C0028DED04FF0500079
:1084900080F31188BFF36F8FBFF34F8FFEE7FFF7B5
:1084A00053FC022DA06B5ED0E16B88425BD304F1DC
:1084B000100801206F460DF1080900BF029900293C
:1084C00000F08280C00702D03846FFF791FDFFF729
:1084D00063FCFFF735FEFFF737FC94F84400FF28F4
:1084E00002D1002084F8440094F84500FF2802D10E
:1084F000002084F84500FFF74FFC3846494600F05D
:108500007BF9002863D1FFF71FFCD4F838A0D4F81A
:108510003CB0FFF741FCDA4516D102994046FFF71F
:108520007FFD2046FFF764FA00F002FC88B94EF6A2
:1085300004504FF08051CEF200000160BFF34F8F26
:10854000BFF36F8F05E000BF2046FFF751FA00F040
:10855000EFFBFFF7F9FB022DA06B04D0E16B884223
:108560004FF00000AAD2A76B226C22B3C5B3E0681B
:108570003146F7F78FFFE168206C2268091A9142B3
:10858000E16003D24042A1680844E060A81E394679
:10859000B0FA80F0002F18BF0121400908403F1AAF
:1085A0002BE04FF0500080F31188BFF36F8FBFF3C3
:1085B0004F8F00BFFEE720680025F8B9A06800F0E3
:1085C00023FBA560054619E0FFF7E6FB04E0204623
:1085D000FFF70EFA00F0ACFB002003B0BDE8F08F0F
:1085E00060683146F7F756FFD4E90101226C104468
:1085F0006060884201D3206860600025781CA06319
:1086000054F8240F78B1204600F04AFBB8B14EF67A
:1086100004504FF08051CEF200000160BFF34F8F45
:10862000BFF36F8F0BE055B14EF604504FF0805101
:10863000CEF200000160BFF34F8FBFF36F8FFFF7E3
:10864000ABFB012003B0BDE8F08F0000000000008C
:108650002DE9F04F85B0049298B104460D460029EB
:1086600000F0B78000F0FCF9A8B9049898B14FF079
:10867000500080F31188BFF36F8FBFF34F8F00BF9F
:10868000FEE74FF0500080F31188BFF36F8FBFF308
:108690004F8F00BFFEE704F11000019004F12400A9
:1086A00000900DF108090DF1100A4FF000080CE0E0
:1086B0002046FFF79DF900F03BFBFFF745FBA76B5A
:1086C000FFF76AFB002F00F09280FFF73DFBD4F824
:1086D00038B0BBF1000F27D0226C5AB1D4E90201A7
:1086E0001144E160814201D32068E060E1682846DE
:1086F000F7F7D0FEABF10100A063206970B10198DB
:1087000000F0CEFA50B14EF604504FF08051CEF248
:1087100000000160BFF34F8FBFF36F8FFFF73CFB8B
:1087200000200126A0B963E0049850B1B8F1000F11
:1087300002D14846FFF75CFC4FF00108012038B930
:1087400056E0FFF729FB00260020002850D000BF8C
:10875000FFF722FBFFF7F4FCFFF7F6FA94F844006A
:10876000FF2802D1002084F8440094F84500FF2837
:1087700002D1002084F84500FFF70EFB4846514621
:1087800000F03AF800287FF493AFFFF7DDFAA76B0B
:10879000FFF702FB2FB12046FFF72AF900F0C8FAD5
:1087A00093E704990098FFF73BFC2046FFF720F978
:1087B00000F0BEFA00287FF488AF4EF604504FF068
:1087C0008051CEF200000160BFF34F8FBFF36F8F77
:1087D0007BE7206C00283FF445AF4FF0500080F35A
:1087E0001188BFF36F8FBFF34F8F00BFFEE70026E6
:1087F000304605B0BDE8F08F70B530B30D4671B3AB
:108800000446FFF7A1FA44F6785EC2F2004EDEF8A5
:10881000003029684A1C2CD044F6E04CC2F2004CCF
:10882000D4E90002DCF80060864201D0934224D2F1
:108830009A1A91421FD9881A2860DCF8000020603B
:10884000DEF800006060002418E04FF0500080F374
:108850001188BFF36F8FBFF34F8F00BFFEE74FF05C
:10886000500080F31188BFF36F8FBFF34F8F00BFAD
:10887000FEE7002402E0002028600124FFF78CFAC4
:10888000204670BD000000002DE9F04F81B095003A
:1088900081462846984692460F46FFF7E9F878B198
:1088A00004465C20FFF7E4F838B10646046356B985
:1088B0004FF0FF3001B0BDE8F08F2046FFF784FA9B
:1088C0000026002EF4D0306BA52229464C46DDF858
:1088D00028B04FF0000986F85990F7F720FE306B6A
:1088E00000EB8A00A0F1040020F0070A77B106F13E
:1088F000340000217A5C42547A5C1AB10F2901F1EC
:108900000101F7D1002086F8430001E086F8349099
:10891000BBF1370F06F1040028BF4FF0370B0025DD
:10892000C6E913B5C6F82CB0FFF7CEF906F118006A
:10893000FFF7CAF9CBF13800B061504621464246F4
:1089400036617662756586F85850FFF761F90B99C4
:1089500030603046002918BF0E60FEF729FD012067
:1089600001B0BDE8F08F00002DE9F04782B00B9E0A
:1089700046B30C9C7CB381465C20019001985C2836
:1089800033D117460D460198022084F85900910012
:10899000A52230469846DDF828A02663F7F7BFFDEC
:1089A000206B65B304F13401002200BFAB5C8B5433
:1089B000AB5C1BB10F2A02F10102F7D1002184F850
:1089C00043101FE04FF0500080F31188BFF36F8F0A
:1089D000BFF34F8FFEE74FF0500080F31188BFF3D5
:1089E0006F8FBFF34F8F00BFFEE74FF0500080F353
:1089F0001188BFF36F8FBFF34F8F00BFFEE70021D9
:108A000084F8341000EB8700BAF1370FA0F10400AE
:108A10004FF0000628BF4FF0370A20F00705201D51
:108A2000C4E913A6C4F82CA0FFF74EF904F118000E
:108A3000FFF74AF9CAF13800A06128464946424684
:108A400024616462666584F85860FFF7E1F820608D
:108A50002046FEF7ADFC204602B0BDE8F0870000DE
:108A600044F64450C2F20040006848B144F2B850A5
:108A7000C2F200400068B0FA80F040094000704740
:108A8000012070470000000044F67850C2F2004018
:108A900000687047000000002DE9F04F81B044F2FB
:108AA000B850C2F20040006840B144F6EC400024E7
:108AB000C2F20040016801310160A0E044F6785044
:108AC000C2F2004001684E1C06602ED340F23450C2
:108AD000C2F200400168096849B14FF0500080F3CC
:108AE0001188BFF36F8FBFF34F8F00BFFEE740F2D7
:108AF0003C520168C2F2004213680360116044F600
:108B0000E041C2F200410A6801320A600168096866
:108B100021B10068C068C068406801E04FF0FF30D4
:108B200044F6DC41C2F20041086044F6DC4140F208
:108B30002C5AC2F2004140F24458C2F2004AC2F23A
:108B400000480868864201D2002446E040F23457CB
:108B50000024C2F2004738680068A0B344F2C05B4A
:108B6000C2F2004B1AE000BFD9F82C00DBF800106D
:108B70008842294688BFCBF8000000EB800008EB54
:108B80008000FFF7C5F8D9F82C00DAF80010C96AA0
:108B90003A68884228BF01241068B8B13868C068B4
:108BA000D0F80C904D4655F8040F864210D3284655
:108BB000FFF746F8D9F828000028D5D009F11800A9
:108BC000FFF73EF8D0E74FF0FF3005E04FF0FF3001
:108BD00044F6DC41C2F200410860DAF80000C06AE5
:108BE00000EB800058F82000012844F68450C2F2BF
:108BF000004088BF01240068002818BF01242046D7
:108C000001B0BDE8F08F0000B0B580B1044640F27D
:108C10002C50C2F200400068A0420AD04FF0500031
:108C200080F31188BFF36F8FBFF34F8FFEE70020F3
:108C3000B0BD206D38B3013820654FF0000021D160
:108C4000E16AE26C914208BFB0BD251D2846FEF7DF
:108C5000F7FFE06CE062C0F13801A16144F2C0515D
:108C6000C2F200410A68904288BF086000EB8000B1
:108C700040F24451C2F2004101EB80002946FFF767
:108C800047F80120B0BD4FF0500080F31188BFF3CA
:108C90006F8FBFF34F8F00BFFEE7000000000000A2
:108CA000B0B5C068C5687DB105F118042046FEF76F
:108CB000C7FF44F2B850C2F20040006868B144F601
:108CC000F040C2F200401DE04FF0500080F31188E8
:108CD000BFF36F8FBFF34F8FFEE72C1D2046FEF7CB
:108CE000AFFF44F2C051E86AC2F200410A68904204
:108CF00088BF086000EB800040F24451C2F200419E
:108D000001EB80002146FFF703F840F22C50E96A9E
:108D1000C2F200400068C06A814206D944F684511C
:108D20000120C2F200410860B0BD0020B0BD0000CB
:108D30002DE9F04F81B044F2B854C2F200442068EB
:108D400068B1FFF701F8206801382060206880B121
:108D50000024FFF721F8204601B0BDE8F08F4FF066
:108D6000500080F31188BFF36F8FBFF34F8F00BFA8
:108D7000FEE744F2B050C2F2004000680028E7D09D
:108D800044F6F04644F68458C2F20046C2F2004867
:108D90003068002843D044F2C05740F2445940F2B2
:108DA0002C5BC2F20047C2F20049C2F2004B4FF006
:108DB000010A00BFF068C56805F11800FEF740FF22
:108DC0002C1D2046FEF73CFFE86A396888422146A0
:108DD00088BF386000EB800009EB8000FEF798FF49
:108DE000E86ADBF80010C96A884228BFC8F800A00A
:108DF00030680028DED195B140F23450C2F2004014
:108E00000168096821B10068C068C068406801E075
:108E10004FF0FF3044F6DC41C2F20041086044F6F6
:108E2000EC44C2F20044256855B10126FFF734FE38
:108E3000002818BFC8F80060013DF7D1002020606D
:108E4000D8F8000000283FF483AF4EF604504FF0EE
:108E50008051CEF2000001240160BFF34F8FBFF3B9
:108E60006F8F76E70000000080B586B0FEF730FB1C
:108E700044F67C50C2F20040006808B3002004A908
:108E8000CDE9040005A803AAFEF702FFDDE90320EF
:108E900002210023CDE9001047F239700DA1C0F680
:108EA0000000DDF814C0CDF808C0FFF75DFD44F602
:108EB0008051C2F20041086010B1012006B080BDAF
:108EC0004FF0500080F31188BFF36F8FBFF34F8FC7
:108ED000FEE700BF546D722053766300F1EE100A76
:108EE0004FF6FF71C0F2C03120EA010040F040703F
:108EF000E1EE100A704700000000000000000000D2
:108F00000000000000000000000000000100000060
:108F10000200000003000000040000000000000048
:108F2000050000000000000000000000000000003C
:108F3000060000000000000000000000000000002B
:108F40000700000001040810204000040810204021
:108F50000D9000080000000000000000000000006C
:108F600000000000000200003000000000000000CF
:108F700000000000000000000102030401020304DD
:108F80000607080904900008000000000000000027
:108F9000000000000000000000020000300000009F
:108FA00000000000000000000100020004000600B4
:108FB00008000A000C0010002000400080000001A2
:108FC0000001020304050607080C101418203040A5
:108FD0000101010307010000080402040801010166
:108FE0001B900008000000000000000000000000CE
:108FF0000000000000020000180000000000000057
:1090000000000000534255535461736B00426F617E
:109010007264636F6D6D5461736B00646566617536
:109020006C745461736B00004890000800000024C9
:1090300020000000FC0200086890000820000024C6
:10904000685102001C03000871700008717100086B
:10905000E97000080090D0030090D00301000000E8
:0890600010000000AAAAAAAA50
:040000050800029954
:00000001FF
