:020000040800F2
:10000000286A0024C1030008197D0008F96F000860
:10001000117D0008110A0008699100080000000025
:1000200000000000000000000000000091810008B6
:100030002911000800000000217D000861830008EC
:10004000DB030008DB030008DB030008DB03000818
:10005000DB030008DB030008DB030008DB03000808
:10006000DB030008DB030008DB030008DB030008F8
:10007000510A0008610A0008710A0008810A000894
:10008000DB030008DB030008DB0300084111000864
:1000900051110008DB030008DB030008DB03000844
:1000A000DB030008DB030008DB030008DB030008B8
:1000B000E9840008DB030008DB030008DB03000819
:1000C000DB030008DB030008DB030008DB03000898
:1000D000DB030008DB030008099100081991000800
:1000E000DB030008DB03000800000000DB0300085E
:1000F000DB030008DB030008DB030008DB03000868
:10010000DB030008DB030008DB030008DB03000857
:10011000DB030008DB030008DB030008DB03000847
:10012000DB030008910A0008A10A0008DB030008AD
:10013000DB030008DB030008DB030008DB03000827
:1001400000000000000000000000000000000000AF
:10015000DB030008DB030008DB030008DB03000807
:10016000DB030008DB030008DB030008DB030008F7
:10017000DB030008DB030008DB03000800000000CD
:10018000DB030008DB03000851870008DB030008DD
:10019000DB030008DB030008DB030008DB030008C7
:1001A000DB030008DB030008DB030008000000009D
:1001B000DB030008DB030008DB030008DB030008A7
:1001C000DB030008DB030008000000000000000063
:1001D0000000000000000000DB0300080000000039
:1001E000000000000000000000000000000000000F
:1001F0000000000000000000DB030008DB03000833
:10020000DB030008DB03000800000000DB0300083C
:10021000DB030008DB030008DB030008DB03000846
:10022000DB03000800000000DB0300080000000002
:10023000DB030008DB03000800000000DB0300080C
:10024000DB030008DB030008DB030008DB03000816
:10025000DB030008DB030008DB030008DB03000806
:10026000DB030008DB030008DB030008DB030008F6
:10027000DB030008DB030008DB03000800000000CC
:10028000DB030008DB030008DB030008DB030008D6
:1002900000000000DB030008DB0300080000000092
:1002A00000000000DB030008DB030008DB0300089C
:1002B000DB030008DB030008DB030008DB030008A6
:1002C000DB030008DB030008DB03000800F002F892
:1002D00000F066F814A696E8000CB244B344DA4580
:1002E00001D100F05DF8BAE80F000FA696E83000E3
:1002F000A5EB040504EB0607AAEB0704A7F1010729
:100300004FEA15154FEA3414A4F10104AC4201D3AD
:1003100000F046F813F0010F18BFFB1A43F0010379
:1003200000F001F8DBE71847B4EC0000E4EC000053
:100330000A4410F8014B14F00F0508BF10F8015BD8
:10034000240908BF10F8014B6D1E05D010F8013BC1
:100350006D1E01F8013BF9D1641E03D0641E01F843
:10036000015BFBD19142E4D370470000704700006D
:100370000023002400250026103A28BF78C1FBD8AE
:10038000520728BF30C148BF0B6070471FB50EF041
:10039000F5F89DE8030000F0C1F91FBD10B510BDD0
:1003A00000F04EFA1146FFF7F1FF0BF069FE00F086
:1003B0006CFA03B4FFF7F2FF03BC00F09DFA0000F3
:1003C0000948804709480047FEE7FEE7FEE7FEE7E9
:1003D000FEE7FEE7FEE7FEE7FEE7FEE70448054925
:1003E000054A064B7047000039840008CD0200081A
:1003F00000000020286A0024000002202862002457
:1004000070B5064600F06EF9056806F10B0020F0A5
:100410000704B4429CBF002070BD2B466A68BAB185
:100420001068A04210D304F1080188423CBF506814
:10043000586007D35168101941601168091B0160A9
:1004400058601460101D70BD13465268002AE7D131
:100450002146284600F04EF90028DED170BD53EA4F
:10046000020C00F069802DE9F04B4FF00006002BE4
:100470001FBFB3FA83F503FA05F424FA05F65E40CC
:1004800012BF1643B2FA82F502FA05F4C5F120054F
:100490001EBF22FA05FC44EA0C04203556EA044C3F
:1004A0004FEA144418BF641C4FF000084FF00009D5
:1004B000904271EB030C39D3002919BFB1FA81F7CF
:1004C00001FA07F6B0FA80F700FA07F6C7F120073D
:1004D0001EBF20FA07FC46EA0C062037B6FBF4FCE8
:1004E000A7EB0507103F07F01F0BCBF120062CFAF6
:1004F00006F60CFA0BFB44BFB3460026202FA4BF20
:100500005E464FF0000B5BEA060C08BF4FF0010B94
:1005100019EB0B0948EB0608ABFB027C06FB02CC8F
:100520000BFB03CCC01B71EB0C01C1E70B46024671
:1005300041464846BDE8F08B13B5084318BF4FF05D
:10054000FF300146AFF30080BDE81C407047032A2E
:1005500040F2308010F0030C00F0158011F8013BE0
:10056000BCF1020F624498BF11F801CB00F8013BC7
:1005700038BF11F8013BA2F1040298BF00F801CB8B
:1005800038BF00F8013B11F0030300F02580083A62
:10059000C0F0088051F8043B083A51F804CBA0E8B9
:1005A0000810F5E7121D5CBF51F8043B40F8043B0E
:1005B000AFF30080D20724BF11F8013B11F801CB43
:1005C00048BF11F8012B24BF00F8013B00F801CB14
:1005D00048BF00F8012B704710B5203AC0F00B80DF
:1005E000B1E81850A0E81850B1E81850A0E8185029
:1005F000203ABFF4F5AF5FEA027C24BFB1E818509F
:10060000A0E8185044BF18C918C0BDE810405FEA00
:10061000827C24BF51F8043B40F8043B08BF70477C
:10062000D20728BF31F8023B48BF11F8012B28BF81
:1006300020F8023B48BF00F8012B704702F0FF038F
:1006400043EA032242EA024200F024B84FF00002DB
:100650000429C0F0128010F0030C00F01B80CCF1D4
:10066000040CBCF1020F18BF00F8012BA8BF20F842
:10067000022BA1EB0C0100F00DB85FEAC17C24BF96
:1006800000F8012B00F8012B48BF00F8012B704740
:100690004FF0000200B5134694469646203922BF1B
:1006A000A0E80C50A0E80C50B1F12001BFF4F7AF66
:1006B000090728BFA0E80C5048BF0CC05DF804EB48
:1006C000890028BF40F8042B08BF704748BF20F8B6
:1006D000022B11F0804F18BF00F8012B70477047B4
:1006E0007047704700487047B00D0024704770474E
:1006F0007047704738B504460A4600206946AFF394
:100700000080002808BF38BD02460099204600F04E
:1007100075F8012038BD012000F08AB8F8B5AFF3B4
:100720000080054600200C460C2000BF0646A81994
:10073000A0420DD9324669460020AFF30080070081
:1007400008BF00F075F80098A04218BF0546C4190C
:10075000FFF7C8FF05600746F01D20F007004619A7
:10076000284600F00AF8B44208BFF8BDA21B314683
:100770003868BDE8F84000F041B8002101604160F0
:1007800070470C20704770B50446051FFFF7AAFF9D
:100790000068002C14BF446870BD002C18BFAC4228
:1007A0003CBF20466468F8D301680A18AA4218BF03
:1007B000456003D12A680546114401602868411943
:1007C000A1421CBF6C6070BD61686960216808440B
:1007D000286070BD10B500F00DF8006810BD10B5B0
:1007E000044600F007F8046010BD000000487047A0
:1007F000A80D002400487047A80D00240346406857
:100800008C46002818BF88423CBF03464068F8D396
:1008100018681844884207D00CF1030020F0070044
:10082000001D411A521A0146081D0A60FFF7ABBFAE
:1008300010B500F039F8BDE8104000F02FB870474F
:100840007546FFF7D3FFAE4605006946534620F0D4
:100850000700854618B020B5FFF7C0FDBDE8204071
:100860004FF000064FF000074FF000084FF0000B6C
:10087000AC46ACE8C009ACE8C009ACE8C009ACE8DB
:10088000C00921F007018D46704710B50446AFF34B
:1008900000802046BDE81040FFF78BBD002801D046
:1008A00000F02AB87047000010B5012805D00021DB
:1008B00003A000F027F8012010BD09A1F8E700000F
:1008C00053494752544D454D3A204F7574206F6639
:1008D0002068656170206D656D6F727900000000A1
:1008E0003A2048656170206D656D6F727920636F85
:1008F000727275707465640001491820ABBEFEE722
:100900002600020070B505460C460A2000E06D1C6A
:1009100000F011F835B128780028F8D102E0641C05
:1009200000F009F814B120780028F8D1BDE8704033
:100930000A20AFF3008008B569468DF80000032057
:10094000ABBE08BD00000000C0E9051240F608017A
:1009500041820021A0F80F10C0E90011816081815F
:10096000704700000000000010B540F21F12DDF8D3
:1009700028E09142DDF824C04FEA1E6218D040F210
:100980000F13994218BF10BD9CFA8CF16FF0FF0352
:1009900003EA1C24090C818044EA1C6101819EFA4F
:1009A0008EF4210CC18003EA1E211144418106E02E
:1009B0009CFA8CF180F80EE0090C8181C273012150
:1009C000017410BD0000000080B5024600884FF0A1
:1009D000000E010A02F81C1F507032F81A0C5071F8
:1009E00012F8093C010A40F20000C2F20040117105
:1009F00032F8041CA2F802E0D0F804C052F8080C47
:100A0000A2F806E0BDE8804060470000000000005A
:100A1000FEE700000000000041F29C10C2F200401E
:100A2000007C012811D140F63060C2F2004090ED08
:100A30001D0AB5EE400AF1EE10FA08BF704740F209
:100A40006800C2F2004009F0AFB970470000000032
:100A500041F2D820C2F2004001F02EB800000000A0
:100A600041F25030C2F2004001F026B80000000010
:100A700041F2C830C2F2004001F01EB80000000090
:100A800041F24040C2F2004001F016B80000000000
:100A900041F26020C2F2004001F00EB800000000F8
:100AA00041F2E810C2F2004001F006B80000000078
:100AB00040F20F42D0F800C0C4F20202944510DCAC
:100AC0006F22C4F20202944520DC3F22C4F20202EB
:100AD000944536DC1022C4F20202944554D02822F8
:100AE0004EE040F26F42C4F2020294451ADC40F23A
:100AF0003F42C4F2020294452ADC40F21042C4F2A2
:100B00000202944540D040F2284239E09F22C4F2CC
:100B10000202944525DC7022C4F20202944533D0CF
:100B200088222DE040F29F42C4F2020294451FDC6D
:100B300040F27042C4F20202944525D040F288424D
:100B40001EE04022C4F2020294451DD0582217E054
:100B500040F24042C4F20202944515D040F258429D
:100B60000EE0A022C4F2020294450DD0B82207E0A4
:100B700040F2B842C4F20202944505D040F2A042CD
:100B8000C4F20202944517D10CF0F8024AF6AB23E6
:100B9000103ACAF6AA23A2FB033109A35F2AC1F3C4
:100BA00002115B5C40F2FF312CEA0101C36588BF92
:100BB00004318165084670472CF0FF01F9E700BF5A
:100BC000000610160006101670B540F26F44D0F8FB
:100BD00000C0C4F20204D0F858E0A44519DC9F25F7
:100BE000C4F20205AC4531DC5725C4F20205AC4520
:100BF00056DC1025C4F20205AC4500F09280282591
:100C0000C4F20205AC4500F08C804025C4F2020518
:100C100084E045F22F45C5F60205AC452BDC40F2D9
:100C2000B745C4F20205AC4548DC40F27045C4F259
:100C30000205AC4575D040F28845C4F20205AC45CA
:100C40006FD040F2A045C4F2020567E040F22745AC
:100C5000C4F20205AC4540DCA025C4F20205AC4557
:100C60005FD0B825C4F20205AC455AD040F2104519
:100C7000C4F2020552E045F26B45C5F60205AC45EB
:100C80003CDC45F23045C5F60205AC4549D045F29D
:100C90004445C5F60205AC4543D045F258453BE016
:100CA0005825C4F20205AC453BD07025C4F20205BC
:100CB000AC4536D08825C4F202052FE040F2B84595
:100CC000C4F20205AC452CD045F20845C5F6020534
:100CD000AC4526D045F21C451EE040F22845C4F242
:100CE0000205AC451DD040F24045C4F20205AC45BA
:100CF00017D040F25845C4F202050FE045F26C45AA
:100D0000C5F60205AC450CD045F29445C5F6020582
:100D1000AC4506D045F28045C5F60205AC4540F02D
:100D2000CC80456EC66E002E866E6E601CBFD0E90C
:100D30001C566E60A44515DC9F24C4F20204A44531
:100D40002BDC5724C4F20204A4454EDC1024C4F268
:100D50000204A44576D02824C4F20204A44571D02C
:100D600040246BE045F22F44C5F60204A44527DC7D
:100D700040F2B744C4F20204A44542DC40F270449D
:100D8000C4F20204A4455DD040F28844C4F20204D7
:100D9000A44557D040F2A04450E040F22744C4F2AA
:100DA0000204A4453CDCA024C4F20204A44549D0BA
:100DB000B824C4F20204A44544D040F210443DE0FB
:100DC00045F26B44C5F60204A44553DC45F23044B9
:100DD000C5F60204A4455FD045F24444C5F60204BA
:100DE000A44559D045F2584452E05824C4F20204B4
:100DF000A44527D07024C4F20204A44522D088243C
:100E00001CE040F2B844C4F20204A4451AD045F2F2
:100E10000844C5F60204A4453ED045F21C4437E020
:100E200040F22844C4F20204A4450BD040F24044EE
:100E3000C4F20204A44505D040F25844C4F20204AE
:100E4000A4453AD18468C06D00F01F003F2505FA23
:100E500000F0CEF80800DCF80000402C20F48020E0
:100E6000CCF80000CCF8043023D1CCF80820CCF822
:100E70000C1070BD45F26C44C5F60204A4450BD0BD
:100E800045F28044C5F60204A44505D045F29444D9
:100E9000C5F60204A44510D1C46D012504F01F0459
:100EA000806805FA04F4CEF804404028CCF80430F9
:100EB000DBD0CCF80810CCF80C2070BD000000008E
:100EC00041F2040040F60C62CEF20000C2F2004291
:100ED000016892ED001AB8EE411A21EE000A00BF37
:100EE0000268521A01EE102AB8EE411AB4EE410A15
:100EF000F1EE10FAF4DC7047B0B582B041F2040CA8
:100F000040F60C62CEF2000CC2F20042DCF8001097
:100F10000091009C036812680099016040F624600B
:100F2000C2F200400178D1B940F6186E012101707B
:100F3000C2F2004EDCF8001001910199DEF8005079
:100F4000A94206D240F61C61C2F200410D6801358B
:100F50000D60DCF80010CEF8001000210170E01ADE
:100F600001EE102A00EE100AB8EE411AB8EE400A5F
:100F700080EE010A02B0B0BD2DE9F04182B041F22D
:100F80000400CEF200000168009140F62461C2F234
:100F900000410A78002A40F61C62C2F2004212D1D7
:100FA00001230B700368019340F61863019FC2F29E
:100FB00000431E68B74202D2176801371760006805
:100FC0001860002008701068009D4FF0FF31002667
:100FD000E0FB015640F60C60C2F2004000233146AF
:100FE000076828463A46FFF73AFA8046A0FB070210
:100FF00001FB072100232D1A40F61060C2F20040C9
:101000008E413146076828463A46FFF728FA0446DB
:1010100040F6146280B2C2F20042784300231268A4
:10102000281A66F10001FFF71AFA80B24FF47A71BC
:1010300008FB01F101EE100A9FED072A11FA84F175
:1010400000EE101AB8EE411AB8EE400AA1EE020AFC
:1010500002B0BDE8F08100BF6F12833A00000000CB
:101060004EF6FC5241F20401CEF20002CEF2000133
:101070004FF0000C136843F080731360C1F800C098
:1010800051F8042C42F0010241F8042C44F24022B1
:10109000C0F20F02504340F60C62C2F200421060F0
:1010A00044F6D352C1F26202A0FB02234DF68362E2
:1010B000C4F21B32A0FB020240F61060C2F20040F4
:1010C0009B090360900C40F61462C2F2004210606B
:1010D00040F61C62C2F2004240F62460C2F20040B8
:1010E000C2F800C00378002B18BF704710B581B05C
:1010F00040F6186E4FF0010C80F800C0C2F2004EAE
:101100000B680093009BDEF80040A34238BFC2F892
:1011100000C00968CEF800100021017001B0BDE8E0
:101120001040704700000000704700000000000001
:10113000EFF3108072B600BFFEE700000000000071
:1011400041F2B840C2F2004002F082B80000000054
:1011500041F25850C2F2004002F07AB8000000009C
:10116000F0B5D1E900C4D1F808E00D692CB14EEA20
:101170000C04254345F0804C03E045EA8C4444EAE6
:101180000E0C856ED0F88470D1E907466B438D69EB
:1011900044EA0660D1F814E00543CC6807EB83000D
:1011A00045EA0E0647F823C046EA04034360CB68CD
:1011B000B3F5803F38BFF0BD4EF2587C08300132A5
:1011C0000023C0F6000C00BFD71857F8017CC750A9
:1011D000CF8904331CF80770BB42F5D3F0BD000083
:1011E000B0B5CB070FD14FF0010C4FF0000EBEF1A0
:1011F000000F06D000684161816821F01801114399
:1012000081606046B0BD1F233BB1013B03F01F046A
:1012100021FA04F4E407F7D001E04FF0FF334FEA7E
:10122000F205032DDFD84FF0000C4FF0010EDFE880
:1012300005F002030E19DAE74FF0000E102B38BF4D
:101240004FF0010E0F2B88BF4FF0010CCFE74FF08E
:10125000000E082B38BF4FF0010E072B88BF4FF050
:10126000010CC4E74FF0000E072B38BF4FF0010E02
:10127000062B88BF4FF0010CB9E70000000000000A
:10128000B0B110B50446407F20B900202077204639
:1012900000F032F802206077207958B1D4E90212C8
:1012A0002046FFF79DFF00281CBF012010BD0BE06A
:1012B00001207047206841F6B751C0F2C141416139
:1012C000816821F018018160607908B1206901E02E
:1012D0004FF0FF302168D4E905230861886820F0C9
:1012E000600010438860886820F0800018438860A0
:1012F00001206077002010BD44F2E0410068C5F68F
:10130000020101F5E462904218BF704781B008689D
:1013100040F400200860086800F400200090009865
:1013200001B07047000000002DE9F041044602F0D2
:10133000F3FC14B3054694F83500022820D140F29E
:101340000F462768C4F2020640F26F48B7426FF0BA
:101350000E00C4F2020817DC6F21C4F202018F42B2
:1013600023DC3F21C4F202018F4239DC1021C4F298
:1013700002018F4258D0282151E00120BDE8F081C0
:1013800080206065012040E247451ADC40F23F4181
:10139000C4F202018F422ADC40F21041C4F2020181
:1013A0008F4241D040F2284139E09F21C4F202012E
:1013B0008F4225DC7021C4F202018F4234D0882193
:1013C0002DE040F29F41C4F202018F421FDC40F247
:1013D0007041C4F202018F4226D040F288411EE0E3
:1013E0004021C4F202018F421ED0582117E040F282
:1013F0004041C4F202018F4216D040F258410EE043
:10140000A021C4F202018F420ED0B82107E040F2C1
:10141000B841C4F202018F4206D040F2A041C4F2AA
:1014200002018F42394607D13946386820F01E0044
:1014300041F8140B6FF080000A68474500EA02008B
:10144000086019DC9F20C4F20200874231DC57207B
:10145000C4F20200874256DC1020C4F20200874228
:1014600000F091802820C4F20200874200F08B80B7
:101470004020C4F2020084E045F22F40C5F602008D
:1014800087422BDC40F2B740C4F20200874248DCBE
:1014900040F27040C4F20200874274D040F28840AB
:1014A000C4F2020087426ED040F2A040C4F20200B3
:1014B00067E040F22740C4F20200874240DCA020EF
:1014C000C4F2020087425ED0B820C4F20200874214
:1014D00059D040F21040C4F2020052E045F26B4095
:1014E000C5F6020087423CDC45F23040C5F60200FA
:1014F000874248D045F24440C5F60200874242D0B8
:1015000045F258403BE05820C4F2020087423AD0EE
:101510007020C4F20200874235D08820C4F2020055
:101520002FE040F2B840C4F2020087422BD045F2CF
:101530000840C5F60200874225D045F21C401EE057
:1015400040F22840C4F2020087421CD040F24040E2
:10155000C4F20200874216D040F25840C4F20200A2
:101560000FE045F26C40C5F6020087420BD045F211
:101570009440C5F60200874205D045F28040C5F68A
:101580000200874204D1206E016821F4807101605D
:10159000386820F0010038603868C0070BD002F0CE
:1015A000BBFB401B0628F7D320206065032084F88E
:1015B0003500012029E12068B04210DC6F21C4F21F
:1015C000020188421CDC3F21C4F20201884232DC65
:1015D0001021C4F20201884250D028214AE040453F
:1015E0001ADC40F23F41C4F2020188422ADC40F298
:1015F0001041C4F20201884240D040F2284139E053
:101600009F21C4F20201884225DC7021C4F202014C
:10161000884233D088212DE040F29F41C4F202017C
:1016200088421FDC40F27041C4F20201884225D09A
:1016300040F288411EE04021C4F2020188421DD0E0
:10164000582117E040F24041C4F20201884215D00F
:1016500040F258410EE0A021C4F2020188420DD0B0
:10166000B82107E040F2B841C4F20201884205D037
:1016700040F2A041C4F20201884259D1D4E91612C5
:1016800002F01F023F2303FA02F28A60404559DC50
:101690009F21C4F20201884214DC5721C4F20201E6
:1016A000884226DC1021C4F20201884200F09D80AD
:1016B0002821C4F20201884200F097804021C4F240
:1016C000020190E040F22741C4F2020188421EDC90
:1016D000A021C4F20201884200F08780B821C4F240
:1016E0000201884200F0818040F21041C4F2020100
:1016F00079E05821C4F20201884276D07021C4F208
:101700000201884271D08821C4F202016BE040F2EC
:101710002841C4F20201884267D040F24041C4F23D
:101720000201884261D040F25841C4F202015AE0FD
:10173000D4E9161202F01F02012303FA02F24A60F2
:101740004045A5DD45F22F41C5F60201884216DC71
:1017500040F2B741C4F20201884225DC40F27041F8
:10176000C4F20201884240D040F28841C4F2020132
:1017700088423AD040F2A041C4F2020133E045F27F
:101780006B41C5F6020188421DDC45F23041C5F6C9
:101790000201884229D045F24441C5F6020188423F
:1017A00023D045F258411CE040F2B841C4F2020196
:1017B00088421AD045F20841C5F60201884214D089
:1017C00045F21C410DE045F26C41C5F6020188422C
:1017D0000BD045F29441C5F60201884205D045F28E
:1017E0008041C5F6020188420BD1616EA26EE06EA7
:1017F0004A6030B1016821F480710160D4E91C01B4
:101800004160012084F835000020002184F8341064
:10181000BDE8F08100000000F0B190F83510022919
:1018200018D180B540F20F420168C4F20202914221
:1018300014DC6F23C4F20203994224DC3F23C4F278
:10184000020399423ADC1023C4F20203994258D0B1
:10185000282352E0802141650120704740F26F4308
:10186000C4F2020399421ADC40F23F43C4F202037D
:1018700099422ADC40F21043C4F20203994240D05C
:1018800040F2284339E09F23C4F20203994225DC49
:101890007023C4F20203994233D088232DE040F232
:1018A0009F43C4F2020399421FDC40F27043C4F22A
:1018B0000203994225D040F288431EE04023C4F23F
:1018C000020399421DD0582317E040F24043C4F26E
:1018D0000203994215D040F258430EE0A023C4F20F
:1018E000020399420DD0B82307E040F2B843C4F296
:1018F0000203994205D040F2A043C4F20203994288
:1019000071D191424FF0040280F8352010DC6F2035
:10191000C4F20200814220DC3F20C4F20200814276
:1019200036DC1020C4F20200814253D028204EE061
:1019300040F26F40C4F2020081421ADC40F23F40A4
:10194000C4F2020081422ADC40F21040C4F20200DC
:1019500081423FD040F2284039E09F20C4F202008B
:10196000814225DC7020C4F20200814232D08820FE
:101970002DE040F29F40C4F2020081421FDC40F2A1
:101980007040C4F20200814224D040F288401EE040
:101990004020C4F2020081421CD0582017E040F2DF
:1019A0004040C4F20200814214D040F258400EE0A0
:1019B000A020C4F2020081420CD0B82007E040F21F
:1019C000B840C4F20200814204D040F2A040C4F208
:1019D00002008142086820F0010008600021BDE893
:1019E0008040084670470A6822F00E020A6045F2FD
:1019F0005742C5F6020291420A6822F001020A60CB
:101A00000EDC45F22F42C5F60202914217DC45F288
:101A10000842C5F60202914226D045F21C421FE060
:101A200045F27F42C5F60202914211DC45F258426E
:101A3000C5F60202914217D045F26C4210E045F221
:101A40003042C5F6020291420ED045F2444207E010
:101A500045F29442C5F60202914205D045F2804219
:101A6000C5F6020291421AD1D0E9181CD0E916E35A
:101A70000A6822F480720A6003F01F01012202FA50
:101A800001F1CEF80410816ECCF80410C16E31B1B2
:101A90000A6822F480720A60D0E91C124A600121AF
:101AA00080F83510026D0021002A80F8341096D09D
:101AB000904793E7000000002DE9F04381B000213A
:101AC000009140F25C010446C2F2004148F2B512B6
:101AD000C1F64E32A56D096840F26F490068C4F244
:101AE0000209A1FB021848452E682A6815DC9F21CF
:101AF000C4F2020188422BDC5721C4F20201884261
:101B00004FDC1021C4F20201884278D02821C4F2AF
:101B10000201884273D040216CE045F22F41C5F6A6
:101B20000201884227DC40F2B741C4F20201884238
:101B300043DC40F27041C4F2020188425FD040F2BF
:101B40008841C4F20201884259D040F2A04151E0DC
:101B500040F22741C4F2020188423DDCA021C4F2D8
:101B6000020188424BD0B821C4F20201884246D01B
:101B700040F210413EE045F26B41C5F60201884259
:101B800075DC45F23041C5F60201884200F08280E2
:101B900045F24441C5F6020188427BD045F25841E6
:101BA00073E05821C4F20201884228D07021C4F2A7
:101BB0000201884223D088211CE040F2B841C4F2DF
:101BC000020188421BD045F20841C5F60201884255
:101BD00060D045F21C4158E040F22841C4F20201B5
:101BE00088420CD040F24041C4F20201884206D043
:101BF00040F25841C4F20201884240F04E84E16D47
:101C0000082201F01F018A40324200F0168140F2A2
:101C10000F43C4F2020398424FF0040313DC6F2712
:101C2000C4F20207B84200F391803F27C4F20207D2
:101C3000B84200F3D2801027C4F20207B84200F085
:101C4000F0802827E8E0484500F38C8040F23F47C9
:101C5000C4F20207B84200F3C78040F21047C4F252
:101C60000207B84200F0DD8040F22847D4E045F298
:101C70006C41C5F6020188420CD045F28041C5F6A0
:101C80000201884206D045F29441C5F6020188421D
:101C900040F003840368E16D01F01F01042707FA97
:101CA00001F6164218BF13F004072CD1022707FAD9
:101CB00001F6164218BF13F0020762D1CA4012079C
:101CC00040F1EB8313F0080200F0E78340F20F428B
:101CD000C4F2020290426FF01C0200F305836F23EE
:101CE000C4F20203984200F324833F23C4F20203A8
:101CF000984200F369831023C4F20203984200F073
:101D0000BB832823B2E319046E605ED4990600F108
:101D1000D88340F20F41C4F2020188426FF00801FB
:101D200000F3F5826F22C4F20202904200F30E83A8
:101D30003F22C4F20202904200F34D831022C4F20B
:101D40000202904200F0BA832822B1E39F27C4F236
:101D50000207B84251DC7027C4F20207B84260D0D3
:101D6000882759E040F29F47C4F20207B8424BDC93
:101D700040F27047C4F20207B84252D040F288479E
:101D80004AE019046E6000F19B82990600F1CA8353
:101D900040F20F41C4F2020188426FF0140100F3D7
:101DA000E2826F22C4F20202904200F31B833F22C0
:101DB000C4F20202904200F387831022C4F20202AE
:101DC000904200F0A68328229DE3D80300F1798396
:101DD000A16C002940F0A9835FE34027C4F2020709
:101DE000B8421ED0582717E040F24047C4F202071D
:101DF000B84216D040F258470EE0A027C4F20207BE
:101E0000B8420ED0B82707E040F2A047C4F202075C
:101E1000B84206D040F2B847C4F20207B84218BF31
:101E2000082307681F4208D0036823F004030360F7
:101E3000AA60626D42F00102626501228A4032426C
:101E40006FD040F20F43C4F20203984210DC6F23BC
:101E5000C4F2020398421CDC3F23C4F202039842FE
:101E600032DC1023C4F20203984251D028234AE006
:101E700048451ADC40F23F43C4F2020398422ADC90
:101E800040F21043C4F20203984241D040F228438A
:101E900039E09F23C4F20203984225DC7023C4F288
:101EA0000203984234D088232DE040F29F43C4F2CD
:101EB000020398421FDC40F27043C4F202039842CE
:101EC00026D040F288431EE04023C4F20203984229
:101ED0001ED0582317E040F24043C4F20203984258
:101EE00016D040F258430EE0A023C4F202039842F9
:101EF0000ED0B82307E040F2B843C4F20203984280
:101F000006D040F2A043C4F20203984240F0E081C0
:101F1000436903F0800323B1AA60626D42F00202BC
:101F2000626504228A4032426FD040F20F43C4F20D
:101F30000203984210DC6F23C4F2020398421CDCB7
:101F40003F23C4F20203984232DC1023C4F202039E
:101F5000984251D028234AE048451ADC40F23F43DA
:101F6000C4F2020398422ADC40F21043C4F2020396
:101F7000984241D040F2284339E09F23C4F2020343
:101F8000984225DC7023C4F20203984234D088239F
:101F90002DE040F29F43C4F2020398421FDC40F25E
:101FA0007043C4F20203984226D040F288431EE0F8
:101FB0004023C4F2020398421ED0582317E040F297
:101FC0004043C4F20203984216D040F258430EE058
:101FD000A023C4F2020398420ED0B82307E040F2D7
:101FE000B843C4F20203984206D040F2A043C4F2C0
:101FF0000203984240F07281036803F0020323B1A8
:10200000AA60626D42F004026265102202FA01F1D8
:1020100031427DD040F20F42C4F2020290424FF0B2
:10202000080210DC6F23C4F2020398421CDC3F2339
:10203000C4F20203984232DC1023C4F20203984235
:1020400051D028234AE048451ADC40F23F43C4F20D
:10205000020398422ADC40F21043C4F20203984281
:1020600041D040F2284339E09F23C4F20203984252
:1020700025DC7023C4F20203984234D088232DE07B
:1020800040F29F43C4F2020398421FDC40F27043C7
:10209000C4F20203984226D040F288431EE0402357
:1020A000C4F2020398421ED0582317E040F2404386
:1020B000C4F20203984216D040F258430EE0A02327
:1020C000C4F2020398420ED0B82307E040F2A043C6
:1020D000C4F20203984206D040F2B843C4F20203AD
:1020E000984218BF04220368134211D0A960016806
:1020F0004903016806D4C90506D4016821F0080126
:10210000016001E0080352D4216C09B120468847E0
:10211000E06D00F01F01202000FA01F2324200F0D1
:10212000A68040F20F432068C4F2020398424FF0A9
:10213000100310DC6F27C4F20207B8421CDC3F27F3
:10214000C4F20207B84236DC1027C4F20207B842D4
:1021500055D028274EE048451ADC40F23F47C4F2EC
:102160000207B8422EDC40F21047C4F20207B84220
:1021700045D040F228473DE09F27C4F20207B8420D
:1021800029DC7027C4F20207B84238D0882731E032
:1021900040F29F47C4F20207B84223DC40F2704786
:1021A000C4F20207B8422AD040F2884722E0A16C6C
:1021B0000029ABD1ACE74027C4F20207B8421ED0D9
:1021C000582717E040F24047C4F20207B84216D041
:1021D00040F258470EE0A027C4F20207B8420ED0E2
:1021E000B82707E040F2A047C4F20207B84206D081
:1021F00040F2B847C4F20207B84218BF022307688A
:102200001F4234D0AA6094F83520042A026816D1FF
:1022100022F016020260426922F080024261226CC2
:102220000AB9A26C1AB1026822F0080202603F20CB
:102230008840A860012084F83500216D27E1510312
:1022400001680CD4C9050ED4016821F010010160A9
:10225000012084F83500002084F8340003E00803EE
:1022600001D4616C00E0E16B09B120468847606DE4
:10227000002800F01281606DC0071CD0042084F893
:10228000350020684FEA9821026822F001020260BE
:10229000009A013200928A4202D80268D207F7D12E
:1022A0000068C0074FF0030008BF012084F8350024
:1022B000002084F83400E16C002940F03681ECE025
:1022C000D80300F12F81616C002940F02E81E4E0F9
:1022D00003680023002B7FF41FAE22E6036800236F
:1022E000002B7FF48DAE90E648454FDC40F23F4333
:1022F000C4F20203984200F3828040F21043C4F219
:102300000203984200F0B88040F22843AEE048450E
:102310004BDC40F23F42C4F20202904278DC40F2D1
:102320001042C4F20202904200F0C88040F22842FB
:10233000BEE09F23C4F20203984272DC7023C4F211
:102340000203984200F0988088238FE09F22C4F215
:10235000020290426CDC7022C4F20202904200F051
:10236000AD808822A4E0484569DC40F23F42C4F2D7
:102370000202904200F3AF8040F21042C4F2020227
:10238000904200F0C68040F22842BCE040F29F43F9
:10239000C4F20203984261DC40F27043C4F20203CB
:1023A000984269D040F2884360E040F29F42C4F214
:1023B0000202904274DC40F27042C4F20202904287
:1023C0007CD040F2884273E04023C4F2020398427A
:1023D00052D058234AE04022C4F2020290426DD00B
:1023E000582265E09F22C4F2020290427CDC7022F7
:1023F000C4F20202904200F08C80882283E040F216
:102400004043C4F20203984236D040F258432DE0D4
:1024100040F24042C4F2020290424FD040F2584291
:1024200046E0A023C4F20203984225D0B8231DE061
:10243000A022C4F20202904240D0B82238E040F21A
:102440009F42C4F20202904255DC40F27042C4F254
:10245000020290425DD040F2884254E040F2A04334
:10246000C4F20203984207D040F2B843C4F2020318
:10247000984218BF6FF00E0203681A4002600120F4
:1024800000FA01F16960606584F83500E16C0029AB
:102490004FF0000084F8340047D101B0BDE8F0836C
:1024A00040F2A042C4F20202904207D040F2B84289
:1024B000C4F20202904218BF6FF00401026811409A
:1024C0000160216C89BBE8E74022C4F2020290421D
:1024D0001FD0582217E040F24042C4F2020290425C
:1024E00017D040F258420EE0A022C4F202029042FD
:1024F0000FD0B82207E040F2A042C4F2020290429C
:1025000007D040F2B842C4F20202904218BF6FF006
:102510000A01026811400160012084F835000020A2
:1025200084F83400E16B0029B7D0204601B0BDE843
:10253000F0430847000000002DE9F041044601F097
:10254000EBFBECB140F26F4805462068C4F202088C
:10255000404518DC9F21C4F2020188422EDC57213D
:10256000C4F20201884254DC1021C4F20201884204
:102570007ED02821C4F20201884279D0402172E045
:102580000120BDE8F08145F22F41C5F602018842E5
:1025900027DC40F2B741C4F20201884245DC40F238
:1025A0007041C4F20201884262D040F28841C4F214
:1025B000020188425CD040F2A04154E040F2274141
:1025C000C4F20201884240DCA021C4F20201884228
:1025D0004ED0B821C4F20201884249D040F21041E5
:1025E00041E045F26B41C5F60201884200F3B88034
:1025F00045F23041C5F60201884200F0C38045F241
:102600004441C5F60201884200F0BC8045F25841C1
:10261000B4E05821C4F20201884229D07021C4F2EA
:102620000201884224D088211DE040F2B841C4F262
:10263000020188421CD045F20841C5F602018842D9
:1026400000F0A08045F21C4198E040F22841C4F21D
:10265000020188420CD040F24041C4F2020188429B
:1026600006D040F25841C4F20201884240F0DE80B8
:10267000022184F83510002184F83410016821F01B
:102680000101016020680168C9070CD001F044FB1A
:10269000401B0628F6D320206065032084F835000F
:1026A0000120BDE8F08148F23F0204F1080701680B
:1026B000CFF61062114066698CCF1143D4F818C070
:1026C0001943E3693943276A0E43616A3343042996
:1026D00043EA070343EA0C0303D1D4E90B763743FB
:1026E0003B436568A5F12906292E00F2A180012748
:1026F000DFE806F01515151515159E9E9E9E9E9EEB
:102700009E9E9E9E9E9E9E9E9E9E151515159E9E0D
:102710009E9E15159E9E9E9E9E9E15151515002F1C
:1027200018BF43F4801304290360426922F00702B2
:1027300041EA020140F09080D4E90A53002B41EABB
:10274000050100F08980BCF5005F5FD0BCF1000F8F
:1027500068D1022D74D0012D5ED0002D70D072E0B2
:1027600045F26C41C5F6020188420BD045F280412A
:10277000C5F60201884205D045F29441C5F6020132
:10278000884253D104F1080E022184F8351000214B
:1027900084F834100168A3699EE80450A2F1800512
:1027A000E769B5FA85F566696D09402A4FEA85350E
:1027B00043EA07026FF3101142EA060208BF102530
:1027C00041EADC0142EA0E022943236A41EAD201CE
:1027D0004AF6F832CAF2FD724CF6CD470244CCF606
:1027E000CC4741EA1311A2FB072301606FF00300FD
:1027F00000EA9300E0652046FEF75AF9E16D0122F8
:1028000001F01F0102FA01F1416030E0032D1AD8F6
:10281000DFE805F00A160A02A3F1C072B2FA82F2EA
:10282000520911E0032D0AD201220DE0402033E7C6
:1028300025F00302743AB2FA82F257096FE702D127
:10284000C3F3006200E0002232B140206065012045
:1028500084F83500BDE8F08141612046FEF728F993
:10286000E16D3F2201F01F0102FA01F18160206851
:10287000404519DC9F21C4F20201884231DC572116
:10288000C4F20201884256DC1021C4F202018842DF
:1028900000F092802821C4F20201884200F08C806E
:1028A0004021C4F2020184E045F22F41C5F6020145
:1028B00088422BDC40F2B741C4F20201884248DC76
:1028C00040F27041C4F20201884275D040F2884162
:1028D000C4F2020188426FD040F2A041C4F202016A
:1028E00067E040F22741C4F20201884240DCA021A7
:1028F000C4F2020188425FD0B821C4F202018842CA
:102900005AD040F21041C4F2020152E045F26B414C
:10291000C5F6020188423CDC45F23041C5F60201B1
:10292000884249D045F24441C5F60201884243D06D
:1029300045F258413BE05821C4F2020188423BD0A5
:102940007021C4F20201884236D08821C4F202010B
:102950002FE040F2B841C4F2020188422CD045F287
:102960000841C5F60201884226D045F21C411EE00E
:1029700040F22841C4F2020188421DD040F2404199
:10298000C4F20201884217D040F25841C4F2020159
:102990000FE045F26C41C5F6020188420CD045F2C9
:1029A0009441C5F60201884206D045F28041C5F641
:1029B0000201884240F0D08045F2574C45F6FC01B8
:1029C000C5F6020CC5F6020160450EDC45F22F4348
:1029D000C5F60203984217DC45F20843C5F6020328
:1029E000984226D045F21C431FE045F27F43C5F6CE
:1029F0000203984211DC45F25843C5F6020398429F
:102A000017D045F26C4310E045F23043C5F602039F
:102A100098420ED045F2444307E045F29443C5F690
:102A20000203984205D045F28043C5F6020398425E
:102A300050D100F0FC034CF6CD47083BCCF6CC4718
:102A4000A3FB0737A1F1FC05A1F17C063B0905EBCF
:102A500083022266A26803F01F030127802A6666AC
:102A600007FA03F2A26601D1002262606268A56ED5
:102A7000D4E91876D3B2013A072A3B60756015D8BD
:102A80005E1E072E62D8604501F1440213DC45F258
:102A90002F47C5F60207B8423CDC45F20847C5F6A9
:102AA0000207B8424BD045F21C4744E00020606763
:102AB000C4E91B0050E045F27F47C5F60207B84263
:102AC00031DC45F25847C5F60207B84237D045F227
:102AD0006C4730E000F0F8034AF6AB27103BCAF62B
:102AE000AA27A3FB073740F20F43C4F202030825CD
:102AF0003E09984203F1AA02334688BF05EB17133B
:102B000040F600059042C4F2020528BF334605F1A5
:102B100080069CE745F23047C5F60207B8420ED062
:102B200045F2444707E045F28047C5F60207B84240
:102B300005D045F29447C5F60207B84213D101EB20
:102B40008300E06601202267B040606704F16C02F8
:102B5000002307CA03604A6000206065012184F8F1
:102B60003510BDE8F08140F60000C4F2020000F12B
:102B7000FC0100F5A072E2E738B1B0B5054690F867
:102B80003400012803D10220B0BD0120704701208C
:102B900085F8340095F83500012828D1022085F801
:102BA0003500002068652868046824F0010404608A
:102BB0002846FEF709F840F20F422868C4F20202E4
:102BC00040F26F419042C4F2020118DC6F23C4F25C
:102BD0000203984224DC3F23C4F2020398423ADC09
:102BE0001023C4F20203984259D0282352E04FF434
:102BF00000606865002085F834000120B0BD88427F
:102C00001ADC40F23F43C4F2020398422ADC40F24D
:102C10001043C4F20203984241D040F2284339E005
:102C20009F23C4F20203984225DC7023C4F20203FE
:102C3000984234D088232DE040F29F43C4F202032F
:102C400098421FDC40F27043C4F20203984226D03F
:102C500040F288431EE04023C4F2020398421ED093
:102C6000582317E040F24043C4F20203984216D0C2
:102C700040F258430EE0A023C4F2020398420ED063
:102C8000B82307E040F2B843C4F20203984206D0EA
:102C900040F2A043C4F20203984240F0238103684B
:102CA0000B2464F3440303602B6C1BB108230468FA
:102CB00023430360884219DC9F23C4F20203984235
:102CC00031DC5723C4F20203984256DC1023C4F2CD
:102CD0000203984200F091802823C4F20203984234
:102CE00000F08B804023C4F2020384E045F22F43BE
:102CF000C5F6020398422BDC40F2B743C4F202034C
:102D0000984248DC40F27043C4F20203984274D007
:102D100040F28843C4F2020398426ED040F2A043CE
:102D2000C4F2020367E040F22743C4F20203984270
:102D300040DCA023C4F2020398425ED0B823C4F260
:102D40000203984259D040F21043C4F2020352E009
:102D500045F26B43C5F6020398423CDC45F2304332
:102D6000C5F60203984248D045F24443C5F6020333
:102D7000984242D045F258433BE05823C4F2020344
:102D800098423AD07023C4F20203984235D0882387
:102D9000C4F202032FE040F2B843C4F202039842A7
:102DA0002BD045F20843C5F60203984225D045F2E0
:102DB0001C431EE040F22843C4F2020398421CD098
:102DC00040F24043C4F20203984216D040F2584306
:102DD000C4F202030FE045F26C43C5F602039842C9
:102DE0000BD045F29443C5F60203984205D045F254
:102DF0008043C5F6020398426ED12B6E1C68E40333
:102E000003D51C6844F480741C60EB6E1BB11D6814
:102E100045F480751D60904210DC6F21C4F2020100
:102E200088421CDC3F21C4F20201884232DC1021BE
:102E3000C4F2020188424FD028214AE088421ADCBD
:102E400040F23F41C4F2020188422ADC40F21041C4
:102E5000C4F2020188423FD040F2284139E09F216C
:102E6000C4F20201884225DC7021C4F202018842CA
:102E700032D088212DE040F29F41C4F20201884205
:102E80001FDC40F27041C4F20201884224D040F2BB
:102E900088411EE04021C4F2020188421CD0582122
:102EA00017E040F24041C4F20201884214D040F2DF
:102EB00058410EE0A021C4F2020188420CD0B82192
:102EC00007E040F2B841C4F20201884204D040F267
:102ED000A041C4F202018842016841F00101016091
:102EE0000020B0BD0368052464F3430303602B6C2A
:102EF000002B3FF4DFAE0423D9E600000000000001
:102F000090F89830013B012B0BD80068836D0B4281
:102F10000CD0836D0B408B420CD1C36D43F0020388
:102F200009E000F19C010120022221E0C36D43F081
:102F3000010300E00323C3658B0504D5D0F8E0301E
:102F40001343C0F8E0304B0504D5D0F8E4301A4301
:102F5000C0F8E4204FF6FF72436DC3F6CF720A400B
:102F60001A4342658A0F4AF614010020C4F2000198
:102F70000B681A430A607047B0B5044690F8980091
:102F800002281AD12068D0F8C03013F07C5F19D025
:102F9000D0F8C4309B021AD4D0F8C400C0F3044562
:102FA00020462B46FEF7DCF820680121A940C0F836
:102FB000D0100020C4F89410B0BDD4F89C0040F0AC
:102FC000080008E0D4F89C0040F0200003E0D4F8AA
:102FD0009C0040F40070C4F89C000120B0BD0000CB
:102FE000704700000000000090F89820013A012A84
:102FF0000BD880B50A68002ACA680ED00B69072A68
:1030000043EA427E16D18B6919E0D0F89C1041F05A
:103010000201C0F89C1001207047072A18D10A69E4
:10302000D1E906C3120442EA032242EA0C0242F04A
:10303000605217E0D1F808C04B6943EA8C73006F07
:10304000496800EBC10240F831E05360002080BDC8
:103050008B68D1E904CE9B0743EAC26242EA0C4284
:1030600042EA0E024968C06E40F82120002080BD6F
:1030700090F898C0BCF1010F0DD19200006842EAAF
:103080000111DDF800C041EA430141EA0C01C0F83A
:10309000801000207047D0F89C1041F00401C0F867
:1030A0009C100120704700007047000000000000E5
:1030B000704700000000000070B590F89850022D95
:1030C0001CD140291FD10568D5F8A04014F4FE0F8B
:1030D00000F08F80D5F8A440640600F09680D5F803
:1030E000A440E40148BFD5F8A040D5F8A45000F1B1
:1030F0007404C5F3052E456CF44629E0D0F89C1005
:1031000041F0080185E0412918D10568D5F8B040A3
:1031100014F4FE0F6DD0D5F8B440640675D0D5F820
:10312000B440E40148BFD5F8B040D5F8B45000F140
:103130007804C5F3052EC56CF44609E0056D8D4293
:1031400057D900F17C04D0F854E04FF0000C0D4644
:1031500005FB0EF6246854F8265015F0804555609E
:1031600054F826E02EF0604508BFCEF38A4504EB04
:10317000860E156054F8265005F00055956054F8F9
:10318000264004F000441461BEF80440D461DEF827
:10319000044004F47024D460DEF80450B4F5803F99
:1031A00005F480155561DEF8045005F400159561AD
:1031B0009EF8075005F07F051562DEF804504FEACF
:1031C000D57454620ED30EF108054EF2587E0024D9
:1031D000C0F6000E2E5D1E550134D6891EF806601D
:1031E000B442F7D3402909D10068C0F8A8C0002034
:1031F00070BDD0F89C1041F020010AE041290CD1AB
:103200000068C0F8B8C0002070BDD0F89C1041F430
:103210008071C0F89C10012070BD1F2907D800687C
:10322000012202FA01F1C0F89810002070BD006878
:1032300001F01F01012202FA01F1C0F89C100020E8
:1032400070BD00000000000070470000000000009A
:103250002DE9F04F89B004464AF61000C4F2000090
:1032600001684AF61400C4F200000268206802EA0D
:103270000108056DD0F85490036D0293436D0193DE
:10328000036D0493436D0393036D0893436D07939C
:10329000036D0693436D0593D0F854A0D0F850B059
:1032A0005FEACA530ED51BF480710BD04FF48071C6
:1032B00001654AF610010020C4F2000108602046B2
:1032C000FFF7C2FF05EA09064AF610095FEA4A500D
:1032D000C4F200094FEA887711D51BF480600ED044
:1032E0002068D0F8DC10D0F8E42011404FF4806260
:1032F00002650020C9F80000204600F025FCDDE949
:10330000011000EA010506F4704657B1206800215B
:10331000016508F00300C9F8000020463946FFF7B0
:103320005FFEDDE9031000EA010705F00F0546B175
:103330002068314606650020C9F80000204600F0EC
:103340000BFC07F0F00645B1206829460565002012
:10335000C9F80000204600F097FB46B120683146CE
:1033600006650020C9F80000204600F0B5FB5FEAC2
:103370000A500CD51BF4006009D020684FF400619E
:1033800001650020C9F80000204600F0E9FB5FEA73
:103390008A5011D51BF400700ED02068D0F8D810D8
:1033A000D0F8E02011404FF4007202650020C9F807
:1033B0000000204600F0CCFB5FEA0A300CD51BF47D
:1033C000002009D020684FF4002101650020C9F8D1
:1033D0000000204600F054FB5FEACA300CD51BF415
:1033E000803009D020684FF4803101650020C9F891
:1033F0000000204600F0A4FB5FEA4A30DDE905103A
:1034000000EA01050CD51BF4802009D020684FF498
:10341000802101650020C9F80000204600F08CFBE7
:103420005FEA8A30DDE9071000EA010005F060710B
:103430000FD51BF400320CD022684FF40033136513
:103440000022C9F80020D4F89C2042F08002C4F881
:103450009C2000F0715539B1206801650020C9F841
:1034600000002046FFF724FE4DB1206805650020CE
:10347000C9F80000D4F89C002843C4F89C002068D8
:10348000A9F50161884209D0D4F89C00002867D0D2
:10349000204609B0BDE8F04FFFF706BE60688168BE
:1034A0008907F1D0016A426A036A476A114003EA58
:1034B000070202F03005D0F82080D0F82490D0F830
:1034C00020B0D0F824A0026A089211F00F01426ADD
:1034D0000792466A026A069203D00162204600F013
:1034E0001FFB08EA09072DB16068294605622046DE
:1034F00000F01EFB70060BEA0A0607F4C0750ED535
:10350000069810F040000AD060684023C16BC26B7F
:10351000090C02F03F020362204600F005FBDDE9E2
:10352000071000EA010706F4FC462DB16068294641
:103530000562204600F0F0FA07F4F02036B1616829
:103540000E62D4F89C103143C4F89C1000289BD024
:1035500061680862D4F89C100843C4F89C0093E7A3
:1035600009B0BDE8F08F000040B32DE9F04F83B003
:103570004AF200080446C4F200080068404502D13F
:1035800008F58070606094F8980028B9002084F8ED
:103590009900204600F0CCF92068816921F01001E3
:1035A000816100F0B9FB054620688169090707D5EC
:1035B00000F0B2FB401B0B28F6D312E0012070474D
:1035C000816941F00101816100F0A6FB054600BF61
:1035D00020688169C90711D100F09EFB401B0B28B0
:1035E000F6D30120D4F89C100843C4F89C000320B3
:1035F00084F89800012003B0BDE8F08F816941F0A4
:1036000002018161217C826922F04002012918BFF8
:1036100040328261617C826922F48042012908BFC4
:1036200002F580428261A17C826922F480520129E4
:1036300018BF02F580528261816921F44073D4E998
:1036400002120B438361836923F0A403836103693E
:1036500023F0100303619AB1012A0DD0022A09D088
:103660008369032A43F080038361036943F01002F6
:10367000026105D1202200E0042283691A4382619D
:10368000D4E90572E369561E6FF0FF02256A02EB6A
:103690000323B1F5407F43EA4663A5F1010646EAFC
:1036A000030640F20003CFF6FF7303EB074746EA39
:1036B0000701C16110D1D4E90B65D4E90917013FB5
:1036C00002EB06226FF00F063A4306EB05173A436A
:1036D00003EB01411143C160236E2BB1616ED0F841
:1036E000C0201143C0F8C010E16DCDE90113D942EB
:1036F0004EF2B851C0F6000109D0D0F8C820A36E30
:1037000022F0070251F823301A43C0F8C820D4F839
:1037100040A0BAF1000F09D0D0F8BC20636C22F0B1
:10372000070251F823301A43C0F8BC20D4F848C02F
:10373000BCF1000F0AD0D0F8BC20E36C22F070027C
:1037400051F8233042EA0312C0F8BC20D4F850B03C
:10375000BBF1000F0AD0D0F8BC20636D22F4E06208
:1037600051F8231042EA0121C0F8BC10404504D1B1
:1037700061688A6822F003028A600021C4F894100C
:10378000C4F89C10012184F8981004F13409D0F891
:1037900084104FF6FC729143656C99E80C02009519
:1037A00041EA8201C0F88410D0F8841021F47F012E
:1037B00041EA0341C0F884109918D0F888306FF3BB
:1037C0008F0343EA8103C0F88830D0F8883023F4AF
:1037D000FE0343EA0943C0F8883001EB4903D0F8FF
:1037E000A0606FF38F0646EA8306C0F8A060D0F8A9
:1037F000A06026F4FE0646EA0A46C0F8A06005FB73
:103800000A36D0F8B0306FF38F0343EA8603C0F86E
:10381000B030D0F8B03023F4FE0343EA0C43C0F8D4
:10382000B030E36CD0F8AC506FF38F0503FB0C663F
:1038300045EA8605C0F8AC50D4F8548008FB0B6507
:10384000D0F8F0606FF38F0646EA8506C0F8F060A6
:10385000D0F8F0E0A66D2EF47C1747EA0647C0F8D2
:10386000F070F70007EB8507D0F8C0506FF38F05B5
:103870002F43C0F8C070D0F8C070009D27F47C17AB
:1038800005FB0AF5DDF804A003FB0C5347EA0A47E1
:10389000C0F8C0704AF20007D0F8C0E0C4F20007D8
:1038A000DDF808C007F5406707EB820207EB8101EE
:1038B0002EF07C5747EA0C67C0F8C07001EBC900D6
:1038C00008FB0B372167A16E00EB8505606700EBF5
:1038D0008303E266C4E91E530AFB01F300EB870091
:1038E0000CFB01F1C4F8800000EBC600C4F88400B2
:1038F00000EB8300C4F8880000EB81004DF2FC313E
:10390000C4F20001C4F89000884201D9202069E681
:10391000824208D2002000BF42F8040BD4F8901075
:103920008A42F9D367E6002003B0BDE8F08F0000BB
:10393000B0B5B6B0044602A8B8210025CDE934558B
:10394000CDE932553195FCF7A3FE4AF200412068DB
:10395000C4F20001884248D04AF20001C4F20001DA
:10396000884240F08B80002003904FF4004002908A
:103970004FF080501D9002A800F04EFC08B1FDF7FA
:10398000D7FB40F6286144F2E040C2F20041C5F6A0
:1039900002000A68002A02F101020A6008D1C16827
:1039A00041F48071C160C16801F480710191019995
:1039B000016841F008010160006840F2004100F038
:1039C00008000190C5F60201019803203190022001
:1039D00032900020CDE933000920359001F50060D8
:1039E00031A900F0C1F8132440E04FF400400290E8
:1039F0004FF080501D9002A8039500F00DFC08B117
:103A0000FDF796FB40F6286144F2E040C2F2004127
:103A1000C5F602000A68002A02F101020A6008D114
:103A2000C16841F48071C160C16801F48071019185
:103A30000199016841F002010160006831A900F0BC
:103A40000200019001986020319002203290002005
:103A5000CDE933000920359040F20040C5F6020060
:103A600000F082F8102000F05FF9142405210022F4
:103A7000204600F031FA204600F01EFA36B0B0BD04
:103A80007047000000000000C90708BF704710B56C
:103A9000044641F2B840C2F20040844209D140F2EB
:103AA0000000C2F20040816841F2B840C2F200401A
:103AB000884741F25850C2F200408442BDE81040AD
:103AC00000D0704740F20000C2F20040816841F22D
:103AD0005850C2F200400847704700000000000044
:103AE00090F8981001290CD1022180F898100168F3
:103AF0008A6922F001028A610021C0F89C10084600
:103B00007047D0F89C1041F00401C0F89C100120CF
:103B10007047000000000000704700000000000037
:103B20007047000000000000704700000000000027
:103B30007047000000000000704700000000000017
:103B40007047000000000000704700000000000007
:103B500070470000000000007047000000000000F7
:103B600070470000000000002DE9F04F82B00C68A3
:103B7000002C00F0C58000F1264242F2004502F11F
:103B8000FF728305C5F602050A27A84243EA92227E
:103B900008BF0927082A40F2040E38BF1746C5F6A9
:103BA000000E002200974FF0030C0026002709E0CA
:103BB00001370C6834FA07F306F1020602F1040239
:103BC00000F09E80012303FA07FA14EA0A09EFD0F5
:103BD000D1F804B00BF00304A4F10108B8F1010F0F
:103BE00011D8D0F808800CFA06F3CD6828EA030350
:103BF000B5402B438360CBF30015436823EA0A03E7
:103C0000BD402B434360032C1DD0C3680CFA06F55E
:103C1000AB438D68B540022C43EA0503C36012D163
:103C20006FF0030302F01C0503EA57030F2403445B
:103C300004FA05FAD3F820800C6928EA0A08AC4097
:103C400044EA08041C6203680CFA06F44D68A343B6
:103C500005F0030415F4403F04FA06F443EA0403B4
:103C60000360A5D044F2F44440F2084AC5F60204C9
:103C7000C5F6000A0F25236843F00203236023687A
:103C800003F00203019327F00303019C02F00C04EC
:103C900053F80A80A54028EA0508009D05FA04F4B7
:103CA00044EA080443F80A404FF0B04ADAF80080CA
:103CB0004C6848EA0905E30258BF28EA0905A3024F
:103CC000CAF80050DEF8008048EA090558BF28EA23
:103CD0000905A303CEF80050DEF8808048EA090504
:103CE00058BF28EA0905E403CEF88050DEF87C309E
:103CF00043EA090558BF23EA0905CEF87C5057E787
:103D000002B0BDE8F08F0000002A08BF09048161FD
:103D1000704700000000000045F64C20C2F2004051
:103D2000006870470000000081B044F2F441C5F61D
:103D300002010A6842F002020A60096801F0020109
:103D4000009140F20441009AC5F600010A68104350
:103D5000086001B07047000040F6985045F64C21CD
:103D6000C2F20040C2F2004100780A6810440860C4
:103D7000704700000000000080B5032000F0DCF870
:103D800001F0EAF844F218414EF25863C5F6020118
:103D9000C0F600030A68C2F303229A5C096801F0C6
:103DA0000F0102F01F02595CD04040F26002C2F2E3
:103DB000004201F01F0120FA01F1116040F25C01A4
:103DC000C2F2004108600F2000F00AF800281CBF72
:103DD000012080BD00F058F8002080BD00000000E8
:103DE0000F2845D8B0B58AB004461C2000222146D1
:103DF000002500F071F81C2000F05EF840F69C50A1
:103E0000C2F20040046044F2E840C5F602000168D6
:103E100041F001010160006801A900F00100029079
:103E2000029802A800F0E4FF079C002C18BF0124B0
:103E300001F032F84DF68361A040C4F21B314FF01F
:103E4000FF32A0FB010141F28060C2F200404FF05E
:103E50008043036002EB9141C0E9011540F2E73174
:103E6000C0E9031501F0B0FE20B101200AB0B0BDD9
:103E70000120704741F28060C2F2004001F0D8FE9C
:103E80000AB0B0BD0000000081B044F2F44000224E
:103E9000C5F60200016841F00201016000680F21CF
:103EA00000F0020000906FF00100009B01B000F0F4
:103EB00013B8000000000000002848BF704700F061
:103EC0001F01012202FA01F14EF200124009CEF266
:103ED000000242F82010704770B54EF60C5C4FF0AF
:103EE000FF36CEF2000C00F1604505F56445DCF8C4
:103EF0000030C3F3022E8EF00703042B28BF0423E7
:103F0000BEF1030406FA03F321EA030100F00F03F4
:103F100038BF0024043B0028634406FA04F048BF7D
:103F200003F10C05A14022EA0000084300012870BB
:103F300070BD0000000000004EF60C514FF6FF036C
:103F4000CEF200010A681A4060F30A2242F0806053
:103F500040F0FD7008607047B0B544F60C05C5F63A
:103F6000020529684907296805D401F00701081AE4
:103F700018BF0120B0BD21F0070108432860FFF7FA
:103F8000CBFE044655F8080C800407D4FFF7C4FEA6
:103F9000001BB0F57A7FF5D90120B0BD0020B0BD7F
:103FA00080B500F051FF44F220414EF25862C5F650
:103FB0000201C0F600020968C1F30211515C01F070
:103FC0001F01C84080BD000080B544F2384EC5F6E0
:103FD000020E5EF8103C5EF8101C5EF80C2CC1F36B
:103FE000053CDEF80410BCF1000F15D0C908D2065C
:103FF00001EAE2716FF35F3100EE101A03F0030182
:104000000229B8EE400A0CD071B95EF8381C890656
:104010000DD49FED351A18E000218160C0E9001130
:1040200080BD9FED301A10E09FED2D1A0DE05EF877
:10403000381C49F20002C0F2D032C1F3C10122FAA9
:1040400001F101EE101AB8EE411ADEF800109FEDF2
:10405000273A6FF35F2102EE101ADEF80010C1F369
:104060004621B8EE422A00EE032A00EE10CAB7EE4F
:10407000003AB8EE400A81EE000A32EE031A02EE70
:10408000101AB8EE422A20EE010A32EE031A80EE30
:10409000011ABCEEC11A80ED001ADEF80010C1F35F
:1040A000064101EE101AB8EE411A31EE031A80EE05
:1040B000011ABCEEC11A80ED011ADEF80010C1F33E
:1040C000066101EE101AB8EE411A31EE031A80EEC5
:1040D000010ABCEEC00A10EE101A816080BD00BF5C
:1040E0000024744A001BB74B0024744C00000039B4
:1040F00080B544F2404EC5F6020E5EF8183C5EF8FC
:10410000181C5EF8142CC1F3055CDEF80410BCF139
:10411000000F15D0C908D20501EAE2716FF35F31D3
:1041200000EE101A03F003010229B8EE400A0CD089
:1041300071B95EF8401C89060DD49FED351A18E060
:1041400000218160C0E9001180BD9FED301A10E0B0
:104150009FED2D1A0DE05EF8401C49F20002C0F2FE
:10416000D032C1F3C10122FA01F101EE101AB8EE0A
:10417000411ADEF800109FED273A6FF35F2102EE3F
:10418000101ADEF80010C1F34621B8EE422A00EE04
:10419000032A00EE10CAB7EE003AB8EE400A81EEEC
:1041A000000A32EE031A02EE101AB8EE422A20EE8E
:1041B000010A32EE031A80EE011ABCEEC11A80ED3C
:1041C000001ADEF80010C1F3064101EE101AB8EE35
:1041D000411A31EE031A80EE011ABCEEC11A80EDCD
:1041E000011ADEF80010C1F3066101EE101AB8EEF4
:1041F000411A31EE031A80EE010ABCEEC00A10EE3D
:10420000101A816080BD00BF0024744A001BB74BA8
:104210000024744C000000392DE9F04381B00446BD
:10422000C07844F22C490007C5F6020901D40025E4
:104230002DE0606E4FEA305003280CD80025DFE8EF
:1042400000F0020D1613D9F8000040F40030C9F850
:10425000000055B913E001253DB910E004F1080054
:10426000022103F00DFE05464DB1A84611E004F110
:104270002800022103F094FE0546002DF5D1D9F85F
:104280002400616E20F440100843C9F824004FF068
:1042900000086078C00730D0A06D042807D8DFE898
:1042A00000F00A131C030300FDB1A84625E0012518
:1042B000002DFAD119E0D9F8000040F40030C9F817
:1042C0000000002DF1D110E004F10800002103F0FE
:1042D000D7FD0546002DE8D107E004F128000021B4
:1042E00003F05EFE0546002DDFD1D9F82400A16D54
:1042F00020F007000843C9F824006078400734D54F
:10430000D4F8A4004FEA7050052807D8DFE800F081
:104310000A131C030303FDB1A84626E00125002D66
:10432000FAD119E0D9F8000040F40030C9F80000D3
:10433000002DF1D110E004F10800002103F0A0FDF0
:104340000546002DE8D107E004F12800002103F024
:1043500027FE0546002DDFD1D9F82C00D4F8A41093
:1043600020F460000843C9F82C006078000734D5B9
:10437000D4F8A8004FEA3060052807D8DFE800F03D
:104380000A131C030303FDB1A84626E00125002DF6
:10439000FAD119E0D9F8000040F40030C9F8000063
:1043A000002DF1D110E004F10800002103F068FDB8
:1043B0000546002DE8D107E004F12800002103F0B4
:1043C000EFFD0546002DDFD1D9F82C00D4F8A81058
:1043D00020F0E0600843C9F82C00E078800728D579
:1043E000E06C4FEA3010032806D8DFE800F002093D
:1043F0001202B5B1A8461CE00125002DFAD110E04B
:10440000D9F8000040F40030C9F80000002DF1D1C7
:1044100007E004F10800022103F032FD0546002DFB
:10442000E8D1D9F82000E16C20F030000843C9F849
:1044300020006078C00632D5E06D4FEA30300428A5
:1044400007D8DFE800F00A131C030300FDB1A846FB
:1044500025E00125002DFAD119E0D9F8000040F43B
:104460000030C9F80000002DF1D110E004F108007F
:10447000002103F005FD0546002DE8D107E004F119
:104480002800002103F08CFD0546002DDFD1D9F86E
:104490002400E16D20F4E0400843C9F8240060786E
:1044A000800626D5206E4FEA3040052807D8DFE881
:1044B00000F0030A100303039DB1A84619E001258B
:1044C000002DFAD10DE004F10800012103F0D8FC21
:1044D00004E004F12800012103F062FD0546002DEF
:1044E000EBD1D9F82400216E20F4E0200843C9F86C
:1044F00024006078400628D5D4F8AC004FEA30702C
:10450000052807D8DFE800F0030A100303039DB174
:10451000A8461AE00125002DFAD10DE004F10800AB
:10452000012103F0ADFC04E004F12800012103F0B7
:1045300037FD0546002DEBD1D9F82C00D4F8AC108E
:1045400020F0E0400843C9F82C006078000620D530
:10455000E06ED8B1B0F1005F12D0B0F1805F25D12C
:10456000D9F8000040F40030C9F8000085B9D9F846
:104570002400E16E20F040500843C9F8240008E010
:1045800004F10800012103F07BFC0546002DEED06C
:10459000A846E078C0072AD0A06C03280AD8DFE834
:1045A00000F0020D1602D5B1A84620E00125002D2D
:1045B000EED1DCE70125002DF6D110E0D9F800009E
:1045C00040F40030C9F80000002DEDD107E004F1FF
:1045D0000800022103F054FC0546002DE4D1D9F86F
:1045E0002000A16C20F003000843C9F82000A07847
:1045F000400643D5D9F8D40340F48070C9F8D403F9
:10460000FFF78AFB064600BFD9F8D403C00505D4DE
:10461000FFF782FB801B6528F6D303256DBBD9F815
:104620004410D4F8B000414011F4407F11D0D9F8C3
:104630004410D9F8442042F48032C9F84420D9F813
:10464000442021F4407122F48032C9F84420C9F892
:104650004410B0F5807F0FD1FFF75EFB064641F2B4
:10466000893700BFD9F84400800705D4FFF754FB11
:10467000801BB842F6D3032585B1A8462078C00731
:1046800042D0A06F4FEAF000052823D8DFE800F001
:1046900003262C0303037DB3A84635E04FF6CF7302
:1046A000D4F8B00059F81C2CC0F2FF0300F440719C
:1046B00022F47C5203EA1013B1F5407F08BF1A437D
:1046C0006FF31F3049F81C2CD9F844100843C9F87F
:1046D0004400D3E70125002DDED10DE004F10800F0
:1046E000012103F0CDFB04E004F12800012103F0D7
:1046F00057FC0546002DCFD1D9F82800A16F20F036
:1047000038000843C9F828002078800724D5606F56
:10471000052807D8DFE800F0030A100303039DB162
:10472000A84619E00125002DFAD10DE004F108009A
:10473000012103F0A5FB04E004F12800012103F0AE
:104740002FFC0546002DEBD1D9F82800616F20F031
:1047500007000843C9F828002078400726D5D4F878
:104760009000052807D8DFE800F0030A10030303D0
:104770009DB1A8461AE00125002DFAD10DE004F103
:104780000800012103F07CFB04E004F12800012172
:1047900003F006FC0546002DEBD1D9F82C00D4F827
:1047A000901020F007000843C9F82C0020788006FC
:1047B00028D5D4F88C004FEA3070052807D8DFE8F8
:1047C00000F0030A100303039DB1A8461AE0012577
:1047D000002DFAD10DE004F10800002103F050FB98
:1047E00004E004F12800022103F0DAFB0546002D65
:1047F000EBD1D9F82800D4F88C1020F0E040084321
:10480000C9F828002078400628D5D4F898004FEA47
:10481000B020052807D8DFE800F0030A10030303DF
:104820009DB1A8461AE00125002DFAD10DE004F152
:104830000800002103F024FB04E004F12800022119
:1048400003F0AEFB0546002DEBD1D9F82C00D4F8CF
:10485000981020F4E0500843C9F82C002078000696
:1048600028D5D4F89C004FEA7030052807D8DFE837
:1048700000F0030A100303039DB1A8461AE00125C6
:10488000002DFAD10DE004F10800002103F0F8FA40
:1048900004E004F12800022103F082FB0546002D0C
:1048A000EBD1D9F82C00D4F89C1020F460400843D8
:1048B000C9F82C002078000716D5D4F88000B0F590
:1048C000805F08D104F12800022103F069FB002871
:1048D00018BF4FF00108D9F82800D4F8801020F450
:1048E00040500843C9F828002078C00616D5D4F8EF
:1048F0009400B0F5807F08D104F12800022103F074
:104900004FFB002818BF4FF00108D9F82C00D4F84D
:10491000941020F440700843C9F82C00A0780007D8
:1049200022D5D4F8A000B0F5003F1AD0B0F5803FF2
:1049300011D0C8BB04F10800002103F0A1FA05461C
:104940008DB9D9F82C00D4F8A01020F440300843D9
:10495000C9F82C0008E004F12800022103F020FB34
:104960000546002DEDD0A846A078400729D5D4F8FB
:104970008400B0F5401F21D0B0F5001F18D0B0F56D
:10498000801F40F0BA80D9F8000040F40030C9F828
:104990000000ADB9D9F82800D4F8841020F44010F4
:1049A0000843C9F828000CE00125002DDBD1C8E739
:1049B00004F12800012103F0F3FA0546002DE9D0A7
:1049C000A846A078C00720D0206DB0F5803F10D059
:1049D000B8B9D9F8000040F40030C9F800009DB91A
:1049E000D9F82000216D20F480300843C9F8200058
:1049F0000BE004F10800022103F042FA05461DB95C
:104A0000EEE70125002DEBD0A846E078800608D51A
:104A100004F12800022103F0C3FA002818BF4FF068
:104A20000108D4E900108A0376D5E26F6FF0010324
:104A300003EB3223022B0AD34FEA32233BB1012B83
:104A400060D1D9F8003043F40033C9F80030002DAC
:104A50005BD0CA0263D48A026BD44A0073D4CA0FF3
:104A600040F08180090200F18980C00707D004F17D
:104A70000800002103F004FA002818BF0546207939
:104A8000800707D504F10800012103F0F9F9002897
:104A900018BF05462079400707D504F10800022118
:104AA00003F0EEF9002818BF05462079000707D566
:104AB00004F12800002103F073FA002818BF05460E
:104AC0002079C00607D504F12800012103F068FA17
:104AD000002818BF05462079800607D504F1280074
:104AE000022103F05DFA002818BF0125002D18BF30
:104AF0000125284601B0BDE8F0830125002D7FF493
:104B00005FAF47E70125002DA3D1D9F8283023F462
:104B100040731A43C9F828204546CA029BD5D9F8E4
:104B20002420236F22F000421A43C9F824208A026D
:104B300093D5D9F82420A36E22F080721A43C9F8C5
:104B400024204A008BD559F81C2C22F4004249F845
:104B50001C2CD4F8B42059F81C3C1A4349F81C2CDE
:104B6000CA0F3FF47FAFD9F82020636D22F0405286
:104B70001A43C9F8202009027FF577AFD9F8281029
:104B8000D4F8882021F440011143C9F82810C00747
:104B90007FF46DAF73E700002DE9F04381B000288A
:104BA00000F0F68042F200080446C5F2002889466B
:104BB000D8F8000000F00F0088420ED2D8F80000AC
:104BC00020F00F0040EA0900C8F80000D8F8000003
:104BD00000F00F00484540F0DB80206844F21847A1
:104BE0004107C5F602070AD521693A6802F070024A
:104BF000914204D93A6822F07002114339600107EA
:104C00000AD561697A6802F07002914204D97A6823
:104C100022F0700211437960C1060AD5A1697A6851
:104C200002F4E062914204D97A6822F4E06211430E
:104C3000796081060AD5E169BA6802F07002914292
:104C400004D9BA6822F070021143B96081070AD50D
:104C5000E1683A6802F00F02914204D93A6822F002
:104C60000F0211433960C00740F08080206881073F
:104C70000AD5E1683A6802F00F02914204D23A681C
:104C800022F00F0211433960D8F8001001F00F0133
:104C900049450DD9D8F8001021F00F0141EA09016A
:104CA000C8F80010D8F8001001F00F0149456FD185
:104CB00041070AD521693A6802F07002914204D294
:104CC0003A6822F070021143396001070AD5616920
:104CD0007A6802F07002914204D27A6822F070027F
:104CE00011437960C1060AD5A1697A6802F4E062CD
:104CF000914204D27A6822F4E0621143796080061E
:104D00000AD5E069B96801F07001884204D2B96837
:104D100021F070010843B86000F01EF939684EF2C6
:104D20005862C0F60002C1F30321515C3B6803F0F6
:104D30000F0301F01F01D25C20FA01F102F01F0005
:104D400040F26002C2F2004221FA00F0106040F628
:104D50009C5040F25C02C2F20040C2F20042006885
:104D6000116001B0BDE8F043FFF73AB83968D4E903
:104D7000010221F47061012841EA020139600BD07F
:104D800003282BD002282ED157F8181C890307D4EA
:104D9000012001B0BDE8F08357F8181CC905F7D50C
:104DA00057F8081C21F00701084347F8080CFEF7E4
:104DB000B3FF064641F2883557F8080C616800F0E9
:104DC0003800B0EBC10F3FF451AFFEF7A5FF801BD9
:104DD000A842F1D9032001B0BDE8F08357F8181CB0
:104DE0008901D5D5DCE757F8181C4907D0D5D7E796
:104DF0003F22026044F21842C5F6020252F8083C13
:104E000003F007034360136803F47063836013685F
:104E100003F00F03C360136803F07003036153686A
:104E200003F070034361536803F4E06383619268A5
:104E300002F07002C26142F20000C5F20020006878
:104E400000F00F000860704780B500F085F844F26C
:104E500018414EF25863C5F60201C0F600030A6815
:104E6000C2F303229A5C096801F00F0102F01F02ED
:104E7000595C20FA02F201F01F0040F26001C2F218
:104E8000004122FA00F0086040F25C01C2F20041E9
:104E90000A6080BD0000000080B500F05DF844F2BB
:104EA000184C4EF25863C5F6020CC0F60003DCF84D
:104EB0000020C2F303229A5CDCF8001001F00F011D
:104EC00002F01F02595CD04040F26002C2F2004280
:104ED00001F01F0120FA01F1116040F25C02C2F200
:104EE00000421060DCF80400C0F30210185C00F00F
:104EF0001F0021FA00F080BD80B500F02DF844F2CB
:104F0000184C4EF25863C5F6020CC0F60003DCF8EC
:104F10000020C2F303229A5CDCF8001001F00F01BC
:104F200002F01F02595CD04040F26002C2F200421F
:104F300001F01F0120FA01F1116040F25C02C2F29F
:104F400000421060DCF80400C0F30220185C00F09E
:104F50001F0021FA00F080BD44F20041C5F60201B5
:104F60000869C0F3C20003280FD002282CD080BBF0
:104F70000868800649F20000C0F2D03058BF704780
:104F80000968C1F3C101C84070478A6A886AC0F3E2
:104F9000051CC86ABCF1000F4B6B1FD000F001006C
:104FA00002F003024042022A00EAD3006FF35F30AE
:104FB00000EE100AB8EE400A12D0A2B908688006C6
:104FC00014D49FED261A1EE043F20060C0F26E106A
:104FD000704740F60010C0F23D0070470020704757
:104FE0009FED1D1A0FE09FED1B1A0CE0086849F2B7
:104FF0000002C0F2D032C0F3C10022FA00F001EE8C
:10500000100AB8EE411A086B9FED153A6FF35F2056
:1050100002EE100A086BC0F34620B8EE422A0130B7
:1050200000EE032A00EE10CAB7EE003AB8EE400ACE
:1050300081EE000A32EE031A20EE010A01EE100A98
:10504000B8EE411A80EE010ABCEEC00A10EE100A5A
:10505000704700BF0024744A001BB74B0024744CF7
:1050600000000039000000002DE9F04381B0002865
:1050700000F06B818046007844F20046C007C5F618
:10508000020649D0306900F03801B06A102905D015
:1050900018290BD100F00300022807D130688003E3
:1050A00036D5D8F8040098BB012726E0D8F804507C
:1050B0002DB1B5F5A02F0AD0B5F5803F0BD03068E3
:1050C00020F480303060306820F4802006E03068C2
:1050D00040F480203060306840F480303060FEF76B
:1050E0001BFE002D054610D03068800310D4FEF75B
:1050F00013FE401B6428F7D90327002060B965E13F
:10510000FEF70AFE401B6428F6D830688003F7D407
:105110000120002800F05A8198F8000080075ED531
:10512000306910F03801B06A19D0182908BF5FEA59
:10513000807014D0D8F80C003168C0B321F0190188
:1051400008433060FEF7E8FD054600BF30684007C1
:1051500023D4FEF7E1FD401B0228F7D91AE030689E
:10516000400704D5D8F80C00002800F0858130688D
:10517000D8F80C1020F0190008433060FEF7CCFD81
:10518000054600BF3068400707D4FEF7C5FD401B49
:105190000228F7D9032700241EE07068D8F8101001
:1051A00020F0FE40012440EA0160706014E021F02C
:1051B00001003060FEF7B0FD05464FF0010900BF69
:1051C000306810F0040089EA900405D0FEF7A4FDD1
:1051D000401B0228F4D90327002C00F0F78098F830
:1051E0000000C0064CD5306900F03801B06A0829CB
:1051F00005D0182914D100F00300012810D130681F
:10520000C00503D5D8F81C00802834D1F068D8F840
:10521000201020F07C50012440EA0160F0602CE076
:10522000D8F81C000028306810D040F080003060B2
:10523000FEF772FD054600BF3068C005E6D4FEF7F4
:105240006BFD401B0228F7D9032715E020F08000F2
:105250003060FEF761FD05464FF00109306810F43B
:10526000807089EA102408D0FEF756FD401B022802
:10527000F4D9032701E001270024002C00F0A680C8
:1052800098F80000000762D498F80000800673D4F4
:1052900098F80000400700F18580D8F82440002CE1
:1052A00051D0306900F03800182840F0C580012C3A
:1052B000B16A306B49D001F00302D8F828309A4225
:1052C00043D1C1F30511D8F82C2091423DD10146BC
:1052D000D8F830206FF35F21013A914235D1C0F305
:1052E0004622D8F8341001398A422ED1C0F3064242
:1052F000D8F8381001398A4227D1C0F30660D8F8AF
:105300003C100139884220D1706BD8F84810C0F3A6
:10531000CC00814217D0F06A20F00100F062FEF765
:10532000FBFC0546FEF7F8FCA842FBD0706B4FF67D
:10533000F871D8F84820884340EAC2007063F06AE8
:1053400040F00100F062002740E001273EE0D8F87D
:1053500014000028706F3DD040F001007067FEF728
:10536000DBFC0546706F80073FF58EAFFEF7D4FC7F
:10537000401B0228F6D928E0D8F818000028306829
:1053800049D040F480503060FEF7C6FC054600BFAF
:10539000306880043FF57CAFFEF7BEFC401B02285E
:1053A000F6D912E0D6F8000440F48070C6F8000484
:1053B000FEF7B2FC054600BFD6F80004C0051BD4BA
:1053C000FEF7AAFC401B6428F6D90327F8B201B007
:1053D000BDE8F08320F001007067FEF79DFC0546F4
:1053E000032700BF706F80077FF54EAFFEF794FC78
:1053F000401B0228F6D9E9E7D8F808501DB1052D61
:105400003CD0012D3ED0306F20F001003067306F6E
:1054100020F0040039E020F480503060FEF77CFC7E
:1054200005460327306880047FF532AFFEF774FC31
:10543000401B0228F6D9C9E7306820F08070306040
:10544000FEF76AFC022C05464FF003070AD100BFA5
:105450003068800138D5FEF75FFC401B0228F7D981
:10546000B4E700BF306880017FF56DAFFEF754FCF4
:10547000401B0228F6D9A9E701278CE6306F40F0DF
:1054800004003067306F40F001003067FEF744FCE5
:10549000002D054641F288344FF0030710D000BFBD
:1054A000306F80073FF5F9AEFEF736FC401BA04297
:1054B000F6D98BE7FEF730FC401BA0423FF686AFE3
:1054C000306F8007F6D4E8E608F12807B06A40F2AA
:1054D000F33188438ECF0843591E40EA02104FF43F
:1054E0007E426FF35F21B06202EB47204FF4FE0271
:1054F00080B2D8F83C300844D8F8381002EB0141AB
:105500004FF0FE4201F4FE0102EB0362084402F098
:10551000FE4108443063F06A4FF6F87120F0010054
:10552000F062706BD8F84820884340EAC20070638C
:10553000F06AD8F8401020F00C000843F062F06ADE
:10554000D8F8441020F002000843F062F06A40F4FA
:105550008030F062F06A40F40030F062F06A40F4AB
:105560008020F062F06A40F00100F062306840F0A4
:1055700080703060FEF7D0FB04460327306880015E
:105580003FF5E1AEFEF7C8FB001B0228F6D91DE788
:10559000F0B581B0C8B10446D0F888001E46154663
:1055A0000F4628B9002084F88400204601F0A4FAB0
:1055B0002420C4F888002068016821F001010160FE
:1055C000204603F07DFA012802D1012001B0F0BD90
:1055D000A06A10B1204603F0C3F82068816841F446
:1055E00080418160816821F4004139438160310448
:1055F000026841EA45516FF31942114301600168A5
:1056000041F001010160204601B0BDE8F04003F027
:1056100017B9000000000000002863D02DE9F04712
:1056200043F6000304460068C4F2000343F2000E90
:1056300043F6004C9842C4F2010EC4F2000C4FF045
:105640000001A16204D0604518BF704540F0B280EF
:10565000E16B0125E268984202F1080205EB511165
:105660004FEAD20202FB01F118BF704540F0908072
:10567000102900F2A38094F8810028B9002084F852
:105680008000204600F0A0F8022084F88100206805
:10569000D4F818E00168BEF1806F21F001010160CB
:1056A00082680FD163682BB1B3F5800F0AD1A16B6B
:1056B00021B13BB9A16BB1F1805F03D1016841F425
:1056C00080510160D4F8049002F4F8125FEA492C8A
:1056D0000AD5E168072907D30168256D21F4807197
:1056E000294304E001207047016821F480710160C2
:1056F000B9F1000FE169A56A41EA0201E26B41EAF2
:10570000050141EA0201D4E90285D4E904A741EA8E
:1057100005018160616BA66B656A41EA0501256A36
:1057200041EA060141EA0A0141EA0701D4E91232DD
:1057300041EA050141EA0201A26D41EA080141EA9C
:10574000030141EA020141EA0E0141EA0901C16097
:1057500009D18168012262F3CC2181608168022233
:1057600062F34A218160016DBCF1000F21F001015B
:10577000016505D5C168626D21F000411143C1602A
:105780000020C4F88400012184F88110BDE8F0876E
:10579000604518BF082911D8984218BF70453FF4DA
:1057A00067AF60457FF467AF102984BF0120BDE873
:1057B000F08760E7E1680F297FF64AAF0120BDE876
:1057C000F08700000000000070B5B6B0044641F25A
:1057D000004502A8B82100263596CDE933663296F9
:1057E000C5F600053196FAF753FF2068A84201D0AC
:1057F00036B070BD4FF4804002904FF0A0402D9025
:1058000002A80396FEF708FD08B1FBF791FC44F2ED
:10581000E040C5F60200416941F020014161416963
:1058200001F0200101910199016841F0010101603D
:10583000006831A900F0010001900198A02031908A
:1058400002203290002033900320349008203590BD
:1058500005F5F630FEF788F936B070BD000000009F
:105860002DE9F047044690F88000012802D102207B
:10587000BDE8F0871D4617460E46D4F8009001207B
:1058800084F88000FEF748FA94F88110012909D1C4
:10589000002E18BF002F0BD1002084F880000120BB
:1058A000BDE8F087002084F880000220BDE8F08782
:1058B0008046032084F881000020C4F88400E66557
:1058C000A4F86070A4F862706066A4F86800A4F898
:1058D0006A00A1682067B1F5C02F6067206804D115
:1058E000016841F40061016004E0C168012262F3D3
:1058F0005241C160D4E900014FF6FF73B1F5800F4A
:10590000426822EA03023A444260026842F001011E
:10591000016003D1016841F400710160E168102960
:1059200033D3B4F86200002800F0A7806E1C0EE0AC
:10593000E16D51F8042B0262E165B4F862000138B0
:10594000A4F86200B4F86200002800F09680206895
:1059500041698907ECD4FEF7DFF9002EF2D0A0EB05
:105960000800A842EED3204602F0AAFB002084F8EB
:105970008000D4F8840040F48070C4F884000120D2
:1059800084F881000320BDE8F087B4F8620007299D
:1059900031D9002871D04FF6FE706E1C471C0FE005
:1059A000E16D31F8020BA9F820003846E165B4F842
:1059B00062100844A4F86200B4F8620000285CD0C9
:1059C00020684169890708D4FEF7A6F9002EF3D0B4
:1059D000A0EB0800A842EFD3C5E7B4F86210022993
:1059E000DED3E16B0029DBD0E16D51F8042B0262BC
:1059F0004FF6FE70DAE700283FD04FF6FE706E1CBF
:105A0000A0F1020A471C0FE0E16D097880F8201030
:105A1000E06D411C3846E165B4F862100844A4F812
:105A20006200B4F8620040B320684169890708D475
:105A3000FEF772F9002EF4D0A0EB0800A842F0D3D4
:105A400091E7B4F86210042908D3E16B412905D32A
:105A5000E16D51F8042B02625046DCE7B4F86210A5
:105A60000229D1D3E16B0029CED0E16D31F8020BD0
:105A7000A9F820004FF6FE70CDE76E1C2068406943
:105A800007070FD4FEF748F9002EF7D0A0EB080067
:105A9000A842F3D3002F05D4D4F8840040F02000AE
:105AA000C4F88400204602F00BFB002084F880003C
:105AB000012084F88100D4F88400002818BF012058
:105AC000BDE8F08700000000704700000000000003
:105AD0007047000000000000704700000000000058
:105AE00090F83C20012A4FF0020269D0B0B50123A2
:105AF00080F83C3080F83D2040F2004C0268C4F24F
:105B0000010C42F4806363455368D2F808E002BF99
:105B100023F470034C6823434DF6FF740D68C4F200
:105B2000000423F07003A24243EA0503536014DC2F
:105B300040F2FF73C4F200039A4222DD40F60003F4
:105B4000C4F200039A422ED040F60043C4F2000390
:105B50009A4228D041F6000321E04FF6FF73C4F2C9
:105B600000039A4213DD0023C4F201039A421AD0C3
:105B700044F20003C4F201039A4214D0624512D0E9
:105B800016E0B2F1804F0ED040F2004307E04EF233
:105B90000003C4F200039A4205D04EF20043C4F25F
:105BA00000039A4204D12EF0800389681943916062
:105BB0000022012180F83D1080F83C20BDE8B04073
:105BC000104670470000000060B310B5044690F81E
:105BD0003D0028B9002084F83C00204600F024F85D
:105BE000022084F83D002068211D02F085FC012080
:105BF00084F8480084F83E0084F83F0084F84000B0
:105C000084F8410084F8420084F8430084F844009A
:105C100084F8450084F8460084F8470084F83D0085
:105C2000002010BD012070477047000000000000F8
:105C300090F83D10012922D1022180F83D10016821
:105C40004DF6FF70C4F200008142C86840F00100C8
:105C5000C86016DC40F2FF70C4F20000814228DD0B
:105C600040F60000C4F20000814234D040F600400B
:105C7000C4F2000081422ED041F6000027E001204E
:105C800070474FF6FF70C4F20000814217DD00201C
:105C9000C4F2010081421ED044F20000C4F20100AF
:105CA000814218D040F20040C4F20100814212D07B
:105CB0001DE0B1F1804F0ED040F2004007E04EF2FF
:105CC0000000C4F20000814205D04EF20040C4F250
:105CD000000081420BD107228868C0F20102024015
:105CE0000020062A18BFB2F5803F00D1704708682F
:105CF00040F0010008600020704700000000000034
:105D0000704700000000000010B5044600680169FB
:105D1000890744BFC1685FEA817147D4206801697F
:105D2000490744BFC1685FEA41714BD420680169EB
:105D3000090744BFC1685FEA017150D42068016956
:105D4000C90644BFC1685FEAC16154D420680169D3
:105D5000C9071CBFC1685FEAC17159D120680169D8
:105D6000090644BFC1685FEA016158D4206801692F
:105D7000C90544BFC1685FEA016157D42068016961
:105D8000490644BFC1685FEA416156D42068016991
:105D9000890646BFC1685FEA816110BD6FF02001CE
:105DA00001612046BDE81040FFF796BE6FF002018A
:105DB0000161012121778069800745D02046FFF7E6
:105DC0009FFF47E06FF004010161022121778069A4
:105DD00010F4407F41D02046FFF792FF43E06FF080
:105DE0000801016104212177C06980073ED0204667
:105DF000FFF786FF40E06FF0100101610821217775
:105E0000C06910F4407F3AD02046FFF779FF3CE0AC
:105E10006FF001010161204600F0DEFA9EE76FF0AD
:105E2000800101612046FFF753FE9FE76FF4807108
:105E300001612046FFF748FEA0E76FF040010161D5
:105E4000204600F0D1FAA1E7204600F021F82046D4
:105E500000F0BEFA0020207760E7204600F018F836
:105E6000204600F0B5FA002020775FE7204600F0DA
:105E70000FF8204600F0ACFA002020775EE72046BD
:105E800000F006F8204600F0A3FA002020775DE736
:105E9000704700000000000090F83C30012B01D159
:105EA000022070474FEAB2030122052B80F83C2004
:105EB00000F23F822DE9F041DFE803F0032D6BA9EA
:105EC000CFF5036843F6FF76C4F201061A6AB342BF
:105ED00022F001021A621A461C6AD3F804C024F0A8
:105EE000020452F818EF8D6844EA0504D1F80080E6
:105EF00040F3FF8044F20007C4F20107BB4200F008
:105F0000038144F60007C4F20107BB4200F0FC80A5
:105F100044F20047F4E0036840F2004E43F4806727
:105F2000C4F2010E1A6A774522F010021A621A466C
:105F30001C6A5D6824F0200452F818CF8E6844EA89
:105F4000061407D1CE686FF0400724F0C00407EABA
:105F50000616344343F6FF76D1F80080C4F20106FA
:105F6000B34240F3EB8044F20007C4F20107BB42A6
:105F700000F0EB8044F60007C4F20107BB4200F0DA
:105F8000E48044F20047C4F20107BB4200F0DD8028
:105F9000E2E0036840F2004E43F48067C4F2010E71
:105FA0001A6A774522F480721A621A461C6A5D6882
:105FB00024F4007452F81CCF8E6844EA062407D1FA
:105FC000CE6840F2FF47360224F44064BE433443B7
:105FD00043F6FF76D1F80080C4F20106B34240F3E5
:105FE000D28044F20007C4F20107BB4200F0D28025
:105FF00044F60007C4F20107BB4200F0CB8044F234
:106000000047C4F20107BB4200F0C480C9E0036846
:1060100043F6FF77C4F201071A6ABB4222F48052AA
:106020001A621A46D3F820C05C6852F81C6F0D68DB
:10603000D1F808E040F3CC8044F20007C4F2010735
:10604000BB4200F0D08044F60007C4F20107BB4217
:1060500000F0C98044F20047C1E0036843F6FF77CF
:10606000C4F201071A6ABB4222F480321A621A464D
:10607000D3F820C05C6852F8546F0D68D1F808E07E
:1060800040F3D08044F20007C4F20107BB4200F0A5
:10609000D48044F60007C4F20107BB4200F0CD8073
:1060A00044F20047C5E0036843F6FF77C4F20107F6
:1060B0001A6ABB4222F480121A621A46D3F820C030
:1060C0005C6852F8546F0D68D1F808E040F3D58051
:1060D00044F20007C4F20107BB4200F0D98044F645
:1060E0000007C4F20107BB4200F0D28044F200472F
:1060F000CAE00027C4F20107BB4205D040F20047C6
:10610000C4F20107BB4205D1CF6824F00C0427F08C
:1061100004073C43B34240F3DD8044F20006C4F27E
:106120000106B34200F0E18044F60006C4F2010625
:10613000B34200F0DA8044F20046D2E00027C4F215
:106140000107BB4201D0734506D1D1E9057637433B
:1061500025F4406646EA870548F6FF475D60CFF6BE
:10616000FF6707EA0C0747EA08279F614F6809693C
:106170009F631C629F6947F400679F619F6927F4D2
:1061800080679F61A4E00027C4F20107BB4201D0F1
:10619000734506D1D1E90576374325F4405646EAE2
:1061A00007154FF68C775D60CFF6FE7707EA0C0790
:1061B00047EA0807DF614F680969DF631C62DF692E
:1061C00047F00807DF61DF6927F00407DF61AAE015
:1061D0000027C4F20107BB4205D040F20047C4F2D9
:1061E0000107BB4204D14F6924F4804444EA871478
:1061F00048F6FF475C60CFF6FF673E402CF400573F
:1062000046EA0524DC614E6809691E6447EA0E37D8
:106210001F62DF6947F40067DF61DF6927F4806789
:10622000DF6155E00027C4F20107BB4205D040F210
:106230000047C4F20107BB4204D14F6924F4803403
:1062400044EA07244FF68C775C60CFF6FE7703377D
:106250003E402CF4003746EA05045C654E68096947
:106260009E6547EA0E471F625F6D47F008075F654E
:106270005F6D27F004075F6555E00027C4F2010752
:10628000BB4205D040F20047C4F20107BB4204D133
:106290004F6924F4802444EA872448F6FF475C6071
:1062A000CFF6FF6707F540773E402CF4001746EA2B
:1062B00005245C654E680969DE6547EA0E571F6272
:1062C0005F6D47F400675F655F6D27F480675F650A
:1062D000090228E00026C4F20106B34205D040F2CC
:1062E0000046C4F20106B34206D12CF44077D1E94E
:1062F0000565374347EA050C4FF68C75C3F804C0B3
:10630000CFF6FE750EEA050747EA08079F614F685A
:1063100009695F631C629F6947F008079F619F6975
:1063200027F004079F611368194311600022BDE83C
:10633000F041002180F83C1010467047000000003A
:1063400060B310B5044690F83D0028B9002084F8E9
:106350003C00204600F024F8022084F83D0020682C
:10636000211D02F0C9F8012084F8480084F83E009D
:1063700084F83F0084F8400084F8410084F842002B
:1063800084F8430084F8440084F8450084F846000B
:1063900084F8470084F83D00002010BD01207047BC
:1063A00040F200410068C4F20001884218BF704703
:1063B00081B044F2E840C5F60200016841F00201F4
:1063C0000160006800F002000090009801B0704782
:1063D00070470000000000000068B0F1804F18BF57
:1063E0007047FDF7B9BC00007047000000000000D6
:1063F00090F88410012901D1022070472421C0F8AF
:10640000881002681368116823F0005321F001011D
:1064100011600021416613602022C0F8882080F8B6
:10642000841008467047000010B50446D0F88C0070
:10643000202805D10120002918BF002A02D110BD53
:10644000022010BDE06600202067204602F070FDAB
:10645000002818BF10BDE16E01290ED1216810225D
:106460000A6200BF216851E8001F226841F0100154
:1064700042E80013002BF5D1E1E7012010BD000038
:1064800047F600010068C4F20001884218BF704757
:10649000B0B541F2901441F2A500C2F2004441F2BD
:1064A0003D11C2F20040C2F2004125784C22012D7C
:1064B00008BF4C30FAF74BF841F6400041F23D116D
:1064C000C2F20040C2F200414C2285F00103237069
:1064D000BDE8B040FFF7A8BF704700000000000013
:1064E00090F88420012A01D102207047B0B5012321
:1064F00080F884302422C0F888200268D0F864E054
:10650000BEF1000FD2F800C0146824F0010414603A
:10651000946824F0606441EA040191601BD09168A2
:106520004EF2687E9368C0F6000E5B0F4EF27075F7
:10653000C1F34261C0F600051EF80340EB5C240184
:10654000B4FBF3F3A0F86A301EF80130695C1B015C
:10655000B3FBF1F301E0A0F86A30A0F86830202125
:10656000C2F800C0C0F88810002180F88410BDE88F
:10657000B04008467047000090F88420012A01D1FD
:1065800002207047B0B5012380F884302422C0F87F
:1065900088200268D0F864E0BEF1000FD2F800C095
:1065A000146824F001041460946824F0604441EA03
:1065B000040191601BD091684EF2687E9368C0F62A
:1065C000000E5B0F4EF27075C1F34261C0F600051C
:1065D0001EF80340EB5C2401B4FBF3F3A0F86A302F
:1065E0001EF80130695C1B01B3FBF1F301E0A0F878
:1065F0006A30A0F868302021C2F800C0C0F88810C6
:10660000002180F88410BDE8B040084670470000C3
:10661000704700000000000070470000000000000C
:10662000704700000000000070B50368044640F6A3
:106630002F00D9690840202818689E6805D100F00D
:10664000200206F0805552193AD140F60F020A4056
:106650000DD0012240F22015C1F20002C0F2004527
:1066600006EA020C00EA050212EB0C022FD1CA0660
:10667000E26E16D5012A14D110F0100211D01020AC
:1066800018629868400600F1D580B4F85C00B4F850
:106690005E10B4F85E20002A18BF884240F02D81B9
:1066A00070BDCA0240F1E38016F4800200F0DF8082
:1066B0004FF4801018622046BDE87040FFF7ACBF71
:1066C000616F0029ECD02046BDE870400847CA073A
:1066D00018BF10F4807207D001221A62D4F89020FB
:1066E00042F00102C4F890208A0706F0010E0AD594
:1066F000BEF1000F07D002221A62D4F8902042F0B7
:106700000402C4F890204A070AD5BEF1000F07D052
:1067100004221A62D4F8902042F00202C4F89020B9
:106720000A070CD500F0200252EA0C0207D008221A
:106730001A62D4F8902042F00802C4F890200A05AA
:106740000BD510F0806208D04FF400621A62D4F8C2
:10675000902042F02002C4F89020D4F89020002A23
:106760009ED0890609D500F0200006F0805140181F
:1067700003D0616F09B1204688472068D4F8901093
:10678000806801F0280100F04000401806D1204642
:10679000FFF746FF0020C4F8900070BD206850E865
:1067A000000F216820F4907041E80002002AF5D122
:1067B0004FF6FE70CEF6FF70216851E8021F226886
:1067C000014042E80213002BF6D1E06E012809D106
:1067D000206850E8000F216820F0100041E8000216
:1067E000002AF5D12020C4F88C000020E066216842
:1067F00060678868400671D5206850E8020F2168FC
:1068000020F0400041E80202002AF5D1D4F88000CF
:10681000002863D048F6F901C0F600010165FAF7D7
:10682000FBFF00283FF43CAFD4F88000016DBDE8C9
:1068300070400847D4F8800040F20F42C4F20202D0
:106840000168914234DC6F22C4F20202914200F3EB
:1068500081803F22C4F20202914200F3A7801022FD
:10686000C4F20202914200F0C3802822BDE00A0671
:1068700005D500F0800206F40003D21876D14A064E
:1068800031D510F040022ED0206850E8000F21686A
:1068900020F0400041E80002002AF5D12020C4F891
:1068A00088000020A0672046BDE8704000F09CBB37
:1068B00040F26F42C4F2020291425CDC40F23F427D
:1068C000C4F20202914278DC40F21042C4F20202A9
:1068D000914200F08D8040F2284286E02046BDE8DB
:1068E0007040FFF79DBE0A0254D510F0804251D08F
:1068F0002046BDE87040FFF78BBE401A216851E882
:10690000001F226821F4907142E80013002BF5D19A
:106910004FF6FE71CEF6FF71226852E8022F23680F
:106920000A4043E80226002EF6D12021C4F88C103C
:106930000021E166616700BF216851E8001F2268FD
:1069400021F0100142E80013002BF5D181B20220A2
:10695000206797E09F22C4F20202914236DC702247
:10696000C4F20202914243D088223EE0A16F002986
:106970007FF4A9AE94E640F29F42C4F20202914233
:106980002BDC40F27042C4F20202914230D040F25D
:1069900088422AE0C9017FF583AEB0F1FF3FC8BF4E
:1069A00070BD2046BDE87040FFF796BD4022C4F29E
:1069B000020291421CD0582217E040F24042C4F239
:1069C0000202914214D040F258420EE0A022C4F2DA
:1069D000020291420CD0B82207E040F2B842C4F261
:1069E0000202914204D040F2A042C4F2020291425B
:1069F00049688AB2002A3FF453AEB4F85C309A4238
:106A0000BFF44EAEA4F85E10C069B0F5807F31D0FF
:106A1000206850E8000F216820F4807041E80002EF
:106A2000002AF5D1206850E8020F216820F001000B
:106A300041E80202002AF5D1206850E8020F2168DF
:106A400020F0400041E80202002AF5D12020C4F8DD
:106A50008C000020E06600BF206850E8000F21682D
:106A600020F0100041E80002002AF5D1D4F880009F
:106A7000FAF75AFC02202067B4F85C00B4F85E1004
:106A8000401A81B22046BDE87040FFF7F9BC000013
:106A900010B5A8B10446D0F8880028B9002084F8C1
:106AA0008400204600F028F82420C4F888002068DC
:106AB000016821F001010160204602F001F808B1EF
:106AC000012010BDA06A10B1204601F049FE2068E7
:106AD000416821F490414160816821F02A01816080
:106AE000016841F0010101602046BDE8104001F05D
:106AF000A7BE0000000000002DE9F04FB5B004462D
:106B000002A8B8210025CDE93355CDE9315530959E
:106B1000F9F7BEFD44F200412068C4F2000188424A
:106B20007ED044F60001C4F20001884200F0F580F6
:106B300047F60001C4F20001884240F0848102A8B7
:106B400000260396022502951F96FDF765FB08B106
:106B5000FAF7EEFA44F2E04040F22808C5F60200E7
:106B6000C4F20208816841F080418160816801F0CF
:106B7000804101910199016841F0100101600068B4
:106B800040F6004100F010000190C5F602010198A6
:106B90004FF4C0703296CDE93005032033900720C2
:106BA000349001F5806030A9FCF7DEFF41F2E81572
:106BB00008F58360C2F200454FF480694FF4403716
:106BC00028604F20C5E901062846EE60C5E9049615
:106BD000C5E90666C5E90876FBF7AEFC08B1FAF729
:106BE000A7FAC4F8805008F58060AC6341F26025D4
:106BF000C2F200452860502068604020A860002054
:106C0000C5E90309C5E90500E861C5E9087028463A
:106C1000FBF792FC00284FF0520640F0088108E193
:106C200002A80395022702971F95FDF7F5FA08B110
:106C3000FAF77EFA44F2E04040F60045C5F602005D
:106C4000C5F6020530AE40F228088168C4F2020899
:106C500041F40031816081684FF0030901F4003193
:106C600001910199016841F0080101600068314615
:106C700000F00800019001981020CDE93007284667
:106C80003297CDF8CC904FF0070ACDF8D0A0FCF7A2
:106C90006BFF60203146CDE9300732A8002780E83D
:106CA00080062846FCF760FF41F2D8252B20C2F26F
:106CB00000454FF480694FF40036C5E901072846C6
:106CC000C5F80080EF60C5E90497C5E90677C5E916
:106CD0000867FBF731FC08B1FAF72AFAC4F88050CC
:106CE00008F11800AC6341F25035C2F2004505F1DD
:106CF000080128602C206860402081E88102284635
:106D0000EF61C5E90577C5E90867FBF715FC0028C1
:106D10004FF0260640F08B808BE002A800270397F7
:106D20004FF00208CDF808801F97FDF775FA08B1FB
:106D3000FAF7FEF944F2E04040F60045C5F60200DD
:106D4000C5F6020530AE40F228098168C4F2020996
:106D500041F48021816081684FF0030A01F48021B1
:106D600001910199016841F00201016001684FF051
:106D7000070B01F0020101910199016841F008013E
:106D800001600068314600F00800019001984FF45E
:106D90008040CDE93008A5F50060CDF8C880CDF879
:106DA000CCA0CDF8D0B0FCF7DFFE4FF440703146F8
:106DB000CDE9300832A880E8800C2846FCF7D4FEE4
:106DC00041F2C83509F13000C2F200454FF4806845
:106DD0004FF4003628602D20C5E901072846EF60F2
:106DE000C5E90487C5E90677C5E90867FBF7A4FB91
:106DF00008B1FAF79DF9C4F8805009F14800AC6376
:106E000041F24045C2F2004528602E2068604020D3
:106E1000A8600020C5E90308C5E90500E861C5E9E7
:106E200008602846FBF788FB4FF0270608B1FAF701
:106E30007FF9052100223046E567AC63FDF74CF889
:106E40003046FDF739F835B0BDE8F08F000000009E
:106E500010B50446D0F88C00202808D196460A4682
:106E60000120002918BFBEF1000F02D110BD022081
:106E700010BD4FF0000CC4F86CC040F60040216813
:106E8000C5F6000081420DD0486800020AD500BF57
:106E9000206850E8000F216840F0806041E800035E
:106EA000002BF5D1A2652220A4F85CE0C4F890C0C4
:106EB000C4F88C00D4F88000F0B148F6D11148F63F
:106EC0005923C0F60001C0F60003C0E90F1348F6CD
:106ED00009110023C0F60001C0E9131321687346AD
:106EE0002431FBF749FE38B11020C4F8900020206F
:106EF000C4F88C00012010BD206948B1206850E81A
:106F0000000F216840F4807041E80002002AF5D1AA
:106F1000206850E8020F216840F0010041E80202B9
:106F2000002AF5D1206850E8020F216840F04000A7
:106F300041E80202002AF5D1002010BD0000000047
:106F400070470000000000007047000000000000D3
:106F500010B50446D0F88800202832D100294FF01F
:106F600001003ED0002A134608BF10BD21654FF036
:106F7000000EA4F854302120A4F85630C4F890E054
:106F8000C4F88800E06FF0B148F6792C48F6B922D1
:106F9000C0F6000CC0F60002C0E90FC248F60912A4
:106FA000C0F60002C0E9132E22682832FBF7E4FD88
:106FB00048B11020C4F890002020C4F888000120B7
:106FC00010BD022010BD206840210162206850E8F9
:106FD000020F216840F0800041E80202002AF5D14A
:106FE000002010BD000000007047000000000000FD
:106FF0007047000000000000FEE7000000000000F5
:1070000001F0DAB80000000080B52DED088B84B0E7
:1070100040F6AC60C2F20040F9F76EFF41F28C100E
:10702000C2F2004090ED001A30EE010A80ED000A35
:1070300001F0CEF841F2700C40F6306EC2F2004C16
:10704000C2F2004E9FED7C2B9CED001A9CED010AD4
:10705000B7EEC11A9CED023AB7EEC00A9CED079A52
:10706000DCED083ADCED097A21EE028B0EF1180214
:10707000B7EEC31A9CED053A20EE020B2823DCED97
:10708000065ACEED005A21EE026B01A8B6EE002A98
:107090009FED6F1AB7EEC07B9CED030A63EE014AC9
:1070A00060EE011A9CED040A60EE012AB0EE420A7D
:1070B000A9EE492A8EED087A25EEA73ACEED041AFC
:1070C000A3EEE30ACEED052A65EEE70ACEED023A1D
:1070D00025EEA31A8EED019A25EEE35AB0EE427A20
:1070E000B7EEC66BA7EEE70A8EED096A25EEC94A30
:1070F000CEED064A25EE896ACEED037AA9EE233A53
:10710000E9EE230AA9EE271AA9EE275AA7EEE72AE5
:10711000A3EEA74AA3EEA76AA3EEE37A70EE001AE5
:10712000F7EEC85B73EE032ACEED101A70EEA01ACC
:10713000CEED075A75EE053ACEED112A72EE022A0F
:10714000CEED131A71EE011ADFED425ACEED123A6E
:1071500076EE063ACEED142A74EE042ACEED161A17
:1071600066EE251ACEED153A65EE253ACEED172AD4
:1071700067EE252A71EEA11A9FED318B77EE074A53
:10718000CDED021A9FED309B73EEA33ACEED184A77
:1071900072EEA21ACDED013ACDED031AC118D2ED6F
:1071A000012AD2ED043A043351ED0A1AB7EEE3AAEC
:1071B00072EEE11A111D342B2AEE08ABB7EEE1BADC
:1071C000ABEE09ABF7EECA1BC2ED041A0A46E5D1D5
:1071D000DEED0B1ADEED0A2A60EEA10ADCF82C00C7
:1071E00022EE212ACEF86C0026EE216ADCF8280077
:1071F000E0EE220A9EED0C0AA3EE222ACEF87000E1
:10720000A5EE226ADCF83000E1EE000ACEF8740048
:10721000A4EE002AA7EE006A30EEA00A32EE021AAF
:107220008EED0D0A36EE060A8EED0E1A8EED0F0A61
:1072300004B0BDEC088B80BD9A9999999999234027
:107240009A9999999999B93FCDCCCCCCCCCCEC3FBB
:1072500035FA8E3C48E11C4140F2000040F20C023D
:10726000C2F20040C2F2004240F205110823D0F8F9
:1072700004C041F2B840C2F2004060470000000084
:1072800010B52DED0C8B9FED258A40F6B8649FED6F
:10729000249AB0EE480A9FED23AAB0EE491A9FED5A
:1072A00022BAF0EE4A1A9FED21CAB0EE4B2A9FEDAA
:1072B00020DAF0EE4C2AF0EE4D0AB0EE4D3AC2F272
:1072C000004404F1200001F0C3F9B0EE480AF0EEEA
:1072D0004D0AB0EE491AF0EE4A1AB0EE4B2AF0EE23
:1072E0004C2AB0EE4D3A04F1900001F0B1F940F2B1
:1072F000000040F21402C2F20040C2F2004240F22A
:1073000005110823D0F804C041F2B840C2F2004091
:10731000BDEC0C8BBDE81040604700BFCDCCCC3D30
:10732000CDCC4C3D0AD7A33D0000C84200007A44B2
:10733000000000000000000040F2000040F24C029B
:10734000C2F20040C2F200424FF484710823D0F828
:1073500004C041F2B840C2F20040604700000000A3
:1073600040F2000040F25402C2F20040C2F2004279
:107370004FF484710823D0F804C041F2B840C2F23F
:10738000004060470000000070B52DED0A8BB2EEA2
:10739000099B40F6B860C2F2004001249FED18AB93
:1073A000A0F170059FED18BA9FED18CA95ED1F0A60
:1073B00005F19000B7EEC00A05F1700620EE090B4A
:1073C00080EE0A1B95ED1E0AB7EEC18B85ED1C8A77
:1073D000F0EE480A01F050F930EE080A013C85ED64
:1073E000210A80EE0B1A21EE0C1ABDEEC11A11EE25
:1073F000100AA5F888003546D8D0BDEC0A8B70BDC0
:10740000333333333333174000005C4200FEFF4612
:107410000699973840F6B863B2EE041ACABA00EE7D
:10742000102AC0EBC000C2F200434FF47F429FED30
:107430002C4AB8EEC00A03EB001002EA112242EA1D
:107440001162828080EE010A90ED041AB7EEC11A33
:107450009FED1B2B13B2B7EEC00A21EE021B09BA37
:1074600002EE103A9FED183B079B090CB8EEC22ABA
:10747000C180A0EE031B9FED1B0A90ED023A19BAE2
:1074800022EE042A090C4183190C417782EE000A8E
:10749000190EB7EEC32A81779FED0D3BB7EEC00AF8
:1074A00022EE032B9FED0C3BA0EE032BB7EEC10B9E
:1074B00080ED040AB7EEC20B80ED020A704700BFF0
:1074C0009A9999999999A93F666666666666EE3FAC
:1074D0009A9999999999E93F9A9999999999C93F4E
:1074E00000005C4200FEFF4680B540F6B86040F602
:1074F0009872C2F20040C2F2004208234FF0000E20
:10750000018BC2F804E0B0F88800D07009BA090C09
:107510001180010A40F20000C2F200409170322155
:10752000D0F804C041F2B840C2F20040BDE880404B
:10753000604700000000000080B582B040F6B860EF
:107540006A46C2F200400823017F8DF8001040F225
:10755000000190F88C00C2F200418DF8010000207B
:10756000CDF80200D1F804C0ADF8060041F2B840F1
:10757000C2F200404FF48371E04702B080BD0000CA
:1075800010B52DED048B9FED1A8A40F6A8749FED7F
:10759000199AB0EE482AF0EE492AC2F2004404F1EA
:1075A00078009FED0F0ADFED0F0A9FED0F1ADFED58
:1075B0000F1A00F051FCDFED120A04F128009FEDD4
:1075C0000E0AF0EE601A9FED0D1AB0EE482AF0EEAA
:1075D000492ABDEC048BBDE8104000F03DBC00BF63
:1075E0000080A24400008C420000614400009643E9
:1075F0000060EA4600401C46295C0F3D0AD7233C48
:1076000000000000000000000188818100EE101AD7
:1076100000210183B8EE400A80ED070A70470000A0
:10762000B0B50C986FF0FF05DDE90A2E038805EA76
:10763000122514BA4EF29C6C45EA1262CFF6FF7C1A
:1076400012B24260C3EB14428381210C62459EFA60
:107650008EF501804FEA154505814FEA1E42827280
:1076600002DA028B013202835A1A624502DA028B75
:10767000013A0283B0F9182001EB423100EE101AF2
:10768000818C01318184B8EEC00A012180ED070AA6
:1076900080F82210B0BD000080B540F6A87040F61A
:1076A000A072C2F20040C2F200424FF0000E082366
:1076B000008CC2F802E05070010A40F20000C2F2F1
:1076C0000040117040F2FF11A2F806E0D0F804C0AB
:1076D00041F2B840C2F20040BDE88040604700007F
:1076E00080B541F2C41044F60041C2F2004041F6B8
:1076F000B752C5F60201C0F2C1420160012181808A
:107700000023C0E90223C0E905330162F9F7B8FD9F
:10771000002808BF80BDBDE88040F9F709BD000022
:1077200080B582B044F2D8400022C5F6020001685C
:1077300041F001010160016801F00101019101992D
:10774000016841F0020101600068052100F00200BB
:10775000009000980C20FCF7BFFB0C20FCF7ACFB62
:107760000D2005210022FCF7B7FB0D20FCF7A4FB40
:107770000E2005210022FCF7AFFB0E20FCF79CFB3E
:107780000F2005210022FCF7A7FB0F20FCF794FB3C
:10779000392005210022FCF79FFB3920FCF78CFBE8
:1077A0003A2005210022FCF797FB3A2002B0BDE801
:1077B0008040FCF781BB000080B541F2B8404AF23E
:1077C0000001C2F200401D2200F11C07C4F20001BA
:1077D00001600021C0E902114FF0010EA0F810E095
:1077E00080F812E04FF0030CC0F814C00A23836144
:1077F00087E80C10C0E90A32C0E90C31C0E90EE19B
:1078000004228266C0E91022C0E91212C0E91412F3
:10781000C0E91611C0E91821FBF7A6FE002808BF31
:1078200080BDBDE88040F9F783BC00000000000087
:1078300080B541F258504AF20041C2F200401D2288
:1078400000F11C07C4F2000101600021C0E902112F
:107850004FF0010EA0F810E080F812E04FF0030C9A
:10786000C0F814C00A23836187E80C10C0E90A320B
:1078700003634FF4A062C0E90D2EC1630422C0E986
:107880001022C0E91212C0E91412C0E91611C0E9B1
:1078900018218266FBF768FE002808BF80BDBDE89E
:1078A0008040F9F745BC000080B548F201304EF247
:1078B0007872C0F60000C0F60002002104F06CFCF3
:1078C00041F2C0114EF23462C2F20041C0F6000231
:1078D000086048F2E920C0F60000002104F05CFCDA
:1078E00040F620614EF28C62C2F20041C0F6000206
:1078F000086048F24130C0F60000002104F04CFC62
:1079000040F6B4614EF26862C2F20041C0F6000275
:10791000086048F22930C0F60000002104F03CFC69
:1079200040F62C614EF21062C2F20041C0F6000235
:10793000086048F2B920C0F60000002104F02CFCD9
:1079400040F60861C2F20041086080BD00000000FE
:10795000F0B587B044F2E0400026C5F60200069676
:10796000CDE90466CDE90266016840F6000441F005
:10797000040101600168C5F6020401F004010191EF
:107980000199016841F0800101600168012201F064
:10799000800101910199016841F0010101600168D4
:1079A000012701F0010101910199016841F00201F3
:1079B0000160016801F0020101910199016841F043
:1079C00010010160016801F0100101910199016845
:1079D00041F00801016000684EF2090100F0080062
:1079E000019001982046FCF78FF902AD4FF46040FA
:1079F000CDE9020720462946CDE90466FCF7B4F834
:107A000009202946CDE90207032005902046049667
:107A1000FCF7AAF84FF4A05002904FF488102946C2
:107A2000CDE9030604F50060FCF79EF84FF4005022
:107A3000029002202946CDE9030605200690A4F510
:107A400080600596FCF790F807B0F0BD00000000DC
:107A500010B541F2F85441F20040C2F20044C5F6BC
:107A600000004FF0806120604FF4800060604FF4B0
:107A70000030A0600320E0600020C4E90400C4E9F5
:107A80000610C4E90800C4E90A004FF080406063B2
:107A900004F138002421F8F7FBFD2046FDF7BCFD7A
:107AA000002808BF10BDBDE81040F9F741BB000039
:107AB00070B590B041F2CC6040F20045C2F2004097
:107AC0000024CDE90844CDE90644CDE90444CDE9DC
:107AD0000244C4F200050560CDE9004453218461ED
:107AE000C0E9011440F2CF71C0E90314FEF728FC8D
:107AF00008B1F9F71DFB41F2CC6007A9C2F20040C2
:107B000007940994FDF7ECFF08B1F9F711FB41F276
:107B1000CC646020C2F20044009069460C222046EA
:107B20000026CDE901660496FEF7B6F908B1F9F72B
:107B3000FFFA20680F96A8420C96CDE90D660B96C9
:107B400001D010B070BD44F2E040C5F602000168FB
:107B500041F0020101600068002100F002000A907B
:107B60000A980220CDE90B000F9040F20040CDE9C9
:107B70000D11C5F602000BA9FBF7F6FF10B070BDA2
:107B800080B541F6400047F60001C2F20040C4F261
:107B900000010C2201604FF4E13141600021C0E995
:107BA00002110161C0E90521C0E90711C0E909110D
:107BB000FEF76EFF08B1F9F7BBFA41F6400000216D
:107BC000C2F20040FEF7D8FC08B1F9F7B1FA41F66D
:107BD00040000021C2F20040FEF782FC08B1F9F734
:107BE000A7FA41F64000C2F20040FEF701FC00286F
:107BF00008BF80BDBDE88040F9F79ABA00000000D8
:107C000080B541F2187044F20041C2F2004043F6E0
:107C10000062C4F20001C0F24902C0E90012002172
:107C20000C22C0E9052100220023C0E902110161F4
:107C3000C0E90711C0E90911FDF7AAFC08B1F9F77D
:107C400077FA41F218700021C2F20040FEF794FC6E
:107C500008B1F9F76DFA41F218700021C2F2004044
:107C6000FEF73EFC08B1F9F763FA41F21870C2F270
:107C70000040FEF7BDFB002808BF80BDBDE8804086
:107C8000F9F756BA0000000080B541F2AC7044F636
:107C90000001C2F2004043F60062C4F20001C0F2EB
:107CA0004902C0E9001200210C22C0E9052100228E
:107CB0000023C0E902110161C0E90711C0E90911FF
:107CC000FDF766FC08B1F9F733FA41F2AC70002118
:107CD000C2F20040FEF750FC08B1F9F729FA41F270
:107CE000AC700021C2F20040FEF7FAFB08B1F9F7D0
:107CF0001FFA41F2AC70C2F20040FEF779FB002897
:107D000008BF80BDBDE88040F9F712BA000000004E
:107D1000FEE7000000000000FEE700000000000099
:107D2000EFF30980BFF36F8F154B1A681EF0100F29
:107D300008BF20ED108A20E9F04F10602DE90900FE
:107D40004FF0500080F31188BFF34F8FBFF36F8F58
:107D500005F096F94FF0000080F31188BDE80900A6
:107D600019680868B0E8F04F1EF0100F08BFB0ECBB
:107D7000108A80F30988BFF36F8F704700BF00BF80
:107D8000C81900240000000030EEC01A90ED0B2A44
:107D900030EEC23A90ED012A90ED105A80ED041AAF
:107DA000A2EE015A90ED052A30EE422A90ED004AEB
:107DB00090ED026A21EE041A90ED034A80ED083A34
:107DC00026EE022AC0ED090A23EE043A90ED0C4A91
:107DD00080ED0A0AB4EE445A80ED0F1A80ED105A75
:107DE00080ED112AF1EE10FA80ED123AC8BF80ED55
:107DF000104AB1EE444A90ED105AB4EE445AF1EEF6
:107E000010FAB8BF80ED104A90ED104A31EE041A16
:107E100032EE011A33EE012A90ED0D1A80ED132A8D
:107E2000B4EE412AF1EE10FAC8BF80ED131AB1EE9C
:107E3000411A90ED132AB4EE412AF1EE10FAB8BFC0
:107E400080ED131A80ED050A90ED130AC0ED0B0AC0
:107E5000704700000000000080EC040AC0ED0C2A0E
:107E6000002180ED0D2AC0E90F114164C0E9041121
:107E7000C164C0E908118162704700000000000081
:107E8000F0B581B044F22C47C5F6020757F8042C30
:107E900002F00302032A02D1012001B0F0BD054621
:107EA00057F82C0C0C4620F0806047F82C0CFBF7A0
:107EB00033FF064657F82C0C000105D5FBF72CFFC5
:107EC000801B0228F6D964E057F8040CEE6895E8A8
:107ED0000E0020F47C30012C40EA0130A2F10101B7
:107EE0006FF35F214FF47E4202EB432247F8040C0C
:107EF00092B24FF0FE4302EB01004FF4FE012A69FB
:107F000001EB064101F4FE0103EB0262084402F0BA
:107F1000FE410844F8603868696920F0C00040EA12
:107F2000010038603868A96920F0200040EA0100AB
:107F3000386038684FF6F87120F010003860386902
:107F4000EA6920EA01004FF4001140EAC2003861FA
:107F5000386808BF4FF4801140F01000002C3860E2
:107F600008BF4FF4002138680843386057F82C0CDC
:107F700040F0806047F82C0CFBF7CEFE044600BFB3
:107F800057F82C0C000107D4FBF7C6FE001B032892
:107F9000F6D3032001B0F0BD002001B0F0BD000019
:107FA000F0B581B044F22C47C5F6020757F8042C0F
:107FB00002F00302032A02D1012001B0F0BD054600
:107FC00057F82C0C0C4620F0805047F82C0CFBF78F
:107FD000A3FE064657F82C0C800005D5FBF79CFE47
:107FE000801B0228F6D964E057F8040CEE6895E887
:107FF0000E0020F07C70012C40EA0150A2F101013A
:108000006FF35F214FF47E4202EB432247F8040CEA
:1080100092B24FF0FE4302EB01004FF4FE012A69D9
:1080200001EB064101F4FE0103EB0262084402F099
:10803000FE41084478613868696920F4406040EA8C
:10804000010038603868A96920F4007040EA010036
:10805000386038684FF6F87120F480703860B8697D
:10806000EA6920EA01004FF0807140EAC200B8617D
:10807000386808BF4FF4000140F48070002C38606D
:1080800008BF4FF4800138680843386057F82C0C5B
:1080900040F0805047F82C0CFBF73EFE044600BF32
:1080A00057F82C0C800007D4FBF736FE001B032882
:1080B000F6D3032001B0F0BD002001B0F0BD0000F8
:1080C000016840F26F32D1F814C08B6943F00803A5
:1080D0008B618B6943F010038B610B6823F0010304
:1080E0000B600B6923EA02020A618A6822F44042AB
:1080F0008A6090F88120042A18BF1CF0200209D061
:10810000D0F8842042F08002C0F884208A6942F0CE
:1081100020028A6190F88120032A18BF1CF04002D7
:1081200015D15FEA8C521FD45FEACC5209D5D0F842
:10813000842042F00802C0F884208A6942F48072E8
:108140008A610021A0F86210A0F86A107047D0F888
:10815000842042F00402C0F884208A6942F0400280
:108160008A615FEA8C52DFD5D0F8842042F00102A8
:10817000C0F884208A6942F400728A615FEACC52B6
:10818000D5D4DEE700000000000000000000000081
:10819000074B19680868B0E8F04F80F30988BFF30F
:1081A0006F8F4FF0000080F31188704700BF00BF51
:1081B000C81900240000000041F6400041F23D11C2
:1081C000C2F20040C2F200414C22FEF72DB900007D
:1081D000F0B541F2A40141F2A503C2F2004142F61A
:1081E0006C0CC2F20043C0F2AF1C0A784FF0980E3C
:1081F000104608E00130C4B2972C88BF0020C4B2FA
:108200000870944224D0C4B21D5D412DF2D1651C8A
:10821000A5FB0C6707FB1E555D5D782DEAD1A51CFB
:10822000A5FB0C6707FB1E555D5DFF2DE2D1E51C2C
:10823000A5FB0C6707FB1E555D5D062DDAD14B349F
:10824000A4FB0C5606FB1E441C5D6D2CD2D100E035
:108250009820C0B2972888BFF0BD41F23D1041F28E
:108260007001C2F20040C2F20041D0F809200A6059
:10827000D0F80D204A60D0F811208A608269CA6067
:10828000C2690A61026A4A61D0F827208A61D0F87F
:108290002B20CA61D0F82F200A62D0F833204A621E
:1082A000D0F83E208A62D0F83A20CA62D0F8420064
:1082B0000863F0BD0000000041F29C1041F25851EB
:1082C000C2F20040C2F2004140F21F12F8F73CFB3C
:1082D000F8F752FE03F0B0FDF8F74EFE012003F070
:1082E00013FFF5E700000000F8F746FEF8F794FBEF
:1082F000F8F742FE012003F007FFF5E70000000059
:1083000032200021002200F033FF4FF4FA7003F016
:10831000FBFE0A200A21322200F02AFF4FF4FA70F5
:1083200003F0F2FEECE70000FEF76AFEF8F724FE29
:10833000FEF76AFEF8F720FE012003F0E5FEF5E700
:10834000F8F71AFE00F0F0FEF8F716FE00F060FFF6
:10835000F8F712FE00F064FF012003F0D5FEEFE70E
:1083600080B54EF21000CEF20000006805F010FB60
:10837000012808BF80BDBDE8804004F06DBF00004B
:10838000B0B59CB044F6180409A84C21C5F6020407
:10839000F8F77EF902200025CDE90755CDE905550E
:1083A000CDE90355CDE90155FBF7D6FD00952068D1
:1083B00020F440402060206800F440400090009885
:1083C00020688004FCD5012009904FF480310A9187
:1083D00002212822CDE9152004201491CDE91701AE
:1083E0000C20199009A80024CDE91211CDE91A44F6
:1083F000FCF73AFE18B1EFF3108072B6FEE73F20AB
:10840000019003204FF48061CDE90204082004901C
:108410004020CDE90500CDE9071001A80321FCF7B4
:10842000BBFB20B1EFF3108072B600BFFEE71CB0BB
:10843000B0BD0000000000004EF6885042F2000C73
:10844000CEF20000C5F2002C026842F47002026015
:10845000DCF8000000F00F00062806D8DCF8000069
:10846000072262F30300CCF8000044F200404EF60D
:108470007F51C5F60200CEF6F621026842F00102F5
:10848000026000220261036819400160DCF80010FC
:10849000090706D5DCF80010072363F30301CCF8C5
:1084A000001040F200218261C261C0F2022102622A
:1084B00081620021C0F2FF11C16240F28021C0F24E
:1084C0000111016342638163C26301644264016814
:1084D00021F480210160026644F20000C5F2002010
:1084E00043F2D2010160704741F28060C2F2004065
:1084F000FDF70ABC0000000040F6FF32C4F20002A3
:10850000904202680FDCB0F1804F1DD040F2004372
:10851000C4F20003984217D040F60003C4F20003EF
:10852000984211D014E040F60043C4F20003984290
:108530000AD040F20043C4F20103984204D0002361
:10854000C4F20103984203D122F070024B681A432F
:108550004EF2FF3343F6FF7CC4F20003C4F2010C79
:1085600098420FDD604522DC4EF20043C4F2000366
:10857000984238D00023C4F20103984233D040F22D
:10858000004322E040F2FF73C4F20003984221DD71
:1085900040F60003C4F20003984224D040F60043A2
:1085A000C4F2000398421ED04EF2000317E044F2DA
:1085B0000003C4F20103984215D044F60003C4F24C
:1085C000010398420FD044F20043C4F201039842E1
:1085D00009D00CE0B0F1804F05D040F20043C4F266
:1085E0000003984203D122F44072CB681A4310B5BD
:1085F00022F08002D1F800E04C698B6822430260CF
:10860000C3626045C0F828E0BDE810400EDD44F2CA
:108610000002C4F20102904213D044F60002C4F2F8
:10862000010290420DD044F2004206E00022C4F262
:108630000102904205D040F20042C4F20102904291
:1086400001D1096901630121416170470000000007
:1086500080EC040A0021C162C0E90911C0E90411DB
:10866000C0E90611C0E90F11C0E91111C164303031
:1086700080EC032A7047000080ED0A0A30EEC00A41
:1086800090ED071A90ED002A90ED0B4A90ED0C3A10
:1086900030EE015AC0ED090A30EEC41A80ED040A2A
:1086A00020EE022A80ED081A80ED0F2AB4EE435A1C
:1086B000F1EE10FA80ED075AC8BF80ED073AB1EE2F
:1086C000433A90ED074AB4EE434AF1EE10FAB8BFD0
:1086D00080ED073A90ED073A90ED054A90ED015A8A
:1086E00030EE444A25EE033A90ED025A80ED103AFE
:1086F00025EE044A90ED035A32EE032A80ED114A2A
:1087000021EE055A80ED125A32EE041A31EE052A96
:1087100090ED0D1A80ED132AB4EE412AF1EE10FA15
:10872000C8BF80ED131AB1EE411A90ED132AB4EED2
:10873000412AF1EE10FAB8BF80ED131A80ED050A58
:1087400090ED130AC0ED0B0A704700000000000016
:1087500041F64000C2F20040FDF766BF0000000095
:10876000816ACA070CD18A0715D44A071ED40A07A2
:1087700027D4CA0630D48A0639D44A0642D454E0F3
:108780000268D0F82CC0536823F4003343EA0C038A
:1087900053608A07E9D50268D0F830C0536823F4E3
:1087A000803343EA0C0353604A07E0D50268D0F8EF
:1087B00034C0536823F4802343EA0C0353600A0750
:1087C000D7D50268D0F838C0536823F4004343EA91
:1087D0000C035360CA06CED50268D0F83CC093683B
:1087E00023F4805343EA0C0393608A06C5D50268DC
:1087F000D0F840C0936823F4005343EA0C0393601D
:108800004A0612D50268D0F844C0BCF5801F5368F0
:1088100023F4801343EA0C03536006D1536823F416
:10882000C00C836C43EA0C035360090658BF7047C1
:108830000168C06C4A6822F4002210434860704707
:10884000B0B582B004460020C4F89000FBF764FA8B
:10885000216805460968090719D54FF4001100225F
:108860006FF07E40009020462B4600F0B1FB70B1C7
:10887000206850E8000F216820F0800041E80002E5
:10888000002AF5D12020C4F8880003202FE02068BA
:108890000068400723D54FF4800100226FF07E402E
:1088A000009020462B4600F093FBC0B1206850E8B2
:1088B000000F216820F4907041E80002002AF5D1F1
:1088C000206850E8020F216820F0010041E8020210
:1088D000002AF5D12020C4F88C00032007E02020D6
:1088E000C4F88800C4F88C000020E06620670021EE
:1088F00084F8841002B0B0BD806B0021A0F85E1037
:10890000A0F85610FDF78CBE806B0368D0F8882065
:10891000D0F88CC09B681B061BD5212A19D10022D8
:10892000A0F85620026852E8002F036822F0C00227
:1089300043E800210029F5D1016851E8021F0268CF
:1089400021F4000142E80213002BF5D12021C0F8E8
:10895000881001688968490632D5BCF1220F2FD1F1
:108960000021A0F85E1000BF016851E8001F0268F6
:1089700021F4907142E80013002BF5D14FF6FE7CF4
:10898000CEF6FF7C026852E8022F036802EA0C026E
:1089900043E802210029F5D1C16E01290AD100BFA7
:1089A000016851E8001F026821F0100142E800133D
:1089B000002BF5D12021C0F88C100021C166416741
:1089C000D0F8901041F01001C0F89010FDF728BECB
:1089D000C169806BB1F5807F30D00021A0F85E10B6
:1089E000016851E8001F026821F4807142E8001319
:1089F000002BF5D1016851E8021F026821F0010146
:108A000042E80213002BF5D1016851E8021F026809
:108A100021F0400142E80213002BF5D12021C0F8DB
:108A20008C10C16E012909D1016851E8001F02684C
:108A300021F0100142E80013002BF5D1002101675D
:108A4000C16E012903D1B0F85C10FDF719BDFEF726
:108A500077BA000000000000806B01210167C16E41
:108A6000012904D1B0F85C104908FDF709BDFEF7F3
:108A70006BBA000000000000C169806BB1F5807F17
:108A800001D1FEF7B1BA0021A0F85610016851E8F3
:108A9000021F026821F0800142E80213002BF5D189
:108AA000016851E8001F026841F0400142E80013EC
:108AB000002BF5D170470000806BFEF799BA0000DB
:108AC000F0B583B004460368806846F6F315D4E930
:108AD0000312104362691043E2691E68CCF6FF7509
:108AE000104306EA05021043186058684FF2FF462B
:108AF00020F4405240F6004011435960C5F6000092
:108B0000A1698342C1F2FF161CBF226A11439A6811
:108B100047F6FF353240C4F2000511439960DA6A26
:108B200044F2544122F00F02666AC5F60201324354
:108B3000AB42DA624FF0800218DD41F2FF76C4F2F8
:108B40000106B34227DC47F60046C4F20006B342F2
:108B50004DD041F20006C4F20106B34231D041F2D9
:108B60000046C4F20106B3422BD04DE044F6FF3676
:108B7000C4F20006B3422EDD44F60046C4F20006FD
:108B8000B34234D045F20006C4F20006B3422ED000
:108B900047F6000627E041F60006C4F20106B3429C
:108BA0000FD041F60046C4F20106B34209D0834219
:108BB0002AD14A6802F00702062A24D20FF264334F
:108BC0001EE00A68C2F3C202062A1CD24EF20A63F1
:108BD000C0F6000314E044F20046C4F20006B342BB
:108BE00005D044F60006C4F20006B3420CD10A6870
:108BF00002F00702062A06D24EF20463C0F6000312
:108C00001A44127800E080222368834240F6001064
:108C1000C0F23D0000F04F80E369B3F5004F40F033
:108C20006480402A00F2FC800027DFE812F0410057
:108C3000FF00F900F9000201F900F900F90006014E
:108C4000F900F900F900F900F900F900F9000C0148
:108C5000F900F900F900F900F900F900F900F9004C
:108C6000F900F900F900F900F900F900F9001C0118
:108C7000F900F900F900F900F900F900F900F9002C
:108C8000F900F900F900F900F900F900F900F9001C
:108C9000F900F900F900F900F900F900F900F9000C
:108CA000F900F900F900F900F900F900F9001A01DA
:108CB000FCF7F2F8D7E0931E1E2B00F2608000272D
:108CC000DFE803F01063666363636A63636363638F
:108CD0006363706363636363636363636363636357
:108CE00063637D00FBF75CF969E0402A00F29B803A
:108CF0000027DFE812F04100D60098009800D90064
:108D0000980098009800DD0098009800980098005E
:108D1000980098009800E300980098009800980048
:108D20009800980098009800980098009800980083
:108D3000980098009800F300980098009800980018
:108D40009800980098009800980098009800980063
:108D50009800980098009800980098009800980053
:108D60009800980098009800980098009800980043
:108D7000980098009800F100FCF78EF8AEE0402AC9
:108D800003D14FF40040002719E00020012716E02E
:108D90006846FBF719F902E06846FBF7A9F90027D6
:108DA00001980CE051F8540C800649F20000C0F222
:108DB000D03004D551F8541CC1F3C101C84000287B
:108DC00000F0A480616A4EF2B062C0F600026568ED
:108DD00032F8112005EB4501B0FBF2F38B424FF066
:108DE0000101C0F096802E03B34200F29280002170
:108DF0000023F7F734FB0902002341EA10612A46F9
:108E0000000210EB550041F10001F7F728FB4FF687
:108E10000052A0F54071C0F20F02914274D377E086
:108E2000002001271FE00020012757E0FCF764F82D
:108E300019E06846FBF7C8F802E06846FBF758F906
:108E4000002701980FE051F8540C800649F2000009
:108E5000C0F2D03007D551F8541CC1F3C101C8404D
:108E600001E04FF40040002850D0616A4EF2B06239
:108E7000C0F6000232F811106268B0FBF1F0510840
:108E800001EB4000B0FBF2F0A0F110014FF6EF72E1
:108E900091423DD84FF6F0710140C0F342000844C2
:108EA00032E0FCF729F819E06846FBF78DF802E09C
:108EB0006846FBF71DF9002701980FE051F8540CA4
:108EC000800649F20000C0F2D03007D551F8541C9A
:108ED000C1F3C101C84001E04FF40040B0B1616A84
:108EE0004EF2B062C0F6000232F811106268B0FBB8
:108EF000F1F000EB5200B0FBF2F0A0F110014FF6E0
:108F0000EF72914204D880B22168C860394600E00F
:108F100001214FF00110A0660020C4E91D000846A1
:108F200003B0F0BD02040810204000000000000063
:108F300010B504468C4681650021A0F85C20C0F87D
:108F400090102220C4F88C00D4F88000F0B11346B1
:108F500048F6D11E48F65922C0F6000EC0F60002AF
:108F6000C0E90FE248F60912C0F60002C0E9132179
:108F7000216862462431F9F7FFFD38B11020C4F8AA
:108F800090002020C4F88C00012010BD206948B159
:108F9000206850E8000F216840F4807041E800022A
:108FA000002AF5D1206850E8020F216840F0010046
:108FB00041E80202002AF5D1206850E8020F21683A
:108FC00040F0400041E80202002AF5D1002010BD27
:108FD0002DE9F04381B004460068C0690840401A9A
:108FE000B0FA80F04009904253D1DDF820800D4660
:108FF0001646994608F1010709E000BF2068C069DC
:109000002840401BB0FA80F04009B04241D1002F07
:10901000F4D0FAF781FEB8F1000F01464FF00300DB
:1090200038D0A1EB0901414534D8206801684907CF
:10903000E4D5C169090730D4C1690905DED54FF40B
:1090400000610162206850E8000F216820F49070F0
:1090500041E80002002AF5D14FF6FE70CEF6FF700F
:10906000216851E8021F2268014042E80213002BE8
:10907000F6D1E06E012809D1206850E8000F216880
:1090800020F0100041E80002002AF5D10320202141
:109090002CE0002001B0BDE8F0830821016200BF90
:1090A000206850E8000F216820F4907041E8000229
:1090B000002AF5D14FF6FE70CEF6FF70216851E818
:1090C000021F2268014042E80213002BF6D1E06E35
:1090D000012809D1206850E8000F216820F0100015
:1090E00041E80002002AF5D1012008212022C4F81D
:1090F0008C200022E2666267C4F8901084F8842015
:1091000001B0BDE8F083000041F21870C2F20040E7
:10911000FDF78ABA0000000041F2AC70C2F20040D4
:10912000FDF782BA0000000010B540F26804C2F2F8
:10913000004404F1F00000F097FC04F5347000F0F6
:1091400093FC9FED070AF7F7BBFE04F5F07000F003
:109150008BFC04F57070BDE8104000F085BC00BFCA
:109160006F12833A00000000FEE7000000000000DC
:1091700070B588B0002302AD4FF0010C8DF80730B8
:109180000CFA03FE78241EEA010F4FF0780608BFA0
:1091900060241EEA000F03F10103EC7108BF602692
:1091A0001EEA020FEE734FF0780608BF6026082B08
:1091B000EE75A5F10105E3D141F2F8540DF1070177
:1091C000C2F2004400224FF6FF732046FCF748FB32
:1091D00094F881000128FBD141F2F85402A9C2F2AF
:1091E000004418224FF6FF732046FCF739FB642633
:1091F0000DF1070501224FF6FF7320462946FCF7C3
:109200002FFB013EF6D108B070BD00000000000049
:1092100040F21C00C2F2004000690047000000005C
:1092200040F23C00C2F2004000680047000000002D
:109230002DE9F04F81B041F642650427C2F20045A6
:109240000446017308262F8041F64067C2F20047AA
:10925000427383730020207418463E8089469046EE
:109260009A46F7F7CDF851466061F7F7EFF94FEA04
:109270008A073846F7F7C4F83946A061F7F708FAC5
:109280003846F7F7BDF83946E061F7F701FA4FEADB
:1092900089063046F7F7B4F831462062F7F7F8F957
:1092A0005046F7F7ADF851466062F7F7CFF9304610
:1092B000F7F7A6F831462060F7F7EAF93846F7F7EE
:1092C0009FF839466060F7F7E3F94FEA88073846B8
:1092D000F7F796F83946A060F7F7DAF93046F7F76E
:1092E0008FF831460746C4F8E800F7F7D1F904F1E2
:1092F0003000012249463B4602F099FA288800FBDB
:1093000009F63046F7F77CF831460746C4F8EC001A
:10931000F7F7BEF9217B04F1380001223B4602F049
:1093200086FAB8F1000F16D041F64260C2F2004052
:10933000008800FB08F63046F7F762F8314607462A
:10934000C4F8F000F7F7A4F9617B04F140000122B2
:109350003B4602F06CFA41F64265C2F200452888AD
:1093600000FB0AF63046F7F74BF831460746C4F8DB
:10937000F400F7F78DF9A17B04F1480001223B4688
:1093800002F055FA288809FB09FB0BFB00F6304672
:10939000F7F736F831460746C4F8F800F7F778F9DA
:1093A000217B04F150003B460A4602F040FA28882F
:1093B0000BFB00F63046F7F723F831460746C4F8B2
:1093C000FC00F7F765F9217B04F158003B460A469B
:1093D00002F02DFA28880BFB00F63046F7F710F85C
:1093E0000746C4F800013046F7F70AF80546C4F806
:1093F000040138463146F7F74BF928463146F7F76E
:1094000047F9217B04F160003B460A4602F00FFA5F
:10941000217B04F16800D4F804310A4602F007FA0F
:10942000B8F1000F18D041F6426008FB09F1C2F212
:109430000040008801FB00F52846F6F7E1FF2946C9
:109440000646C4F80801F7F723F9217B04F1700000
:10945000627B334602F0EBF941F642600AFB09F801
:10946000C2F20040008808FB00F52846F6F7C8FF66
:109470000646C4F80C012846F6F7C2FF0746C4F8B2
:10948000100130462946F7F703F938462946F7F721
:10949000FFF8227B04F17800A17B334602F0C7F984
:1094A000217B04F18000A27BD4F8103102F0BFF9D7
:1094B00041F64267C2F2004738880BFB00F52846A8
:1094C000F6F79EFF29460646C4F81401F7F7E0F8C0
:1094D000217B04F1880033460A4602F0A8F9388857
:1094E0000AFB0AF101FB00F52846F6F789FF294639
:1094F0000646C4F81801F7F7CBF8A17B04F19000F9
:1095000033460A4602F093F9388808FB00F52846EE
:10951000F6F776FF29460646C4F81C01F7F7B8F8B7
:10952000217B04F19800A27B334602F080F9388851
:10953000257B05FB00F707FB05F63046F6F760FFD5
:109540008046C4F820013046F6F75AFFC4F82401DB
:109550003046F6F755FFC4F828013846F6F750FFB5
:10956000C4F82C013846F6F74BFFC4F8300104F17B
:10957000A00029462A46434602F059F9217B04F10E
:10958000A800D4F824310A4602F051F9217B04F1F5
:10959000B000D4F828310A4602F049F9217B04F1E1
:1095A000B800D4F82C31012202F041F9217B04F1FA
:1095B000C000D4F83031012202F039F9002084F8DB
:1095C0002C00A06201B0BDE8F08F00000000000098
:1095D0002DE9F04381B0044690F82A0010B101B0A3
:1095E000BDE8F08304F1780504F180092846494676
:1095F00002F080FB264684F8C800B4F8780004F135
:10960000580826F8A80FB4F85A00A4F8AA0028466B
:109610004146324602F076FA274684F8C800308880
:10962000494627F8B00FB4F88200A4F8B2003046DB
:109630003A4602F067FA2146254684F8C8003846C3
:1096400051F8902F45F8A02F2A4602F091F884F89F
:10965000C8002846394602F0EFF884F8C800B4F88C
:1096600058003080B4F88200A4F8AA004046494669
:10967000324602F047FA84F8C800A5F108023046E5
:10968000394602F03FFA84F8C80001B0BDE8F08323
:109690002DE9F041044600F0C7F8D4F8CC1009B128
:1096A00020468847204600F0A7F9D4F8D01009B129
:1096B0002046884794F8290050BB04F1600504F166
:1096C00068062846314602F015FB04F1580784F875
:1096D000C80004F1500128463A4602F013FA254624
:1096E000B4F8581084F8C80025F8A81F314635F89A
:1096F0003E0C2A466880384602F004FA84F8C80016
:10970000A5F1200128463A4602F032F884F8C80054
:10971000D4F8D41009B120468847207C41F642682D
:10972000C2F20048D0B32046FFF752FFD4F8D81059
:1097300009B120468847204600F01AF9D4F8DC1019
:1097400009B12046884794F82C00E8BB20462546FE
:1097500030F8982F25F8A82F2E4635F82E3CA5F185
:10976000300126F8082F35F84E2C6A812A466B8086
:10977000A5F1500702F0C6F985F8200028463946C1
:10978000324602F0BFF985F82000A5F158023846AC
:10979000314602F04FFA85F8200015E0E07B002802
:1097A000C1D0B8F80000217B01FB00F2D4E93A01F6
:1097B000F6F712FFB8F80000217B484300FB01F2E6
:1097C000D4E93E01F6F708FFD4F8E01009B12046CD
:1097D0008847277BAFB10420216AD4F8F82000EB3A
:1097E0008703384692ED001A91ED000AB4EE401A54
:1097F0000431F1EE10FAB8BF82ED000A01381A44C4
:10980000F0D1B8F80000D4F8E81000FB07F22068A7
:10981000F6F7E2FED4F8E41009B120468847206844
:10982000BDE8F081000000002DE9F0410446C07B56
:1098300041F642680028C2F2004879D0B8F800002A
:10984000A17B0022227401FB00F2D4F8F4006168CD
:10985000F6F7C2FEB8F80000A17B41436068F6F756
:1098600017FFB8F80000A17B48434143D4F8180122
:10987000F6F70EFFB8F80000217BA27B484300FBFF
:1098800002F1D4F80C01F6F703FFA07B48B30020E7
:10989000002104E0A27B01310430914221D2D4F8AE
:1098A000F420131893ED000AB5EE400AF1EE10FA19
:1098B000F0D0237C666A02EB830282ED000AF15449
:1098C000D4E90532267B257C5B5C125815FB0633F8
:1098D000D4F80C6106EB830343F8042C6A1C227451
:1098E000D8E7267C86B1606A0423E169D4F81821A0
:1098F00003EB8603451E304615F8017F013851F809
:10990000277017601A44F7D1207BA4F87860A4F878
:109910007A00A4F88000A4F88260A4F89060A4F80B
:109920009260A4F89800A4F89A60A4F8486010E047
:10993000B8F80000A17B01FB00F2D4F8F4006168E4
:10994000F6F74AFEB8F80000A17B41436068F6F7DD
:109950009FFEB8F80000617B01FB00F2D4F8F00034
:10996000A168F6F739FEBDE8F081000000000000B4
:109970002DE9F04381B0044690F82B0010B101B0FE
:10998000BDE8F0832046254604F138084FF0010970
:1099900030F8781FA4F8BA9025F8B81F41462A4637
:1099A00002F0B0F884F8C80020462746A4F8C29018
:1099B00030F8481F27F8C01F29463A4602F03AF906
:1099C000264684F8C80039462A4636F8980FA4F887
:1099D000BA902880304602F095F884F8C800A6F1C5
:1099E00068024046294601F0C3FE84F8C80001B071
:1099F000BDE8F0830000000070B5044690F8280030
:109A0000002818BF70BD607B10B32546207B04F191
:109A10003001012625F8B80F04F160002A46A4F8A9
:109A2000BA6002F06FF8217B24F8C01FA4F1800116
:109A30002072A4F150002246668002F063F8207282
:109A4000A4F188022846214601F092FE207270BDE2
:109A500004F1600004F1300104F1380202F052F820
:109A600084F8C80070BD0000B0B5044600F0FCF8F2
:109A7000D4F8D80022222146FDF76AFA04F15005F5
:109A8000D4F8D8004E222946FDF7E2F994F85000A8
:109A9000FE280AD194F85100EE2818BFB0BD204628
:109AA0002946BDE8B04000F01BB8B0BD0000000082
:109AB000C0F8D81080F8DC2080F8DD3080ED3A0A5C
:109AC000704700000000000090ED300A9FED021A80
:109AD00020EE010A704700BF9A9911410000000072
:109AE000F0B541F6B753D0F89AC0C0F2C1434FF079
:109AF000FF324FF0000E00BF51F82E404FF00045EE
:109B0000202600BF5700002A48BF83EA42072542AB
:109B10004FEA55053A4618BF5A40013EF2D10EF1C0
:109B2000010EBEF1120FE7D1944563D1B0F95C107C
:109B30009FED3A1A9FED3A2AD0F86E2000EE101AE7
:109B4000B0F95E109FED2C3B9FED334AB8EEC00A92
:109B500020EE010AB7EEC01AB4EE420AF1EE10FA96
:109B600033FE012B9FED2F3AB4EE403A90ED300AD0
:109B7000F1EE10FAB7EEC00A32FE011B02EE101A27
:109B800090F852109FED1E3B80F8B41090F85410DE
:109B9000B8EEC22A80F8B51020EE030B90F95610EB
:109BA0009FED1B3AC0F8B81022EE032A90F8571028
:109BB0009FED153B80F8BC10A1EE030B90ED311A20
:109BC0009FED143A21EE031A03EE102AB7EEC00BF4
:109BD00080ED300AB8EEC33AA2EE041A9FED122AC5
:109BE00023EE022A80ED311A9FED101A22EE010AAF
:109BF00080ED320A0020F0BD0000000000000000EF
:109C00009A9999999999A93F666666666666EE3F44
:109C10000000003CCDCC4C3D3333733F0000803B13
:109C2000CDCCCCBDCDCCCC3DF90FC94000008038A7
:109C300090ED320A90ED3A1A30EE410A9FED021A89
:109C400080EE010A704700BF9A99114100000000A0
:109C500090ED310A9FED021A80EE010A704700BFB5
:109C60009A99114100000000B0B590ED0F0A9FEDE8
:109C7000381A80EE010A9FED374A90ED0D1A90EDEB
:109C80000E2A844690ED103A20EE040A9FED324AE7
:109C900021EE041A9FED314A22EE042A9FED304A4C
:109CA00023EE043A90ED114ABDEEC11A4EF6FE6065
:109CB000ACF800009CF830009FED2A5A8CF80200A6
:109CC0009CF83200BDEEC22A24EE054A8CF804004E
:109CD000FF20BDEEC00A8CF8050011EE100A8CEDD5
:109CE000040ABDEEC30AACF80C0012EE100ABDEE79
:109CF000C41A4FF0FF33ACF80E0010EE100A4FF00C
:109D0000000EACF8140041F6B75011EE101AC0F274
:109D1000C140ACF8161000BF5CF82E104FF00042A6
:109D2000202400BF5D00002B48BF80EA43050A42A3
:109D30004FEA520218BF4540013C2B46F2D10EF1CA
:109D4000010EBEF1070FE7D10020CCF81E30B0BDE8
:109D5000F90FC94000008046000080430000004326
:109D6000000000450000804410B5F3EE0E0A0446E2
:109D700001F0A2FC9FED0A1A94F8DD1094F8DC00C3
:109D800080EE010A618600212086002084ED0D0A04
:109D9000C4F26001C4E90E00C4E9100110BD00BFA7
:109DA0009A991141000000002DE9F04F81B02DED8E
:109DB000028B044600F69C2700F6742500F63C2929
:109DC00000F6142600F2B44800F61450F7F794F8A1
:109DD00041F29C1B87EDA10AC2F2004B9FED9C8BC8
:109DE000BBF908009FED9C2B01EE100AB8EEC11BD9
:109DF00081EE081B21EE021B9FED992BB7EEC11BD4
:109E0000B7EEC11A31EE021BB7EEC10B87ED960A11
:109E100087ED1E0A87ED3C0A00F052FCBBF90600F4
:109E20004FF0000ABBF90410C4F8DCAC00EE100AD5
:109E300094F82B0D02EE101A9FED8B1BB8EEC00BA1
:109E4000B8EEC22B80EE010B82EE081BB7EEC00B02
:109E5000B7EEC11B30EE000A87ED8E0A31EE011A13
:109E600087ED8F1A40B99BF80F00012804D101201B
:109E700084F81C0D84F82B0D204600F0E9FA2046EA
:109E800000F0C2FC97ED8F0A40F6306B97ED911A07
:109E9000C2F2004B31EE401A97EDA13A86ED070A67
:109EA00097ED902A85ED070A9FED718A21EE030A4E
:109EB00086ED082A85ED082A9BED1C1A87ED920A8B
:109EC000D7F85002D8E905129BED042A21EE081AB2
:109ED0007060D8F82000C6E90501D8F86800706203
:109EE000D8E93E012961D8F80411C5E90510D8F870
:109EF0004C016862304686ED000A86ED021A86ED56
:109F0000032A3261D7F8542285ED000A6A6085ED94
:109F1000021A85ED032A00F05BFD284600F058FD8B
:109F200004F54460D7F83812C7F8E011DBF81810D0
:109F3000C7F8E41100F04CFEB3EE040A98ED1A1ACB
:109F400098ED532A9FED4B3A97ED004A04F6C8303E
:109F5000B4EE410A97ED831AF1EE10FAB4EE420A1C
:109F60009FED450A33FE013A98ED002AF1EE10FA12
:109F7000C7F868A130FE010A99ED001A31EE431AC4
:109F800087ED8A1A98ED391A34EE000A87ED8B0AAC
:109F900032EE410A87ED5B0A00F01AFE94F81C0DC0
:109FA00099ED010A97ED011A97ED652A30EE020A44
:109FB00031EE421A87ED8C0A87ED8D1A18B12046D2
:109FC00000F0D6F92BE0D8F81400F867D8F8F800BC
:109FD000C7F8F4009BED1B0A9FED281A20EE010A3A
:109FE00004F6D82004F5356520EE080A87ED890AC5
:109FF00000F0EEFD9FED228A97ED891A30EE080AF7
:10A00000284630EE410A87ED870A00F0E1FD30EE88
:10A01000080A97ED891A30EE010A87ED880AD7E918
:10A020008701D7E98C23C8E9140204F5966004F28D
:10A030009455C8E94D1301F0AFF9284601F0ACF989
:10A040002046BDEC028B01B0BDE8F04F00F01CB81B
:10A050000000000000A08440B81E85EB51B8AE3F60
:10A060007B14AE47E17AC43F0000000000A094409A
:10A0700035FA8E3C00000000000000800000C8425D
:10A08000CBA169420000000070B52DED088B00F1F6
:10A09000F00504462846FFF7CBFDB7EEC00A9FED5A
:10A0A000468BB4EE480BF1EE10FA58DA2846FFF76B
:10A0B000BFFDB7EEC00A9FED429BB4EE490BF1EE37
:10A0C00010FA4CDD04F5F0763046FFF7B1FDB7EE3F
:10A0D000C00A9FED3DABB4EE4A0BF1EE10FA3EDA4A
:10A0E0003046FFF7A5FDB7EEC00A9FED39BBB4EED1
:10A0F0004B0BF1EE10FA32DD04F534763046FFF703
:10A1000097FDB7EEC00AB4EE4A0BF1EE10FA26DA6C
:10A110003046FFF78DFDB7EEC00AB4EE4B0BF1EE03
:10A1200010FA1CDD04F570763046FFF781FDB7EEBE
:10A13000C00AB4EE480BF1EE10FA10DA3046FFF721
:10A1400077FDB7EEC00AB4EE490BF1EE10FA06DD6A
:10A150002046BDEC088BBDE8704000F041B89FED93
:10A160001E8A2846B0EE480AFFF7FEFDB0EE480A08
:10A1700004F53470FFF7F8FDB0EE480A04F5F0700E
:10A18000FFF7F2FDB0EE480A04F57070FFF7ECFD42
:10A1900040F21C0040F6B864C2F20040C2F2004433
:10A1A0000025C069E560E56780472583A4F88850ED
:10A1B000BDEC088B70BD00BF333333333333FB3F0B
:10A1C000333333333333C3BF333333333333C33FA7
:10A1D000333333333333FBBF000000000000000093
:10A1E00070B500F2FC46044600F6C445F03096ED2A
:10A1F000010AFFF7B9FD04F5F07096ED000AFFF7CC
:10A20000B3FD96ED3A0A04F53470B1EE400AFFF75B
:10A21000ABFD96ED390A04F57070B1EE400AFFF718
:10A22000A3FD40F6B860D4F8C41CC2F20040C1607F
:10A2300040F21C0195ED010AC2F20041B1EE400A64
:10A24000C96980ED1F0ABDE87040084700000000A2
:10A25000F0B581B0044600F5CF6002210022022350
:10A260000025FEF7E5FF04F2AC7002210022022374
:10A27000FEF7DEFF04F50E60022100220223FEF746
:10A28000D7FFD4F8781741F26F2C4FF07E50C3F609
:10A29000832CC1E9000CC1E90250D4F88C170023CB
:10A2A00040F2000EC4F2C813C1E90035C4F2FA4E00
:10A2B0000026C1E9025ED4F890174DF20A72C4F28A
:10A2C0004846C3F62342C1E90065C1E90252D4F809
:10A2D000707745F20001C4F2C371C7E90015C7E900
:10A2E0000251D4F88477C7E90005C7E90250D4F8D1
:10A2F000AC78C7E9000CC7E90250D4F8C078C7E9C8
:10A300000035C7E9025ED4F8C478C7E90065C7E93B
:10A310000252D4F8A478C7E90015C7E90251D4F86D
:10A32000B878C7E90005C7E90250D4F8E079C7E971
:10A33000000CC7E90250D4F8F479C7E90035C7E941
:10A34000025ED4F8F839C3E90065C3E90252D4F8D3
:10A35000D829C2E90015C2E90251D4F8EC19C1E9C3
:10A360000005C1E9025001B0F0BD0000000000008E
:10A37000B0B52DED048B044690F81C0D04F6B845DD
:10A3800070B194F81D0D58B9F9F7C6FC00EE100A2B
:10A390009FED2B1AB8EE400A80EE010A85ED150AF2
:10A3A000F9F7BAFC00EE100A9FED259A95ED151A03
:10A3B0009FED248AB8EE400A80EE090A85ED160A60
:10A3C00030EE411AB0EEC11AB4EE481AF1EE10FAAE
:10A3D00004DC0020C4F29630C5E90000F9F79CFCCB
:10A3E00000EE100A9FED191AB8EE400A80EE093A05
:10A3F00095ED150A85ED163A33EE402A9FED120AC7
:10A4000032EE000AB4EE410AF1EE10FA09DCB4EEC5
:10A41000482AF1EE10FAC2BF0020CCF29630C5E90E
:10A420000000B4EE410AF1EE10FA02DD002084F8DB
:10A430001C0D94F81C0D84F81D0DBDEC048BB0BDF3
:10A4400000007A44CDCCCC3DCDCCCCBD9A99193E00
:10A450002DE9F0412DED0E8B804600F5966440F617
:10A4600030609FED441AC2F2004008F2945508F59E
:10A47000F07790ED1C0A20EE010A90ED0F1A384695
:10A4800084ED000A84ED121A85ED000A85ED121A9A
:10A49000FFF7CEFB9FED38BA384630EE0BCAFFF718
:10A4A000D7FB08F1F006B0EE408A3046FFF7C0FB5C
:10A4B0009FED32DA304630EE0DEAFFF7C9FB384641
:10A4C000B0EE409AFFF700FB3046B0EE40AAFFF72F
:10A4D000FBFA08F5707684ED02CA304684ED03EA93
:10A4E00084ED048A84ED059A84ED17AA84ED180A98
:10A4F000FFF79EFB30463BEE408AFFF7A9FB08F5CD
:10A500003477B1EE409A3846FFF792FB38463DEE7D
:10A5100040AAFFF79DFB3046B1EE40BAFFF7D4FAF0
:10A520003846B1EE40CAFFF7CFFAB1EE400A2046F6
:10A5300085ED028A85ED03AA85ED049A85ED05BABD
:10A5400085ED17CA85ED180A00F0F6FC284600F0E4
:10A55000F3FC204600F03CFF284600F039FF20467F
:10A5600000F096FC2846BDEC0E8BBDE8F04100F0F3
:10A570008FBC00BF35FA8E3CE09C7940EE5A42BF5A
:10A5800080B5002341F26F2240F2000CC4F2A01308
:10A59000C0F8E03AC3F68322C0F8E82AC4F27A3C55
:10A5A000C0F8583B0023C0F8602B40F2000EC0F802
:10A5B000D82B46F26662C0F8D8CAC4F2A003C0F82D
:10A5C00050CB40F2000CC0F8C83B4CF6CD43C3F66C
:10A5D000A672C0F8402C4CF28F220021C0F8DC1A81
:10A5E000C4F2483EC0F8E4EAC3F6CC53C0F8541BAA
:10A5F000C4F2201CC0F85CEBC3F6F552C0F8CC1BCB
:10A60000C0F8D03BC0F8D4CBC0F8441CC0F8482CEC
:10A610004FF08242C0F84C2CC0F8501C80BD0000A6
:10A62000B0B5044640F6B86040F21C05C2F20040E6
:10A63000C2F200450121017780F88C10286880471C
:10A640006869804740F23C00C2F20040C068804721
:10A6500041F2187504F1F000C2F200459FED130AB3
:10A6600002220A232946FFF723FA04F5F0709FED32
:10A67000100A01220A232946FFF71AFA41F2AC75A3
:10A6800004F53470C2F200459FED0A0A02220A2343
:10A690002946FFF70DFA04F570709FED070A0022B6
:10A6A0000A232946BDE8B040FFF702BA5530F23F11
:10A6B000AF94974024B9FC3D8CB985400000000060
:10A6C000B0B541F29C1040F6A875C2F20040C2F24B
:10A6D0000045817B79B3012918BFB0BDB0F90A10DC
:10A6E000B0F90C009FED442B00EE101A41F29411CA
:10A6F000C2F2004191ED001AB8EEC00BB7EEC11ADC
:10A70000A0EE021B00EE100A012085F82700B7EE2C
:10A71000C11BB8EEC00A81ED001A30EE010A9FEDB0
:10A72000391A85ED050AB4EE410AF1EE10FA23DD7F
:10A730009FED331A25E0B0F90A00002185F82710B3
:10A7400000EB400000EE100A41F29810C2F2004007
:10A75000B8EEC00A90ED001A31EE400A9FED291ABA
:10A7600080ED000A85ED050AB4EE410AF1EE10FA1B
:10A7700011DD9FED231A13E0B5EE400AF1EE10FA59
:10A7800003DA30EE010A85ED050A2888D5ED050AC1
:10A7900005F178040DE0B5EE400AF1EE10FA03DAA7
:10A7A00030EE010A85ED050A2888D5ED050A05F188
:10A7B000280400EE100A41F27000C2F20040B8EE28
:10A7C000400A90ED0C1A31EE000A2046FDF7DCFA43
:10A7D00095ED011AF0EE400AB8EEC11A85ED040AB3
:10A7E0002046B0EE410AFDF7CFFABDEEC00A10EEEA
:10A7F000100A2884B0BD00BFFA7E6ABC749378BF8B
:10A80000000000C600000046F0B581B02DED068BBB
:10A8100040F6B8619FED6A1AC2F200419FED692AC5
:10A8200000F5996740F6306591ED040AC2F20045E3
:10A8300080EE010A91ED201A81EE021A97ED073A97
:10A84000B7EEC32A95ED044A30EE000A00F54E66D5
:10A8500031EE011A04469FED583BB7EEC00AB7EE41
:10A86000C44AA0EE032BB7EEC10A97ED401AB7EE2B
:10A87000C11AA0EE031B97ED033A32EE440B97ED9D
:10A88000002A31EE441B22EE039AB7EEC08B97EDFF
:10A89000010A86ED098AB7EEC11B86ED0A1A00F09F
:10A8A0001FFF29EE009A9FED48AA97ED010AA8EE36
:10A8B0000A9A97ED088A01F077FAA8EE009A97EDC8
:10A8C000390A97ED3C1A20EE018A97ED010A86EDD0
:10A8D000079A96ED0A9A00F003FF28EE008A97ED9A
:10A8E0003A0AA9EE0A8A97ED419A01F05DFAA9EEBB
:10A8F000008A96ED070AB6EE001AB3EE042A9FED21
:10A90000333AD4F87C1686ED088AD4F8782704F513
:10A91000CF6038EE000A20EE010A97ED4E1AB4EE31
:10A92000412A97ED151AF1EE10FAB4EE412A33FEE2
:10A93000003AF1EE10FA33FE000A86ED060A81EDC8
:10A94000000AAB6B4B60D4F8201D5160FEF7A0FEEF
:10A95000D4F86007F369D4F8B0170268C4F8E02CA3
:10A96000D4F8AC284068C4F8E80C04F2AC700B6072
:10A97000AB6B4B60D4F8201D5160FEF789FED4F814
:10A980009408D4F8E029D4F8E418336A0068C4F8CD
:10A99000EC0C0B6004F50E60AB6B4B60D4F8201D23
:10A9A0005160FEF775FED4F8C8090068C4F8F00CD1
:10A9B000BDEC068B01B0F0BD6E861BF0F92109409D
:10A9C00000007042000070C2355EBA3D0000000019
:10A9D000B2EE042A90ED061A21EE010A90ED093A32
:10A9E000B4EE423AF1EE10FA40F38C8090ED004A5A
:10A9F00090ED015A90ED086A90ED077A90ED042AE7
:10AA000090ED053A36EE444A90ED026A37EE455A2B
:10AA100090ED037AB1EE422A4EF2C86CB1EE433AA1
:10AA200000F14401B1EE466A0022B1EE477AC0F669
:10AA3000000C00BF0CEB02034832902AD3ED010A50
:10AA4000D3ED001A61EE200AE1EE800AD3ED021A7E
:10AA500071EEA00AD3ED031A60EE820A41ED050AF9
:10AA6000D3ED040A61EE200AE1EE800AD3ED051A67
:10AA700071EEA00A60EE830A41ED040AD3ED070AE5
:10AA8000D3ED061A61EE200AE1EE800AD3ED081A32
:10AA900071EEA00A60EE840A41ED030AD3ED0A0AC2
:10AAA000D3ED091A61EE200AE1EE800AD3ED0B1A0C
:10AAB00071EEA00A60EE850A41ED020AD3ED0D0A9F
:10AAC000D3ED0C1A61EE200AE1EE800AD3ED0E1AE6
:10AAD00071EEA00A60EE860A41ED010AD3ED100A7C
:10AAE000D3ED0F1A61EE200AE1EE800AD3ED111AC0
:10AAF00071EEA00A60EE870AC1ED000A01F11801AB
:10AB000098D133E0B4EE423AF1EE10FA2EDC9FED2C
:10AB1000292A002121EE022A9FED293A21EE031A6B
:10AB20009FED254A9FED273A0163A0EE042A416379
:10AB3000A0EE031A9FED210A90ED053A8163C163EF
:10AB4000C0E9101132EE000A9FED1F2A31EE021A01
:10AB500090ED042AC0E9141120EE020A816521EE6D
:10AB6000031AC16580ED120A80ED131A0021242218
:10AB700043181831302993ED0C0A93ED0D1A30EE7D
:10AB8000010A93ED0E1A30EE010A93ED0F1A30EE22
:10AB9000010A93ED101A30EE010A93ED111A00EB41
:10ABA000020302F1040230EE010A83ED010ADFD153
:10ABB000704700BF1B6F10C3EE549A436A5E14C205
:10ABC0000F9CC5C00AD71942E5D062C10000000041
:10ABD00010B5044690F91400B0F1FF3F3BDC94ED52
:10ABE000030A94ED1A1A9FEDA52AB0EEC11A20EEC1
:10ABF000020AB4EE401AF1EE10FA2CDB94ED0F0AC3
:10AC00009FED9F2AB0EEC01AB4EE421AF1EE10FA90
:10AC100021DB94ED101A002230EE411AD4E906101F
:10AC2000013181EE000A40F100009FED961AB0EE6E
:10AC3000C00AB4EE410AF1EE10FADCBF114610462C
:10AC400040F2F5128A1A70F10002C4E9061002D32C
:10AC5000012084F8200004F17000F6F74DF994ED1E
:10AC60000F2A94ED101A32EE412A94ED043A84ED45
:10AC70001D0A84ED122AB0EEC25AB4EE435AF1EE28
:10AC800010FA46DD94ED016A94ED024A22EE063A8E
:10AC900094ED137A72EE470A207D20EE033A4107C5
:10ACA00084ED183A94ED003A64EE200A22EE033A5D
:10ACB00084ED143AC0EE800AC4ED160A0BD532EECC
:10ACC000077AF6EE000A27EE207A26EE076A20EED3
:10ACD000066A84ED186A81062BD594ED156A22EE7A
:10ACE000066AB5EE406AF1EE10FA22DD94ED0C6AC8
:10ACF000B4EE465AF1EE10FA1BDD94ED0B7A76EEC7
:10AD0000070AB4EE605AF1EE10FA06DD9FED5E5AC6
:10AD10000DE00020A0662066A2E037EE455A36EE30
:10AD2000055A94ED186A85EE075A25EE065A84ED09
:10AD3000185A810704D441060ED4C10722D155E028
:10AD400094ED115A35EE415A24EE054A84EE004A3C
:10AD500084ED164A4106F0D594ED164A94ED176A33
:10AD600094ED0E5A20EE044A30EE057A25EE065A8E
:10AD700084EE074A85EE075A34EE054A84ED164AFA
:10AD8000C10733D094ED155A94ED166A33EE054A97
:10AD900094ED037A34EE064AB0EEC46A94ED184A94
:10ADA00035EE044AB4EE476AF1EE10FA08DD22EE01
:10ADB000055AB5EE405AF1EE10FAC4BF00212166E3
:10ADC00094ED0A5AB4EE454AF1EE10FA03DD002183
:10ADD000216684ED155AB1EE455AB4EE454AF1EEBE
:10ADE00010FA03DA0021216684ED155A94ED154A14
:10ADF00094ED185A35EE044A94ED165AC00684EDC7
:10AE0000154A33EE043A33EE053A84ED1A3A11D579
:10AE100094ED0D4A20EE033A94ED1B5A30EE040AED
:10AE200024EE054A83EE003A84EE000A33EE000A6F
:10AE300084ED1A0A94ED030A94ED1A3AB4EE403AFE
:10AE4000F1EE10FAC8BF84ED1A0AB1EE400A94ED93
:10AE50001A3AB4EE403AF1EE10FA01DA84ED1A0A29
:10AE600094ED1A0A84ED111A84ED132AA06D84ED75
:10AE70001B0AE065206E606610BD00BF6F12833A4A
:10AE800017B7D1383333733F0000000000000000D3
:10AE900010B52DED068B90ED180A90ED371A90ED58
:10AEA000382A21EE009A20EE021A90ED170A90ED52
:10AEB000352A90ED363AA2EE009A0446A3EE001A27
:10AEC00090ED070A80ED199A80ED1A1A00F008FC3F
:10AED000B0EE408A94ED070A94ED1AAA00F064FFE0
:10AEE0002AEE000A94ED061A9FED112A80EE010A5F
:10AEF00094ED0F1A31EE021A9FED0E2AA9EE080A00
:10AF000084ED230AA1EE020A9FED071BB7EEC00AEB
:10AF100030EE010BB7EEC00B84ED1B0ABDEC068BC7
:10AF200010BD00BF00BF00BF6766662C310822401D
:10AF3000CDCC1C41295CCF3F10B52DED108B90ED91
:10AF4000020A044600F0CCFB9FEDFDAA20EE0A0A9F
:10AF500084ED1D0A84ED240A94ED020A00F024FF1A
:10AF600020EE0A0A84ED1E0A84ED250A94ED030AF8
:10AF700000F0B6FBB0EE4A1AA0EE0A1A94ED030AEE
:10AF800084ED211A84ED281A00F00EFF20EE0A2A23
:10AF900094ED1E0A94ED1D1A9FEDF9DA94ED213A15
:10AFA00084ED222A32EE400A84ED292A33EE411A3A
:10AFB00020EE003A20EE0D8A21EE0D4A84ED2F8A14
:10AFC00001EE013A84ED2E4A28EE080A04EE040A46
:10AFD00084ED303A03EE430AB1EEC01AB4EE411AE2
:10AFE000F1EE10FA80F1AE8138EE010A94ED2E1ADE
:10AFF00094ED302A71EE020A02F01CFF30EE000AD6
:10B0000094ED1D8A84ED2C0A00F06AFB9FEDDDCAE9
:10B01000A0EE0C8A94ED2C0A84ED1F8A84ED268A1A
:10B0200094ED1E8A00F0C0FEA0EE0C8A94ED1F0A7B
:10B030009FEDD5BA70EE0B0A84ED208A84ED278A45
:10B04000B0EE480A02F0F6FE94ED1F1A94ED202AA5
:10B0500031EE0B1A84ED010A22EE022A01EE012ADA
:10B06000B1EEC21AB4EE411AF1EE10FA80F16F811E
:10B0700094ED1F2A94ED200A94ED223A94ED214A92
:10B0800030EE430A84ED061A72EE440A02F0D2FE54
:10B0900094ED011A94ED002AB7EEC11A84ED2D0A41
:10B0A0009FEDB3EBB7EEC22AD4ED068A31EE0E1B4C
:10B0B00031EE421BB7EEC10B84ED070A00F010FB26
:10B0C00094ED028A9FEDB1FA94ED041A28EE800AFD
:10B0D000A1EE0F8A84ED080A94ED039A94ED051A07
:10B0E000A1EE0F9AB0EE480A00F0FAFA20EE0A0A32
:10B0F00084ED1D0AB0EE480A00F056FE20EE0A0A62
:10B1000084ED1E0AB0EE490A00F0EAFAB0EE4A1ADF
:10B11000A0EE0A1AB0EE490A84ED211A00F044FEAE
:10B1200020EE0A2A94ED1E0A94ED1D1A84ED222ABF
:10B1300094ED213A32EE400A33EE411A20EE003A05
:10B1400020EE0D8A21EE0D4A84ED2F8A01EE013AA0
:10B1500084ED2E4A28EE080A04EE040A84ED303A03
:10B1600003EE430AB1EEC01AB4EE411AF1EE10FA42
:10B1700080F1F48038EE010A94ED2E1A94ED302A15
:10B1800071EE020A02F056FE30EE008A94ED1D9A2E
:10B19000B0EE480A00F0A4FAA0EE0C9AB0EE480A0D
:10B1A00084ED1F9A94ED1E9A00F0FEFDA0EE0C9A1D
:10B1B00094ED1F0A70EE0B0A84ED209AB0EE490A56
:10B1C00002F038FE94ED1F1A94ED202A31EE0B3A6E
:10B1D00022EE021A94ED2C2A38EE422AB0EE408A72
:10B1E00003EE031A94ED013A30EE433A82EE0F2A51
:10B1F00084ED0D2A83EE0F3A84ED113AB1EEC10AC7
:10B20000B4EE400AF1EE10FA80F1AD80B7EEC81A44
:10B2100094ED002AB7EEC22A94ED064A30EE440AB5
:10B2200031EE0E3B94ED071A80EE0F9A33EE422B6F
:10B23000B7EEC13A84ED0E9A32EE432B9FED4E3BB2
:10B2400082EE032BB7EEC20B84ED090AB0EE410A81
:10B2500000F046FAB0EE408A94ED070A94ED06AA93
:10B2600000F0A2FD94ED0E1A94ED2B2A2AEE400A6E
:10B270009FED485A31EE421A94ED092A94ED0B6A7B
:10B2800020EE023A31EE010A9FED411AA9EE083A8A
:10B2900094ED129A80EE014A94ED2A0A32EE400AA9
:10B2A00094ED102A22EE052A84ED0A3A26EE055A7C
:10B2B00030EE000A82EE012A80EE016A94ED070A60
:10B2C00085EE011A34EE028A84ED108A36EE011AF8
:10B2D00084ED0B1A00F004FAA8EE409A94ED0E0AE1
:10B2E00030EE000A94ED091A20EE018A94ED070A67
:10B2F00000F05AFDA8EE009A94ED060A94ED0B1AA0
:10B3000020EE018A94ED070A00F04EFDA8EE009AA7
:10B3100094ED090A20EE000A94ED061A21EE008A47
:10B3200094ED070A00F0DCF9A8EE009A606AA16BC0
:10B33000C4E92A0184ED0F9ABDEC108B10BD00BF4B
:10B340009A99193E03F03CF8B0EE401A4CE6B0EE84
:10B35000420A03F035F8B0EE401A89E603F030F8FF
:10B36000B0EE401A06E7B0EE410A03F029F84DE7C7
:10B3700000000060FB21F9BF000000E04D62503F7B
:10B38000713D0A3F713D8A3E9A9999BD6F12833A89
:10B390000BD7233C6F12033C90ED330A90ED161A45
:10B3A00090ED342A20EE010A21EE021A90ED312AA6
:10B3B00090ED153A90ED324AA2EE030AA4EE031A7C
:10B3C00080ED130A80ED141A7047000000000000A1
:10B3D00010B52DED0A8B90ED010A90ED2C1A30EE90
:10B3E000410A044602F07CFEB1EE408A94ED020A66
:10B3F00094ED2C1A30EE410A02F01AFF9FEDAC9A40
:10B4000094ED2C2A20EE091A94ED010A30EE420A3E
:10B4100088EE011A94ED068A84ED351A02F008FFD1
:10B4200028EE008A94ED020A94ED2C1A30EE410ABF
:10B4300002F0FEFE20EE091A94ED010A94ED2D2A89
:10B4400030EE420A88EE011A84ED361A02F048FE08
:10B4500094ED031AB0EE408A94ED2D2A32EE411A93
:10B46000B0EE410A02F0E4FE20EE091A94ED010A62
:10B4700094ED2D2A30EE420A88EE011A94ED068AE8
:10B4800084ED371A02F0D4FE28EE408A94ED030AC8
:10B4900094ED2D1A31EE400A02F0CAFE94ED011A25
:10B4A00094ED022A31EE021A94ED2C2A31EE421A62
:10B4B00020EE092A94ED2D0A31EE400A88EE021A98
:10B4C00084ED381A00F00CF994ED011A94ED022A7B
:10B4D00031EE421A94ED2C2AB7EEC0AA94ED2D0A53
:10B4E00031EE021A31EE400A00F0FAF8BEEE008B9F
:10B4F000B7EEC00A94ED2D1AB6EE009B20EE080BB5
:10B50000AAEE090B9FED66AB20EE0ABB94ED2C0A68
:10B5100030EE410A00F048FC94ED011A94ED2C2A1B
:10B5200031EE421A94ED2D2AB7EEC00A31EE021A1E
:10B530008BEE002B94ED030A31EE400AB7EEC21BEE
:10B5400084ED311A00F0CCF894ED011A94ED2C2A18
:10B5500031EE421A94ED2D2AB7EEC0BA94ED030AEB
:10B5600031EE421A31EE000A00F0BAF8B7EEC00A26
:10B5700094ED2D1A20EE080BABEE090B20EE0AAB72
:10B5800094ED2C0A30EE410A00F00EFC94ED011A05
:10B5900094ED022A31EE021A94ED2C2AB7EEC00A7D
:10B5A00031EE421A8AEE002B94ED2D0A31EE400A5C
:10B5B000B7EEC21B84ED321A00F0F6FB94ED011ACF
:10B5C00094ED022A31EE421A94ED2C2AB7EEC0AA6D
:10B5D00094ED2D0A31EE021A31EE400A00F0E4FB40
:10B5E000B7EEC00A94ED2D1A94ED06CA20EE080BB2
:10B5F000AAEE090B9FED2CAB20EE0ABB94ED2C0AB2
:10B6000030EE410A00F0D0FB2CEE000A94ED011A56
:10B6100094ED2C2A31EE421A94ED2D2AB7EEC00A91
:10B6200031EE021A8BEE002B94ED030A31EE400A44
:10B63000B7EEC21B84ED331A00F0B6FB94ED011A8D
:10B6400094ED2C2A31EE421A94ED2D2AB7EEC0BAB1
:10B6500094ED030A31EE421A31EE000A00F0A4FB29
:10B66000B7EEC00A94ED2D1A20EE080BABEE090BD5
:10B6700094ED069A20EE0A8B94ED2C0A30EE410AE6
:10B6800000F092FB29EE000AB7EEC00A88EE000B2C
:10B69000B7EEC00B84ED340ABDEC0A8B10BD00BFC1
:10B6A000000000403333C33F000000403333C3BFCA
:10B6B0009A99193E00000000B4EE600AF1EE10FA0B
:10B6C00002DDB0EE600A7047B1EE601AB4EE401AC7
:10B6D000F1EE10FAD8BF7047B0EE410A7047000093
:10B6E0009FED201AB5EE002A00EE012A9FED1E1AEA
:10B6F000BDEEC20AB5EEC02AF1EE10FA10EE100A45
:10B70000B8BF013800EE100A0020B8EEC00A32EED1
:10B71000400A9FED162A20EE010ABCEEC01A11EE77
:10B72000101A30EE021AB0EB512F18BF002102EEB2
:10B73000101A4EF29C7000FE010AC0F60000B8EE2E
:10B74000422A00EB810090ED011A30EE420AB7EE7A
:10B75000002A32EE402A20EE010A90ED001A02EE95
:10B76000010A704783F9223E00000044000000C433
:10B77000B0B503880D88AB4256D145884C88A542A8
:10B7800052D11488A3424FD15488A5424CD105FB15
:10B7900003FC436800254968B5EB9C0F506831D025
:10B7A0004FEA9C02524200BF93ED000A91ED001A4D
:10B7B00030EE010A03F1100E01F1100400F1100542
:10B7C00080ED000A013293ED010A91ED011A30EE8D
:10B7D000010A80ED010A93ED020A91ED021A30EEA2
:10B7E000010A80ED020A93ED030A91ED031A30EE8F
:10B7F000010A7346214680ED030A2846D4D121462A
:10B80000284673461CF003020CD05242B3EC010AE6
:10B81000B1EC011A30EE010A051D013280ED000A7B
:10B820002846F3D1002000E0FD2040B2B0BD0180E9
:10B8300042804360704700002DE9F04F8BB0B0F8B4
:10B8400000B0B0F802E0F34540F051810B88FD22D2
:10B850009B4540F04D814F88BB4240F04981BBF190
:10B86000000F436800F029816FF003004C6800EB83
:10B870008B08CDF81CE0002700934FF07E5906940A
:10B880005E462046BBEB060009D0B9002046F4F71F
:10B89000FFFE00200130874204F10404FAD104F1D4
:10B8A000040AC4F80090751E10D0A8EB870150461A
:10B8B000F4F7EEFE012054460130864204F1040400
:10B8C000FAD1002D07F101072E46DBD1BBF1000FA5
:10B8D000009BDDF81CE000F0F0800420CDF814B0EF
:10B8E00000EB8E0001901846ABF1010603EB8E04CD
:10B8F0004FEA8E021D1DCEF10001002308919FED3D
:10B90000800A7746814600BF5B4580F0F58003FBE7
:10B910000EF0B0EE403A09EB80010A9191ED001A69
:10B920000699B0EE414A01EB80000990214630466D
:10B9300006E000BF91ED004A0138B0EE423A1144F2
:10B94000B5EEC04AF1EE10FA0ADDB4EEC34AB0EE2D
:10B95000442AF1EE10FAD8BFB0EE432A09E000BF46
:10B96000B1EE442AB4EEC23AF1EE10FA01DBB0EEC9
:10B97000432A0028DED1B5EE402AF1EE10FA00F09D
:10B98000BB80B0EEC13AB4EE423AF1EE10FA1CBF01
:10B99000D84310EB0B0004D0002000BF01308642DA
:10B9A000FCD1B5EE401AF1EE10FA00F0A580CDE919
:10B9B0000346AEEB030C0A99BCF1010F4FF07E5029
:10B9C00008600AD00120294691ED002A82EE012A62
:10B9D00001308742A1EC012AF6D1DDE9080100BF60
:10B9E00091ED002A82EE012A0C1D013081ED002A22
:10B9F0002146F5D1ACF1010B05994FF00008DDF8B7
:10BA000018A04846CDF80890984505D100EB8C0663
:10BA10000AEB8E0A33E000BF90ED001A0A9CB0EEEC
:10BA2000413ABBF1000F94ED002A01EE423A00F1D9
:10BA3000040680ED003A15D00120002406EB04092D
:10BA400005EB040E99ED002A9EED003A01EE432A23
:10BA50000130874204F1040489ED002AEED1264426
:10BA6000DDF81CE0DDE908049AED002A94ED003AC7
:10BA700001EE432A04340130AAEC012AF4D106EB8A
:10BA80008300013908F10108BED1DDF80890013FBB
:10BA9000049E09F10409039C03F101030198A6F136
:10BAA00001060444DDF814B005447FF42DAFB5EE73
:10BAB000401A009BF1EE10FA20D10EFB0BF1002092
:10BAC00000294FF000020BD093ED000AB5EE400ABA
:10BAD000F1EE10FA04D101328A4203F10403F3D3E8
:10BAE0008A4208BF6FF004000BB0BDE8F08FFD2262
:10BAF00050B20BB0BDE8F08FFB22F9E70022F7E768
:10BB0000000000002DE9F04F88B0B0F802C00B88AB
:10BB10009C4540F08880B0F800E013889E4540F0D6
:10BB20008280B1F80290538899457CD14FEA9C04F9
:10BB3000476804FB09F049680CF00305029101EB2A
:10BB40000010019000202CF00303A0EB9C0107EBF8
:10BB5000830607914FEA89035168C5F1000A0091F5
:10BB60009FED330ACDE9039CCDE9050E0099CE4641
:10BB700001EB8008DDE901BC002CB0EE401AE14683
:10BB8000384627D0624607993846B0EE401A00BFC3
:10BB900092ED002A90ED003A03EE021A1A4490ED5D
:10BBA000014A92ED002A04EE021A1A4490ED025A5C
:10BBB00092ED002A05EE021A1A4490ED036A92ED06
:10BBC000002A06EE021A013100F110001A44DFD1FA
:10BBD000D946304655B1514690ED002A99ED003ACC
:10BBE00002EE031A043001319944F5D108F1040042
:10BBF00088ED001ABEF1010E0CF1040C0BF1040BE0
:10BC00008046B9D1DDF80C900598DDF810C04844A5
:10BC1000DDF818E007EB8C07BEF1010E06EB8C0691
:10BC2000A2D1002000E0FD2040B208B0BDE8F08FB6
:10BC300000000000B0B503880D88AB4256D145889E
:10BC40004C88A54252D11488A3424FD15488A542B2
:10BC50004CD105FB03FC436800254968B5EB9C0FFC
:10BC6000506831D04FEA9C02524200BF93ED000A67
:10BC700091ED001A30EE410A03F1100E01F11004AB
:10BC800000F1100580ED000A013293ED010A91EDFB
:10BC9000011A30EE410A80ED010A93ED020A91ED9E
:10BCA000021A30EE410A80ED020A93ED030A91ED8B
:10BCB000031A30EE410A7346214680ED030A2846F6
:10BCC000D4D12146284673461CF003020CD05242C0
:10BCD000B3EC010AB1EC011A30EE410A051D013244
:10BCE00080ED000A2846F3D1002000E0FD2040B29C
:10BCF000B0BD00002DE9F04F83B002884B889A4216
:10BD00004DD144880B889C4249D10023D1F804804E
:10BD10004FEA940C416804F0030ECDF80080A3EBC9
:10BD200094040294140196000194CEF1000B404655
:10BD3000BCF1000F1ED04746029C00BF08683D467C
:10BD400038603744486807EB0609A85101F1100034
:10BD5000D1F808A0013447F806A009EB0607C96826
:10BD6000374449F806100146E8D101996C1801469C
:10BD700003E000BF009800EB8304BEF1000F07D082
:10BD80005D4600BF51F8040B013520603444F9D101
:10BD90000133013A08F10408CAD1002000E0FD2077
:10BDA00040B203B0BDE8F08F9FED1F1A20EE010AEC
:10BDB0009FED1F2ABDEEC01AB5EEC00AF1EE10FAD3
:10BDC00011EE100AB8BF013801EE100A0020B8EEDB
:10BDD000C11A30EE410A9FED151A20EE010ABCEEA1
:10BDE000C01A11EE101A30EE021AB0EB512F18BF24
:10BDF000002102EE101A4EF29C7000FE010AC0F6FD
:10BE00000000B8EE422A00EB810090ED011A30EEFE
:10BE1000420AB7EE002A32EE402A20EE010A90EDE7
:10BE2000001A02EE010A704783F9223E0000004426
:10BE3000000000C40000000040F6A8709FED132A27
:10BE4000C2F20040008800EE100A41F27000C2F217
:10BE5000004090ED0C1AB8EE400A81EE021A9FEDF8
:10BE60000C2A41F29C10C2F20040A1EE020AB6EE8A
:10BE7000001A9FED082A00EE012ABDEEC20A10EE5C
:10BE8000101A018019214180F4F79EBD0000B443CF
:10BE900000000046000000C5F0B589B041F2B8448A
:10BEA00001AEC2F200440027022003900120314677
:10BEB000CDE9040720460697CDE90177F7F794F816
:10BEC00041F258553146C2F200452846F7F78CF842
:10BED00002210222002320460097F7F7C9F8022129
:10BEE0000222002328460097F7F7C2F8012100221A
:10BEF0002046F7F705F8012100222846F7F700F859
:10BF00002046F7F7EDFD2846F7F7EAFD09B0F0BD4A
:10BF10002DE9F04F97B041F2B8410446C2F200411A
:10BF2000884256D10BAA41F2B84002F12803C2F26E
:10BF300000404021F7F7C0F80546002848D10B988B
:10BF4000A0F1970101291AD840F21C010DF1380E19
:10BF5000C2F200410DF1440B9EE8484089690A9104
:10BF6000CDE9006E0DF1080E1699DDE90CC29BE8D3
:10BF7000800F8EE8800F079161460A9FB8470B98A3
:10BF800040F20521884222D140F23C000DF14C0BD9
:10BF9000C2F200400CAB9BE8000F40680A90DDE95C
:10BFA0000F07CDE9000704A840F6A87C0ECB80E877
:10BFB000000740F205200A9FDDE9116EC2F2004C35
:10BFC000CDF820C0CDE9026ECDF81CB0B8470E9E6A
:10BFD000C5B341F25850C2F20040844201D000265D
:10BFE00030E00BAA402102F12803F7F765F8044678
:10BFF00028BB0B9940F20F1221F0100090421DD186
:10C000000DF1300A0DF1440E1698089041F29C1083
:10C010009AE80C04C2F20040DDE90F769EE8205059
:10C02000DDE91489CDE900A7CDE90265CDE904CEAB
:10C03000CDF81880CDF81C90F4F796FC0E9E002CDD
:10C0400018BF0026F0B217B0BDE8F08F0000000066
:10C0500080B58AB001914FF4002104910021CDE90F
:10C060000211CDE90511CDE90711099101A9F6F7F2
:10C0700083FF002818BF01200AB080BD0000000027
:10C08000F7F77AFEFCF77CF94FF0FF300021002231
:10C09000F7F722FFFBF75CFCFBF742FBFBF7D8FC52
:10C0A000FBF78AFBFBF7C4FBFBF7AAFDFBF7ECFDF4
:10C0B000FBF716FBFBF764FDFBF7FAFCB420F4F783
:10C0C000CFFF40F20000C2F200400068804700F05D
:10C0D0000BF800F029F8FBF7E7FB00F03DF800BF94
:10C0E000FEE700000000000010B540F26804C2F254
:10C0F00000442046FEF794FA2046FEF741FA204617
:10C10000BDE81040FEF7A4B8EFF3058100291CBF7D
:10C110006FF00500704720B180B500F0ADFE002043
:10C1200080BD002070470000EFF3058000281CBF91
:10C130006FF00500704740F6B060C2F20040016841
:10C1400000291CBF4FF0FF30704701210160002023
:10C15000704700000000000010B5EFF305800028D4
:10C160001CBF6FF0050010BD40F6B060C2F2004089
:10C17000016801290BD14EF61F510024CEF20001B7
:10C180000C700221016000F01FFF204610BD4FF02F
:10C19000FF3010BD0000000070B584B08E4600284E
:10C1A0004FF000010391EFF305814DD000294BD1F1
:10C1B00022B39369002B08BF1823382B1BD81179A1
:10C1C000C90718D1556994684FEA950C002D08BF2E
:10C1D0004FF0800C116844B1D6685C2E04D3166908
:10C1E000002E18BF002D20D10CB9D468C4B1002591
:10C1F000002455B91DE0002004B070BD01240021C9
:10C2000018234FF0800C00259DB1946812690294A8
:10C21000CDE900326246734601F03EFB039013E025
:10C220001469B4FA84F46409EDE700240125002DB3
:10C23000EBD14CB11FFA8CF203ACCDE9003473465C
:10C2400001F0BAFA012802D1039804B070BD0020B1
:10C25000E4E7000000000000F0B581B046F21822CB
:10C2600041F6C816C2F20042C2F2004604460D462C
:10C2700017683268101D00F07BFC601C0BD155B1B3
:10C280003068011D46F2F010C2F2004001B0BDE876
:10C29000F04000F0D5BC3068E41944600BD341F69F
:10C2A000D810C2F2004000683168043101B0BDE826
:10C2B000F04000F0A5BC41F6D010C2F2004000688A
:10C2C0003168043100F09CFC46F27C10C2F2004060
:10C2D00001688C4238BF046001B0F0BD000000006E
:10C2E0002DE9F047044600F0C7FC45F6502041F622
:10C2F000C817C2F20040C2F2004746F2E41A41F603
:10C30000E0160168C2F2004A013101603968C2F2E8
:10C31000004651B1DAF8000000283ED13868E16AE1
:10C32000C06A884298BF3C6037E03C6000680128E2
:10C3300033D10025701900F053FC1435B5F58C6F1E
:10C34000F8D146F24818C2F20048404600F048FCD6
:10C3500046F25C19C2F20049484600F041FC46F240
:10C360009010C2F2004000F03BFC46F20420C2F202
:10C37000004000F035FC46F2F010C2F2004000F040
:10C380002FFC41F6D010C2F20040C0F8008041F608
:10C39000D810C2F20040C0F8009045F65C20C2F20E
:10C3A0000040016801310160616445F66021C2F21C
:10C3B0000041E06A0A68904288BF086000EB800094
:10C3C000211D06EB800000F03BFC00F07DFCDAF85C
:10C3D000000088B13868E16AC06A884228BFBDE8B9
:10C3E000F0874EF604504FF08051CEF2000001600D
:10C3F000BFF34F8FBFF36F8FBDE8F08700000000E1
:10C4000070B582B000F038FC46F21C26C2F200463D
:10C41000306850BB46F21C14C2F20044204600F0C3
:10C42000DFFB46F23015C2F20045284600F0D8FB8B
:10C4300041F6CC1041F6D402C2F2004041F674132A
:10C44000C2F20042C2F20043046041F6DC10C2F2C4
:10C450000040102105600A200025009500F014FF1F
:10C46000306010B103A100F0CFFC02B0BDE8704015
:10C4700000F02ABC546D7251000000000000000062
:10C4800045F6542541F6E01A4EF6045846F20427C4
:10C4900045F65026C2F20045C2F2004ACEF200082C
:10C4A0004FF08059C2F20047C2F2004603E000BFDD
:10C4B000204600F021FC2868C8B100F0DDFBF868D8
:10C4C000C468201D00F054FB3068013830602868D3
:10C4D0000138286000F0F8FB94F859000228EAD0EF
:10C4E0000128E5D070B9206B00F006FCE0E7DAF82F
:10C4F00000000228DFD3C8F80090BFF34F8FBFF3CE
:10C500006F8FD8E74FF0500080F31188BFF36F8F23
:10C51000BFF34F8FFEE7000008480068006880F313
:10C5200008884FF0000080F3148862B661B6BFF34C
:10C530004F8FBFF36F8F00DF00BF000008ED00E0FA
:10C540002DE9F04F85B0824601F036FA41F6C41964
:10C550000546C2F20049D9F80010884249D241F696
:10C56000CC14C2F2004420680168002943D046F28E
:10C570001C2BC2F2004B08E07860206831463F6116
:10C5800000F03EFB20680168A9B3C068C768D0F816
:10C5900000803E1D304600F0EBFA396A3846884785
:10C5A00097F828004007EDD5B86940444045E3D8E6
:10C5B0008FB3DBF8000078B100200397CDE90108C4
:10C5C00001F0E6F9DBF800000022002301A900F0E9
:10C5D000CBFE0028D6D102E000200028D2D14FF0B7
:10C5E000500080F31188BFF36F8FBFF34F8F00BFF0
:10C5F000FEE7002007E041F6DC11C2F200410A68C4
:10C60000086001202260CAF800002846C9F80050DE
:10C6100005B0BDE8F08F4FF0500080F31188BFF3F4
:10C620006F8FBFF34F8F00BFFEE7000000000000D8
:10C6300081B00020009040F6A050C2F20040006897
:10C640004FF0500181F31188BFF36F8FBFF34F8F0D
:10C65000013001D0FEE700BF00980028FCD001B0F7
:10C6600070470000000000008AB041F6CC1A41F685
:10C67000DC1946F21C28C2F2004A02ACC2F20049A0
:10C68000C2F2004801AE00BFDAF8000007681FB12F
:10C69000C068D0F800B001E04FF0000B00F0E8FCFB
:10C6A0002046FFF74DFF029911B101F0D9FA7DE064
:10C6B0000546AFB15D4513D301F0D2FADAF80000B8
:10C6C000C068C76807F10409484600F051FA97F8B6
:10C6D0002800410707D400F0FE0087F8280012E088
:10C6E000B7B100221AE0B9693F6101EB0B00786035
:10C6F000A84229D95D4501D2584533D2DAF8000065
:10C70000494600F07DFA41F6DC19C2F2004945E0E5
:10C71000D9F800000068B0FA80F04209D8F80000AB
:10C72000ABEB050100F084FB01F09AFA00283DD143
:10C730004EF604504FF08051CEF200000160BFF37E
:10C740004F8FBFF36F8F31E0A5EB0B00884209D20A
:10C7500041F6DC124946C2F200429146106800F0F0
:10C760004FFA1BE0002F00F0C680D8F8000068B137
:10C7700000200897CDE9060B01F00AF9D8F800006F
:10C780000022002306A900F0EFFD00E0002041F6A2
:10C79000DC190028C2F2004900F0B780396A384637
:10C7A000884703E0D9F8000000F02AFAD8F8000022
:10C7B0000022214600F0E4FE00283FF465AF029815
:10C7C000B0F1FF3F03DCDDE90320059990470298B3
:10C7D0000028EBD4049F786910B1381D00F0C8F927
:10C7E0003046FFF7ADFE02990929DFD8DFE801F0F6
:10C7F0000505053B3E5405053B3E97F82810039A76
:10C80000BD693F6141F0010187F82810AB18394636
:10C81000834241F8043F04D9904238D2934203D274
:10C8200035E0801AA842BDD3396A3846884797F860
:10C8300028004007BAD5002F53D0D8F80000C0B365
:10C840000398B969002206920844CDE9070701F070
:10C850009FF8D8F800000022002306A900F084FD0C
:10C860000028A3D129E097F828001DE097F82810A8
:10C8700041F00102039987F82820B96139B30A18F9
:10C88000394682423F6141F8042F7FF68BAFDAF8D8
:10C89000000000F0B5F989E797F82800810703D474
:10C8A000384600F029FA81E700F0FE0087F82800FA
:10C8B0007CE7002000287FF479AF4FF0500080F330
:10C8C0001188BFF36F8FBFF34F8F00BFFEE74FF0AC
:10C8D000500080F31188BFF36F8FBFF34F8F00BFFD
:10C8E000FEE74FF0500080F31188BFF36F8FBFF366
:10C8F0004F8F00BFFEE74FF0500080F31188BFF369
:10C900006F8FBFF34F8F00BFFEE74FF0500080F3F3
:10C910001188BFF36F8FBFF34F8F00BFFEE700009A
:10C92000F0B581B0044600F0A7F994F94560012EF6
:10C9300010DB04F1240503E070B2013E012809DD9B
:10C94000286838B1284601F043F90028F4D000F0F7
:10C95000F7FAF1E7FF2684F8456000F0B5F900F03A
:10C960008BF994F94470012F10DB04F1100503E0FA
:10C9700078B2013F012809DD286838B1284601F066
:10C9800027F90028F4D000F0DBFAF1E784F84460DE
:10C9900001B0BDE8F04000F097B9000000000000D1
:10C9A000F0B581B0044600F063FB41F6D41146F2C5
:10C9B0004417C2F20041C2F20047086848BB41F682
:10C9C00044600026C2F20040430700F5705300F1B6
:10C9D000070223F0070318BF22F0070046F2E8120F
:10C9E000A3F108050D60C2F20042C2E9000643E966
:10C9F00002662A1A42600B68036046F27810C2F29F
:10CA00000040026046F27010C2F200400260012055
:10CA100038703878002818BF4FF00040204238D1D5
:10CA200034B1600706D024F0070000F1100402E0E2
:10CA3000002400E0083446F2701E621EC2F2004E6E
:10CA4000DEF80000824224D246F2E813C2F200432C
:10CA50001E687068A04206D2326822B1334616467C
:10CA60005068A042F8D30A68964212D0001BD3F84F
:10CA700000C0112832681A603FD333195A0719D001
:10CA80004FF0500080F31188BFF36F8FBFF34F8FCB
:10CA9000FEE7002401F0E4F8600708D04FF05000F2
:10CAA00080F31188BFF36F8FBFF34F8FFEE72046EF
:10CAB00001B0F0BD5860746046F2E814C2F2004460
:10CAC000204624689C42FBD3426885189D4203D1CE
:10CAD0005B681A44034642605A689D18A54201D01B
:10CAE000214606E009688C4203D0D4E900142244B0
:10CAF0005A609842196018BF036046F27810716856
:10CB0000C2F20040DEF80020511ACEF80010026890
:10CB10000CF10804914238BF016038787168002830
:10CB20004FF0000018BF41F00041C6E9000146F295
:10CB30008410C2F20040016801310160AAE70000E0
:10CB40004CF2316321F0010140F8081C4FF0807174
:10CB500040F8041CA0F14401C0F6000340F80C3C6E
:10CB60006FF0020340E909320846704700000000F8
:10CB7000D0E9013201699A60D0F808C04A6882425F
:10CB80004FF00002CCF8043008BFC1F804C00261C5
:10CB9000086801380860086870470000000000005D
:10CBA00045F66443C2F20043036045F66420C2F2D6
:10CBB0000040086080201060704700000000000006
:10CBC00046F2C003C2F20043036045F6C040C2F221
:10CBD000004008604FF48070106070470000000053
:10CBE00002464FF0FF3142F8081F00214260C0E9C1
:10CBF00003220160704700000021016170470000BE
:10CC000080B5D1F800C01CF1010207D000F1080383
:10CC10009E465B681A686245FAD901E0D0F810E0D8
:10CC2000DEF804204A60CEF804109160C1F808E0F4
:10CC3000086101680131016080BD00000000000052
:10CC4000D0F800C043684B609A688A609A6899601F
:10CC5000086151600CF101010160704700000000A3
:10CC6000DFF80C00016841F47001016070470000BA
:10CC700088ED00E0000000004FF0500080F31188C4
:10CC8000BFF36F8FBFF34F8F40F6A050C2F200404A
:10CC90000168002901F10101016000D070474EF6E2
:10CCA0000450CEF200000068000608BF70474FF045
:10CCB000500080F31188BFF36F8FBFF34F8F00BF19
:10CCC000FEE700000000000040F6A050C2F2004065
:10CCD000016839B10139016018BF7047002080F345
:10CCE000118870474FF0500080F31188BFF36F8FA9
:10CCF000BFF34F8FFEE70000B0B5002808BFB0BDFE
:10CD0000044646F24410C2F200400078002818BFE2
:10CD10004FF0004054F8041C08420CD0A4F1080560
:10CD20002A6892B14FF0500080F31188BFF36F8FE3
:10CD3000BFF34F8FFEE74FF0500080F31188BFF331
:10CD40006F8FBFF34F8F00BFFEE721EA000044F86A
:10CD5000040C00F08DF946F2701054F8041CC2F275
:10CD6000004002681144016046F2E811C2F200413D
:10CD700008460968A942FBD342688318AB4204D134
:10CD800054F8043C05461A4442606B68EA188A422B
:10CD900001D00A460AE041F6D412C2F200421268FB
:10CDA000914203D0D1E9002119446960A8422A6068
:10CDB00018BF056046F28810C2F2004001680131D8
:10CDC0000160BDE8B04000F04BBF00000000000073
:10CDD0004EF210000021CEF2000044F6D352C1F210
:10CDE00062020160816040F25C01C2F200410968A8
:10CDF000A1FB02124FF0FF3101EB921141600721BC
:10CE0000016070470000000046F2A41C0022C2F23C
:10CE1000004C00BF5CF832301BB10132082AF9D156
:10CE200070470CEBC2034CF832105860704700009A
:10CE300070B515460E460446FFF71EFF94F84400F1
:10CE4000FF2802D1002084F8440094F84500FF2810
:10CE500002D1002084F84500FFF736FFA06B28B907
:10CE600004F1240031462A4600F08EF82046BDE841
:10CE70007040FFF755BD000070B5002843D0044650
:10CE800045F65820C2F20040016841B14FF0500011
:10CE900080F31188BFF36F8FBFF34F8FFEE70168F8
:10CEA00041F6C8150131016046F21820C2F2004572
:10CEB000C2F20040066828680430FFF759FE28686F
:10CEC000A419446009D341F6D810C2F200400068AA
:10CED00029680431FFF794FE10E041F6D010C2F249
:10CEE0000040006829680431FFF78AFE46F27C1092
:10CEF000C2F2004001688C4238BF046000F0B0FE0E
:10CF0000002818BF70BD4EF604504FF08051CEF28D
:10CF100000000160BFF34F8FBFF36F8F70BD000043
:10CF200046F28011C2F200410968016046F2182100
:10CF3000C2F2004109684160704700000000000033
:10CF400046F224200121C2F2004001607047000037
:10CF500078B110B50C4641F6C811C2F2004109681B
:10CF60001831FFF74DFE01212046BDE81040FFF7C4
:10CF700073B94FF0500080F31188BFF36F8FBFF388
:10CF80004F8F00BFFEE70000A0B1B0B50D4641F6DF
:10CF9000C811C2F20041144609681831FFF750FE6B
:10CFA000002C214618BF4FF0FF352846BDE8B040A1
:10CFB000FFF752B94FF0500080F31188BFF36F8F25
:10CFC000BFF34F8FFEE70000B0B586B005A804A9F7
:10CFD00003AA0024CDE90444FFF7E2FDDDE90320C4
:10CFE000CDE900404CF281401EA1C0F600000023B4
:10CFF000059D029500F050FC46F27410C2F200400C
:10D00000056015B100F0C8FE0446601C20D0012C5C
:10D010001CD14FF0500080F31188BFF36F8FBFF326
:10D020004F8F46F27C10C2F200404FF0FF3101609A
:10D0300046F2E410C2F200400121016046F21820DD
:10D04000C2F200400021016000F06AF806B0B0BDF5
:10D050004FF0500080F31188BFF36F8FBFF34F8FF5
:10D06000FEE700BF49444C450000000000000000FE
:10D0700045F65820C2F20040016801310160704756
:10D0800045F65820C2F20040006830B146F2242034
:10D090000121C2F200400160704746F2242045F6AB
:10D0A000602CC2F20040C2F2004C002141F6E012B6
:10D0B0000160C2F20042DCF8001001EB810352F87B
:10D0C000230048B902EB8300A0F11403D9B153F84F
:10D0D000140901390028F9D001EB810002EB80022C
:10D0E00052F8040F4368101D8342136001D1586841
:10D0F0001060106841F6C812C2F20042C0681060A9
:10D10000CCF8001070474FF0500080F31188BFF347
:10D110006F8FBFF34F8F00BFFEE7000000000000DD
:10D12000B0B584B04EF200404CF27021CEF2000057
:10D13000C4F20F114B1CD0F800299A4209D14FF0CC
:10D14000500080F31188BFF36F8FBFF34F8F00BF84
:10D15000FEE7D0F800298A4209D14FF0500080F351
:10D160001188BFF36F8FBFF34F8F00BFFEE70178C9
:10D1700045F644220291FF210170C2F2004201787B
:10D180008DF807109DF8071001F05001117045F659
:10D1900048210722C2F200410A609DF90720B2F13E
:10D1A000FF3F0CDC062200BF0A60013A9DF8073001
:10D1B0005B008DF807309DF90730002BF4D40A6826
:10D1C000032A3DD14FF4E06303EA02220A60029988
:10D1D0000170D0F8201941F47001C0F82019D0F87E
:10D1E000201941F07041C0F82019FFF7F1FD40F619
:10D1F000A0540025C2F200442560FFF731FD4EF631
:10D200003470CEF20000016841F040410160FFF748
:10D2100083F9FFF735FF039520684FF0500181F344
:10D220001188BFF36F8FBFF34F8F013002D000BF63
:10D23000FEE700BF03980028FCD0002004B0B0BD7A
:10D240004FF0500080F31188BFF36F8FBFF34F8F03
:10D25000FEE700000000000080B54FF0500080F3B2
:10D260001188BFF36F8FBFF34F8F00F0ADFB30B16C
:10D270004EF604504FF08051CEF2000001600020C5
:10D2800080F3118880BD000070B582B068B11C4683
:10D29000ABB1F1B9EAB14FF0500080F31188BFF3A0
:10D2A0006F8FBFF34F8F00BFFEE74FF0500080F34A
:10D2B0001188BFF36F8FBFF34F8F00BFFEE74FF0B2
:10D2C000500080F31188BFF36F8FBFF34F8F00BF03
:10D2D000FEE751B14AB94FF0500080F31188BFF317
:10D2E0006F8FBFF34F8F00BFFEE750230193019B69
:10D2F000502B2DD1019B0123002984F8463008BF13
:10D300002246069E2260C4E90F01FFF7B5FCD4E96E
:10D310000F012268002501FB0023013800FB0120DA
:10D32000A5636260C4E90230FF2084F8440084F8F9
:10D33000450004F11000FFF753FC04F12400FFF74F
:10D340004FFCFFF7C1FC84F84C60204602B070BD72
:10D350004FF0500080F31188BFF36F8FBFF34F8FF2
:10D36000FEE70000000000002DE9F04F83B00292BC
:10D37000B8B104461D460E46E9B1022D03D1E06B5B
:10D38000012840F0A68000F003FB00BB0298F0B13A
:10D390004FF0500080F31188BFF36F8FBFF34F8FB2
:10D3A000FEE74FF0500080F31188BFF36F8FBFF39B
:10D3B0004F8F00BFFEE7206C0028DED04FF05000FA
:10D3C00080F31188BFF36F8FBFF34F8FFEE7FFF736
:10D3D00053FC022DA06B5ED0E16B88425BD304F15D
:10D3E000100801206F460DF1080900BF02990029BD
:10D3F00000F08280C00702D03846FFF791FDFFF7AA
:10D4000063FCFFF735FEFFF737FC94F84400FF2874
:10D4100002D1002084F8440094F84500FF2802D18E
:10D42000002084F84500FFF74FFC3846494600F0DD
:10D430007BF9002863D1FFF71FFCD4F838A0D4F89B
:10D440003CB0FFF741FCDA4516D102994046FFF7A0
:10D450007FFD2046FFF764FA00F002FC88B94EF623
:10D4600004504FF08051CEF200000160BFF34F8FA7
:10D47000BFF36F8F05E000BF2046FFF751FA00F0C1
:10D48000EFFBFFF7F9FB022DA06B04D0E16B8842A4
:10D490004FF00000AAD2A76B226C22B3C5B3E0689C
:10D4A0003146F3F754F8E168206C2268091A91427A
:10D4B000E16003D24042A1680844E060A81E3946FA
:10D4C000B0FA80F0002F18BF0121400908403F1A30
:10D4D0002BE04FF0500080F31188BFF36F8FBFF344
:10D4E0004F8F00BFFEE720680025F8B9A06800F064
:10D4F00023FBA560054619E0FFF7E6FB04E02046A4
:10D50000FFF70EFA00F0ACFB002003B0BDE8F08F8F
:10D5100060683146F3F71BF8D4E90101226C10442E
:10D520006060884201D3206860600025781CA06399
:10D5300054F8240F78B1204600F04AFBB8B14EF6FB
:10D5400004504FF08051CEF200000160BFF34F8FC6
:10D55000BFF36F8F0BE055B14EF604504FF0805182
:10D56000CEF200000160BFF34F8FBFF36F8FFFF764
:10D57000ABFB012003B0BDE8F08F0000000000000D
:10D580002DE9F04F85B0049298B104460D4600296C
:10D5900000F0B78000F0FCF9A8B9049898B14FF0FA
:10D5A000500080F31188BFF36F8FBFF34F8F00BF20
:10D5B000FEE74FF0500080F31188BFF36F8FBFF389
:10D5C0004F8F00BFFEE704F11000019004F124002A
:10D5D00000900DF108090DF1100A4FF000080CE061
:10D5E0002046FFF79DF900F03BFBFFF745FBA76BDB
:10D5F000FFF76AFB002F00F09280FFF73DFBD4F8A5
:10D6000038B0BBF1000F27D0226C5AB1D4E9020127
:10D610001144E160814201D32068E060E16828465E
:10D62000F2F795FFABF10100A063206970B101989A
:10D6300000F0CEFA50B14EF604504FF08051CEF2C9
:10D6400000000160BFF34F8FBFF36F8FFFF73CFB0C
:10D6500000200126A0B963E0049850B1B8F1000F92
:10D6600002D14846FFF75CFC4FF00108012038B9B1
:10D6700056E0FFF729FB00260020002850D000BF0D
:10D68000FFF722FBFFF7F4FCFFF7F6FA94F84400EB
:10D69000FF2802D1002084F8440094F84500FF28B8
:10D6A00002D1002084F84500FFF70EFB48465146A2
:10D6B00000F03AF800287FF493AFFFF7DDFAA76B8C
:10D6C000FFF702FB2FB12046FFF72AF900F0C8FA56
:10D6D00093E704990098FFF73BFC2046FFF720F9F9
:10D6E00000F0BEFA00287FF488AF4EF604504FF0E9
:10D6F0008051CEF200000160BFF34F8FBFF36F8FF8
:10D700007BE7206C00283FF445AF4FF0500080F3DA
:10D710001188BFF36F8FBFF34F8F00BFFEE7002666
:10D72000304605B0BDE8F08F70B530B30D4671B32B
:10D730000446FFF7A1FA46F2182EC2F2004EDEF8B8
:10D74000003029684A1C2CD046F2801CC2F2004CE2
:10D75000D4E90002DCF80060864201D0934224D272
:10D760009A1A91421FD9881A2860DCF800002060BC
:10D77000DEF800006060002418E04FF0500080F3F5
:10D780001188BFF36F8FBFF34F8F00BFFEE74FF0DD
:10D79000500080F31188BFF36F8FBFF34F8F00BF2E
:10D7A000FEE7002402E0002028600124FFF78CFA45
:10D7B000204670BD000000002DE9F04F81B09500BB
:10D7C00081462846984692460F46FFF7E9F878B119
:10D7D00004465C20FFF7E4F838B10646046356B906
:10D7E0004FF0FF3001B0BDE8F08F2046FFF784FA1C
:10D7F0000026002EF4D0306BA52229464C46DDF8D9
:10D8000028B04FF0000986F85990F2F717FF306BF7
:10D8100000EB8A00A0F1040020F0070A77B106F1BE
:10D82000340000217A5C42547A5C1AB10F2901F16C
:10D830000101F7D1002086F8430001E086F834901A
:10D84000BBF1370F06F1040028BF4FF0370B00255E
:10D85000C6E913B5C6F82CB0FFF7CEF906F11800EB
:10D86000FFF7CAF9CBF13800B06150462146424675
:10D8700036617662756586F85850FFF761F90B9945
:10D8800030603046002918BF0E60FEF729FD0120E8
:10D8900001B0BDE8F08F00002DE9F04782B00B9E8B
:10D8A00046B30C9C7CB381465C20019001985C28B7
:10D8B00033D117460D460198022084F85900910093
:10D8C000A52230469846DDF828A02663F2F7B6FE7A
:10D8D000206B65B304F13401002200BFAB5C8B54B4
:10D8E000AB5C1BB10F2A02F10102F7D1002184F8D1
:10D8F00043101FE04FF0500080F31188BFF36F8F8B
:10D90000BFF34F8FFEE74FF0500080F31188BFF355
:10D910006F8FBFF34F8F00BFFEE74FF0500080F3D3
:10D920001188BFF36F8FBFF34F8F00BFFEE7002159
:10D9300084F8341000EB8700BAF1370FA0F104002F
:10D940004FF0000628BF4FF0370A20F00705201DD2
:10D95000C4E913A6C4F82CA0FFF74EF904F118008F
:10D96000FFF74AF9CAF13800A06128464946424605
:10D9700024616462666584F85860FFF7E1F820600E
:10D980002046FEF7ADFC204602B0BDE8F08700005F
:10D9900046F2E410C2F20040006848B145F6582053
:10D9A000C2F200400068B0FA80F0400940007047C1
:10D9B000012070470000000046F21820C2F200402B
:10D9C00000687047000000002DE9F04F81B045F677
:10D9D0005820C2F20040006840B146F28C1000248A
:10D9E000C2F20040016801310160A0E046F2182057
:10D9F000C2F2004001684E1C06602ED341F6D010E2
:10DA0000C2F200400168096849B14FF0500080F34C
:10DA10001188BFF36F8FBFF34F8F00BFFEE741F652
:10DA2000D8120168C2F2004213680360116046F226
:10DA30008011C2F200410A6801320A600168096877
:10DA400021B10068C068C068406801E04FF0FF3055
:10DA500046F27C11C2F20041086046F27C1141F6A8
:10DA6000C81AC2F2004141F6E018C2F2004AC2F2FE
:10DA700000480868864201D2002446E041F6D017EB
:10DA80000024C2F2004738680068A0B345F6602B56
:10DA9000C2F2004B1AE000BFD9F82C00DBF80010EE
:10DAA0008842294688BFCBF8000000EB800008EBD5
:10DAB0008000FFF7C5F8D9F82C00DAF80010C96A21
:10DAC0003A68884228BF01241068B8B13868C06835
:10DAD000D0F80C904D4655F8040F864210D32846D6
:10DAE000FFF746F8D9F828000028D5D009F118002A
:10DAF000FFF73EF8D0E74FF0FF3005E04FF0FF3082
:10DB000046F27C11C2F200410860DAF80000C06AF7
:10DB100000EB800058F82000012846F22420C2F2D1
:10DB2000004088BF01240068002818BF0124204657
:10DB300001B0BDE8F08F0000B0B580B1044641F6F9
:10DB4000C810C2F200400068A0420AD04FF0500056
:10DB500080F31188BFF36F8FBFF34F8FFEE7002074
:10DB6000B0BD206D38B3013820654FF0000021D1E1
:10DB7000E16AE26C914208BFB0BD251D2846FEF760
:10DB8000F7FFE06CE062C0F13801A16145F6602169
:10DB9000C2F200410A68904288BF086000EB800032
:10DBA00041F6E011C2F2004101EB80002946FFF787
:10DBB00047F80120B0BD4FF0500080F31188BFF34B
:10DBC0006F8FBFF34F8F00BFFEE700000000000023
:10DBD000B0B5C068C5687DB105F118042046FEF7F0
:10DBE000C7FF45F65820C2F20040006868B146F20F
:10DBF0009010C2F200401DE04FF0500080F31188F9
:10DC0000BFF36F8FBFF34F8FFEE72C1D2046FEF74B
:10DC1000AFFF45F66021E86AC2F200410A6890420F
:10DC200088BF086000EB800041F6E011C2F20041BD
:10DC300001EB80002146FFF703F841F6C810E96ABE
:10DC4000C2F200400068C06A814206D946F224212F
:10DC50000120C2F200410860B0BD0020B0BD00004C
:10DC60002DE9F04F81B045F65824C2F200442068F7
:10DC700068B1FFF701F8206801382060206880B1A2
:10DC80000024FFF721F8204601B0BDE8F08F4FF0E7
:10DC9000500080F31188BFF36F8FBFF34F8F00BF29
:10DCA000FEE745F65020C2F2004000680028E7D0A9
:10DCB00046F2901646F22428C2F20046C2F200480C
:10DCC0003068002843D045F6602741F6E01941F658
:10DCD000C81BC2F20047C2F20049C2F2004B4FF02B
:10DCE000010A00BFF068C56805F11800FEF740FFA3
:10DCF0002C1D2046FEF73CFFE86A39688842214621
:10DD000088BF386000EB800009EB8000FEF798FFC9
:10DD1000E86ADBF80010C96A884228BFC8F800A08A
:10DD200030680028DED195B141F6D010C2F2004033
:10DD30000168096821B10068C068C068406801E0F6
:10DD40004FF0FF3046F27C11C2F20041086046F20B
:10DD50008C14C2F20044256855B10126FFF734FE49
:10DD6000002818BFC8F80060013DF7D100202060EE
:10DD7000D8F8000000283FF483AF4EF604504FF06F
:10DD80008051CEF2000001240160BFF34F8FBFF33A
:10DD90006F8F76E70000000080B586B0FEF730FB9D
:10DDA00046F21C20C2F20040006808B3002004A91B
:10DDB000CDE9040005A803AAFEF702FFDDE9032070
:10DDC00002210023CDE900104CF269600DA1C0F6DC
:10DDD0000000DDF814C0CDF808C0FFF75DFD46F285
:10DDE0002021C2F20041086010B1012006B080BDC0
:10DDF0004FF0500080F31188BFF36F8FBFF34F8F48
:10DE0000FEE700BF546D72205376630041000802A4
:10DE100018BF04200A0E18BF40F001004FF07F42E7
:10DE200032EA010108BF40F00200012808BF0520C6
:10DE30007047000070B54FF068422DED048BF0EE96
:10DE4000408A18EE900AB0EE608A18EE101A02EBC3
:10DE50004003B3F1654F3CBF02EB4102B2F1654FA5
:10DE60007DD200BFC0F3C753C1F3C7529A1A1B2A11
:10DE700009DD10F0004F14BF9FED830A9FED830A68
:10DE8000BDEC048B70BD12F11A0F36DA11F0004FA1
:10DE900009D010F0004F0CBF9FED7D0A9FED7D0A69
:10DEA000BDEC048B70BD88EE889A19EE100AFFF75E
:10DEB000ADFF042808BF00F0AFFA18EE900AFFF794
:10DEC000A5FF054618EE100AFFF7A0FF044619EE5D
:10DED000100AFFF79BFF042D18BF052D08D1042C55
:10DEE00018BF052C04D1002804BF0220F2F777FCEC
:10DEF000B0EE490ABDEC048B70BD4200B2EB410F9D
:10DF00003AD910F0004F19BFDFED630A9FED630AA5
:10DF1000DFED630A9FED630AB0EE481A0A46B1EEE0
:10DF2000688A80F00041F0EE418A10460A1A5200D9
:10DF3000B2F1807F34D2484010F0004FDFED5A1A22
:10DF40009FED5A2A1DBFBEEE001A70EEE10A30EEB8
:10DF5000420AB6EE001A08BF70EEA10A00E040E0E7
:10DF600008BF30EE020AB0EE682A01EE482A08EE39
:10DF7000818AC2EE081A15E011F0004F04BF9FED30
:10DF80004C0AF0EE400AD1D010F0004F19BFDFED7F
:10DF9000490A9FED490ADFED490A9FED490AC5E7A5
:10DFA000C8EE881A21EEA11A9FED462ADFED462A17
:10DFB00041EE022A9FED452A01EE222ADFED442A96
:10DFC00041EE022A9FED432ABDEC048B01EE222A8A
:10DFD00021EE811A01EE020A30EE210A30EE200A0B
:10DFE00070BD4FF07F42B2EB400F28BFB2EB410F44
:10DFF00009D2F0EE480AB0EE680ABDEC048BBDE829
:10E00000704000F0FDB940EA01035B0008BF41F039
:10E01000FF410BD0B2EB400F08BFB2EB410F08D16C
:10E0200020F0804008EE900A21F0804108EE101A9E
:10E0300018E7B2EB400F12BF5FEA410340F0FF4028
:10E0400001F000413FF40EAFB2EB410F12BF5FEAA7
:10E05000400200F0004041F0FF413FF403AF4A00AE
:10E0600092EA40033FF5FEAE002AACBF9FED1A0ACC
:10E070009FED1A0A68EE808A28EE008A18EE900A50
:10E0800018EE101AEEE60000DB0FC9BFDB0FC93F28
:10E09000DB0F4940DB0F49C00000C9BF22AAFDB910
:10E0A0000000C93F22AAFD390060ED3EC30ACE3709
:10E0B00000000000000049C022AA7DBA00004940CB
:10E0C00022AA7D3A2DAD65BD8FB8D53D0FB511BEE5
:10E0D00061C84C3EA8AAAABE0000804F0000802F55
:10E0E00010EE101A08B5444A6846B2EB410F28D921
:10E0F0004FF0E640B0EB410F94BF00204FF0FF30EF
:10E1000000900098002861DB60EE000A10F0010F1B
:10E1100045D010F0020FDFED391A9FED391A00EEED
:10E12000A11ADFED381A40EE811A21EEA01AF0EEA6
:10E13000400A40EE010A08BFF1EE600AB0EE600A44
:10E1400008BD314B21F0004293423CD911F0004F01
:10E15000DFED2E0A20EE201ADFED2D0A19BF31EE79
:10E16000601A71EE200A31EE201A71EE600ABDEEDF
:10E17000E01A11EE100A9FED271A00F0030000EEDE
:10E18000C10A9FED251A009000EEC10A9FED231AE7
:10E1900000EEC10A9FED221A00EEC10AB1E79FED21
:10E1A000211A9FED210A10F0020F00EE810A9FED67
:10E1B0001F1A00EE801AB7EE000A00EE810A18BF9F
:10E1C000B1EE400A08BD00F02FF99AE710EE100AF0
:10E1D0004000B0F17F4F3CBFB7EE000A08BD07D149
:10E1E0004FF00100F2F7FBFABDE8084000F00CB96F
:10E1F000BDE8084000F001B9B61F927E336D4CB9FE
:10E20000DA82083CA0AA2ABE490E494683F9223F79
:10E210000000004B0000C93F00A0FD390020A233E0
:10E220001A61342CB93AB2BACA9F2A3DDDFFFFBE4B
:10E2300000B510EE101A2DED028B81B0524A6846DF
:10E24000B2EB410F2ED94FF0E640B0EB410F94BF37
:10E2500000204FF0FF3000900098B0EE408A002878
:10E260006ADB10F0010F4BD068EE080A9FED471AE9
:10E270009FED470A00EE810A9FED461A10F0020F4B
:10E2800000EE801AB7EE000A00EE810A02BF01B06C
:10E29000BDEC028B00BD00BF01B0B1EE400ABDEC89
:10E2A000028B00BD3C4B21F00042934241D911F05A
:10E2B000004FDFED3A0A20EE201ADFED390A19BFD0
:10E2C00031EE601A71EE200A31EE201A71EE600A0A
:10E2D000BDEEE01A11EE100A9FED321A00F00300B5
:10E2E00000EEC10A9FED301A009000EEC10A9FEDCA
:10E2F0002F1A00EEC10A9FED2E1A00EEC10AABE7FD
:10E3000028EE080A9FED2B1ADFED2B0A10F0020F02
:10E3100040EE010A9FED291A00EE201A61EE000A74
:10E32000B0EE480A08EE200AB6D101B0BDEC028B6F
:10E3300000BD00F079F88FE718EE100A4000B0F148
:10E340007F4F0DD218EE100AFFF760FD042808BFBA
:10E3500000F062F8B0EE480A01B0BDEC028B00BDDF
:10E3600009D10120F2F73BFA01B0BDEC028B5DF858
:10E3700004EB00F049B801B0B0EE480ABDEC028BE6
:10E380005DF804EB00F039B8B61F927EB93AB2BA24
:10E39000CA9F2A3DDDFFFFBE490E494683F9223F51
:10E3A0000000004B0000C93F00A0FD390020A2334F
:10E3B0001A61342C336D4CB9DA82083CA0AA2ABE0B
:10E3C00010B52DED028BB1EEC08A18EE100A20F0C8
:10E3D0000040C0F1FF40C00F0AD010EE100A20F03C
:10E3E0000040C0F1FF40C00F04BF0120F2F7F7F971
:10E3F000B0EE480ABDEC028B10BD30EE000A70474B
:10E4000030EE200A70470000DFED020A80EEA00A1D
:10E4100070470000000000009FED020A20EE000A95
:10E4200070470000000000102DE9F0014FF07F421E
:10E43000B2EB410F9FBF4FF0FF310160BDE8F0012B
:10E4400070474FF0004242EA0123C1F3C752783AC5
:10E45000551112F01F0C434CCCF120067C44C1F343
:10E46000C752A2F178024FEA621204EB820254F81A
:10E47000254008BFD2E9015612D0556804FA0CF4C1
:10E4800025FA06F73C43976805FA0CF527FA06F8D3
:10E49000D26807FA0CFCF24045EA08054CEA02068D
:10E4A000A4FB034CA5FB0352A6FB03631D449D4242
:10E4B00034BF012600261319334416B1934202D902
:10E4C00003E0934201D2012200E00022624402F103
:10E4D000200C9206DC0C42EA443200EE102A5B0368
:10E4E000DFED210AF8EEC01A00EE103A4FEA9C1C4C
:10E4F00011F0004FB8EE400AC0F800C020EE201A1C
:10E5000000EE105ADFED190AB8EE400A20EE200A9C
:10E5100071EE810A70EE800A10EE902A02F5006218
:10E520006FF30B0200EE902A70EEE11A31EEC11A81
:10E53000DFED101A30EE411A9FED0D0A20EE800A31
:10E5400001EE210A9FED0C1A00EE810A04BFBDE81E
:10E55000F0017047CCF180510160BDE8F001B1EEEF
:10E56000400A704738010000000000360000802C8F
:10E5700022AAFD29DB0FC92F0000C92FF1EE100AD6
:10E580004FF6FF71C0F2C03120EA010040F0407048
:10E59000E1EE100A70470000000000006E83F9A24F
:10E5A0002915444ED15727FCC0DD34F5999562DB1F
:10E5B0004190433CAB6351FE0000000000000000AE
:10E5C000000000000000000000000000010000004A
:10E5D0000200000003000000040000000000000032
:10E5E0000500000000000000000000000000000026
:10E5F0000600000000000000000000000000000015
:10E60000070000000004081020400104081020400A
:10E61000A8EF00080000000000000000000000005B
:10E6200000000000000200003000000000000000B8
:10E6300000000000C3EF0008000000000000000020
:10E6400000000000000000000002000018000000B0
:10E6500000000000000000000000000001020304B0
:10E660000102030406070809A0EF000800000000EB
:10E670000000000000000000000000000002000098
:10E68000300000000000000000000000B6EF0008AD
:10E69000000000000000000000000000000000007A
:10E6A0000002000030000000000000000000000038
:10E6B000010002000400060008000A000C0010001F
:10E6C0002000400080000001E9B78F428C998EC283
:10E6D000D0D594C067D5A5400091B8C02B1845BFD0
:10E6E000ECC06F4157EC41C1E948A6BF0AD7BA4117
:10E6F000615498C1401335C04C37654248E190C21F
:10E7000036ABEC4163EE364113F268C1C139CF40FC
:10E71000075FC8C18A1FFEC18E06F6417DD06441E5
:10E72000F8C283C1BB27BF40B7E28A411DDAE1C10D
:10E7300045D84E41AE18334242206BC28A8EBE414C
:10E740000E9EB3C374169043F005C0413E889BC231
:10E7500002EB7B42C6DC8D3F000102030405060785
:10E76000080C1014182030400101010307010000BB
:10E770000804020408010101CFEF000800000000B6
:10E780000000000000000000000000000002000087
:10E790000800000000000000000000000000000071
:10E7A000920E493CB10AC93C2BC3163D2EFB483D95
:10E7B000752B7B3D04A9963D80B6AF3D36BDC83D67
:10E7C0002FBCE13D73B2FA3D87CF093E8340163E30
:10E7D000B5AB223EA2102F3ECF6E3B3EC2C5473E98
:10E7E0000115543E135C603E7F9A6C3ECCCF783E60
:10E7F000C07D823E938E883E229A8E3E32A0943E09
:10E8000086A09A3EE59AA03E128FA63ED47CAC3EEE
:10E81000EF63B23E2A44B83E491DBE3E15EFC33EEB
:10E8200053B9C93ECA7BCF3E4136D53E80E8DA3E79
:10E830004F92E03E7533E63EBBCBEB3EEA5AF13EEB
:10E84000CBE0F63E275DFC3EE4E7003F3D9C033F06
:10E85000824B063F9BF5083F6B9A0B3FDA390E3F20
:10E86000CDD3103F2A68133FD9F6153FC07F183F1C
:10E87000C6021B3FD17F1D3FCBF61F3F9967223F4A
:10E8800025D2243F5636273F1594293F4AEB2B3F8C
:10E89000DE3B2E3FBB85303FC9C8323FF304353FD6
:10E8A000233A373F4268393F3B8F3B3FF9AE3D3F0C
:10E8B00067C73F3F70D8413F01E2433F03E4453F14
:10E8C00065DE473F12D1493FF8BB4B3F029F4D3FAA
:10E8D000207A4F3F3D4D513F4918533F31DB543F64
:10E8E000E595563F5348583F6AF2593F1A945B3FAB
:10E8F000532D5D3F05BE5E3F2146603F97C5613F9A
:10E900005A3C633F59AA643F880F663FD86B673F04
:10E910003CBF683FA7096A3F0C4B6B3F5E836C3F6F
:10E9200093B26D3F9ED86E3F73F56F3F0809713FFC
:10E930005213723F4714733FDD0B743F0BFA743F61
:10E94000C6DE753F07BA763FC58B773FF853783FF1
:10E950009812793F9DC7793F02737A3FBE147B3F7F
:10E96000CDAC7B3F283B7C3FC9BF7C3FAC3A7D3F71
:10E97000CCAB7D3F23137E3FB0707E3F6DC47E3FA6
:10E98000580E7F3F6D4E7F3FAB847F3F0FB17F3F7F
:10E9900097D37F3F43EC7F3F11FB7F3F0000803FD9
:10E9A00011FB7F3F43EC7F3F97D37F3F0FB17F3F0A
:10E9B000AB847F3F6D4E7F3F580E7F3F6DC47E3FDF
:10E9C000B0707E3F23137E3FCCAB7D3FAC3A7D3FA2
:10E9D000C9BF7C3F283B7C3FCDAC7B3FBE147B3F17
:10E9E00002737A3F9DC7793F9812793FF853783F79
:10E9F000C58B773F07BA763FC6DE753F0BFA743F8B
:10EA0000DD0B743F4714733F5213723F0809713F87
:10EA100073F56F3F9ED86E3F93B26D3F5E836C3F40
:10EA20000C4B6B3FA7096A3F3CBF683FD86B673F01
:10EA3000880F663F59AA643F5A3C633F97C5613FC0
:10EA40002146603F05BE5E3F532D5D3F1A945B3FFC
:10EA50006AF2593F5348583FE595563F31DB543FE2
:10EA60004918533F3D4D513F207A4F3F029F4D3F44
:10EA7000F8BB4B3F12D1493F65DE473F03E4453FBA
:10EA800001E2433F70D8413F67C73F3FF9AE3D3F8A
:10EA90003B8F3B3F4268393F233A373FF304353FD2
:10EAA000C9C8323FBB85303FDE3B2E3F4AEB2B3F90
:10EAB0001594293F5636273F25D2243F9967223F98
:10EAC000CBF61F3FD17F1D3FC6021B3FC07F183FC3
:10EAD000D9F6153F2A68133FCDD3103FDA390E3FE0
:10EAE0006B9A0B3F9BF5083F824B063F3D9C033FD3
:10EAF000E4E7003F275DFC3ECBE0F63EEA5AF13EFC
:10EB0000BBCBEB3E7533E63E4F92E03E80E8DA3E0B
:10EB10004136D53ECA7BCF3E53B9C93E15EFC33E01
:10EB2000491DBE3E2A44B83EEF63B23ED47CAC3EA3
:10EB3000128FA63EE59AA03E86A09A3E32A0943E51
:10EB4000229A8E3E938E883EC07D823ECCCF783E08
:10EB50007F9A6C3E135C603E0115543EC2C5473E31
:10EB6000CF6E3B3EA2102F3EB5AB223E8340163EF9
:10EB700087CF093E73B2FA3D2FBCE13D36BDC83D9B
:10EB800080B6AF3D04A9963D752B7B3D2EFB483DDD
:10EB90002BC3163DB10AC93C920E493C000000004F
:10EBA000920E49BCB10AC9BC2BC316BD2EFB48BD91
:10EBB000752B7BBD04A996BD80B6AFBD36BDC8BD63
:10EBC0002FBCE1BD73B2FABD87CF09BE834016BE2C
:10EBD000B5AB22BEA2102FBECF6E3BBEC2C547BE94
:10EBE000011554BE135C60BE7F9A6CBECCCF78BE5C
:10EBF000C07D82BE938E88BE229A8EBE32A094BE05
:10EC000086A09ABEE59AA0BE128FA6BED47CACBEEA
:10EC1000EF63B2BE2A44B8BE491DBEBE15EFC3BEE7
:10EC200053B9C9BECA7BCFBE4136D5BE80E8DABE75
:10EC30004F92E0BE7533E6BEBBCBEBBEEA5AF1BEE7
:10EC4000CBE0F6BE275DFCBEE4E700BF3D9C03BF02
:10EC5000824B06BF9BF508BF6B9A0BBFDA390EBF1C
:10EC6000CDD310BF2A6813BFD9F615BFC07F18BF18
:10EC7000C6021BBFD17F1DBFCBF61FBF996722BF46
:10EC800025D224BF563627BF159429BF4AEB2BBF88
:10EC9000DE3B2EBFBB8530BFC9C832BFF30435BFD2
:10ECA000233A37BF426839BF3B8F3BBFF9AE3DBF08
:10ECB00067C73FBF70D841BF01E243BF03E445BF10
:10ECC00065DE47BF12D149BFF8BB4BBF029F4DBFA6
:10ECD000207A4FBF3D4D51BF491853BF31DB54BF60
:10ECE000E59556BF534858BF6AF259BF1A945BBFA7
:10ECF000532D5DBF05BE5EBF214660BF97C561BF96
:10ED00005A3C63BF59AA64BF880F66BFD86B67BF00
:10ED10003CBF68BFA7096ABF0C4B6BBF5E836CBF6B
:10ED200093B26DBF9ED86EBF73F56FBF080971BFF8
:10ED3000521372BF471473BFDD0B74BF0BFA74BF5D
:10ED4000C6DE75BF07BA76BFC58B77BFF85378BFED
:10ED5000981279BF9DC779BF02737ABFBE147BBF7B
:10ED6000CDAC7BBF283B7CBFC9BF7CBFAC3A7DBF6D
:10ED7000CCAB7DBF23137EBFB0707EBF6DC47EBFA2
:10ED8000580E7FBF6D4E7FBFAB847FBF0FB17FBF7B
:10ED900097D37FBF43EC7FBF11FB7FBF000080BFD5
:10EDA00011FB7FBF43EC7FBF97D37FBF0FB17FBF06
:10EDB000AB847FBF6D4E7FBF580E7FBF6DC47EBFDB
:10EDC000B0707EBF23137EBFCCAB7DBFAC3A7DBF9E
:10EDD000C9BF7CBF283B7CBFCDAC7BBFBE147BBF13
:10EDE00002737ABF9DC779BF981279BFF85378BF75
:10EDF000C58B77BF07BA76BFC6DE75BF0BFA74BF87
:10EE0000DD0B74BF471473BF521372BF080971BF83
:10EE100073F56FBF9ED86EBF93B26DBF5E836CBF3C
:10EE20000C4B6BBFA7096ABF3CBF68BFD86B67BFFD
:10EE3000880F66BF59AA64BF5A3C63BF97C561BFBC
:10EE4000214660BF05BE5EBF532D5DBF1A945BBFF8
:10EE50006AF259BF534858BFE59556BF31DB54BFDE
:10EE6000491853BF3D4D51BF207A4FBF029F4DBF40
:10EE7000F8BB4BBF12D149BF65DE47BF03E445BFB6
:10EE800001E243BF70D841BF67C73FBFF9AE3DBF86
:10EE90003B8F3BBF426839BF233A37BFF30435BFCE
:10EEA000C9C832BFBB8530BFDE3B2EBF4AEB2BBF8C
:10EEB000159429BF563627BF25D224BF996722BF94
:10EEC000CBF61FBFD17F1DBFC6021BBFC07F18BFBF
:10EED000D9F615BF2A6813BFCDD310BFDA390EBFDC
:10EEE0006B9A0BBF9BF508BF824B06BF3D9C03BFCF
:10EEF000E4E700BF275DFCBECBE0F6BEEA5AF1BEF8
:10EF0000BBCBEBBE7533E6BE4F92E0BE80E8DABE07
:10EF10004136D5BECA7BCFBE53B9C9BE15EFC3BEFD
:10EF2000491DBEBE2A44B8BEEF63B2BED47CACBE9F
:10EF3000128FA6BEE59AA0BE86A09ABE32A094BE4D
:10EF4000229A8EBE938E88BEC07D82BECCCF78BE04
:10EF50007F9A6CBE135C60BE011554BEC2C547BE2D
:10EF6000CF6E3BBEA2102FBEB5AB22BE834016BEF5
:10EF700087CF09BE73B2FABD2FBCE1BD36BDC8BD97
:10EF800080B6AFBD04A996BD752B7BBD2EFB48BDD9
:10EF90002BC316BDB10AC9BC920E49BC000000804B
:10EFA000494D555461736B00426F617264636F6DBC
:10EFB0006D5461736B004C65674D6F746F72546173
:10EFC000736B00436861737369735461736B00649E
:10EFD000656661756C745461736B000010F0000815
:10EFE00000000024A80D0000300300080CF0000809
:10EFF00000000020000002007003000898F00008E4
:10F00000A80D0024805C00007003000800000000D0
:10F01000804E99BE000851C0000811BF00080909C0
:10F0200009090909090901010101010101018172AF
:10F030000008597200083973000861730008E97408
:10F040000008397500081174000889730008997662
:10F0500000082176000809760008817500080192F1
:10F0600002A890D0030090D00302F0FF02F0FF024C
:10F07000F0FF02F0FF02FFFF01FF01FF01FF01FFB0
:10F0800001FF01FF01FF01FF017D4201421055AA6E
:08F09000AAAAAA00000000007A
:04000005080002CD20
:00000001FF
