:020000040800F2
:1000000020920024390400080D8500083779000883
:1000100001840008F50A0008A5C4000800000000DB
:10002000000000000000000000000000790300084C
:100030005116000800000000D50300081D940008B8
:100040005304000853040008530400085304000834
:100050005304000853040008530400085304000824
:10006000530400085304000853040008D10E00088C
:10007000DD0E000853040008530400085304000870
:10008000530400085304000853040008B116000884
:10009000C9160008BD160008D5160008530400084C
:1000A00053040008530400085304000853040008D4
:1000B000530400080996000853040008530400087C
:1000C00053040008530400085304000853040008B4
:1000D00053040008A9A30008B5A30008C1A30008A1
:1000E00053040008530400080000000053040008F3
:1000F0005304000853040008530400085304000884
:100100005304000853040008530400085304000873
:100110005304000853040008530400085304000863
:1001200053040008E90E00085304000853040008B3
:100130005304000853040008530400085304000843
:1001400000000000000000000000000000000000AF
:10015000F50E0008010F00080D0F0008CDA30008E0
:100160005304000853040008530400085304000813
:100170005304000853040008530400080000000062
:1001800053040008530400085304000853040008F3
:1001900053040008530400085304000853040008E3
:1001A00053040008530400085304000853040008D3
:1001B00053040008530400085304000853040008C3
:1001C00053040008530400085304000853040008B3
:1001D0005304000811850008530400085304000864
:1001E0005304000853040008530400085304000893
:1001F0005304000853040008530400085304000883
:100200005304000853040008530400085304000872
:100210005304000853040008530400085304000862
:1002200053040008530400085304000800000000B1
:1002300053040008530400080000000053040008A1
:100240005304000853040008530400085304000832
:100250005304000853040008530400085304000822
:100260005304000853040008530400085304000812
:100270005304000853040008530400080000000061
:100280005304000853040008530400080000000051
:10029000000000005304000800F002F800F05CF8D1
:1002A0000AA090E8000C82448344AAF10107DA45D1
:1002B00001D100F051F8AFF2090EBAE80F0013F0C7
:1002C000010F18BFFB1A43F001031847DCDE0000E2
:1002D000FCDE00000A444FF0000C10F8013B13F064
:1002E000070408BF10F8014B1D1108BF10F8015B8F
:1002F000641E05D010F8016B641E01F8016BF9D182
:1003000013F0080F1EBF10F8014BAD1C0C1B09D1D8
:100310006D1E58BF01F801CBFAD505E014F8016B4A
:1003200001F8016B6D1EF9D59142D6D370470000DC
:100330000023002400250026103A28BF78C1FBD8EE
:10034000520728BF30C148BF0B6070471FB50DF082
:100350003FFB1FBD10B510BD00F0A6F91146FFF719
:10036000F5FF0CF0F3F800F0C4F903B4FFF7F2FF67
:1003700003BC00F0CBF900002C4B19680868B0E80A
:10038000F04F80F30988BFF36F8F4FF0000080F3C8
:10039000118870470000000008480068006880F37A
:1003A00008884FF0000080F3148862B661B6BFF38E
:1003B0004F8FBFF36F8F00DF00BF00BF08ED00E07D
:1003C000DFF80C00016841F470010160704700BF64
:1003D00088ED00E0EFF30980BFF36F8F134B1A68CD
:1003E0001EF0100F08BF20ED108A20E9F04F1060BA
:1003F00009B44FF0500080F31188BFF34F8FBFF363
:100400006F8F0CF019FE4FF0000080F3118809BCCB
:1004100019680868B0E8F04F1EF0100F08BFB0EC84
:10042000108A80F30988BFF36F8F70475000002453
:10043000EFF30580704700000948804709480047EE
:10044000FEE7FEE7FEE7FEE7FEE7FEE7FEE7FEE784
:10045000FEE7FEE704480549054A064B70470000E1
:100460002D95000899020008206E00242092002497
:10047000208E0024208E002453EA020C00F06980B4
:100480002DE9F04B4FF00006002B1FBFB3FA83F5A8
:1004900003FA05F424FA05F65E4012BF1643B2FAD9
:1004A00082F502FA05F4C5F120051EBF22FA05FC0B
:1004B00044EA0C04203556EA044C4FEA144418BFB1
:1004C000641C4FF000084FF00009904271EB030CE0
:1004D00039D3002919BFB1FA81F701FA07F6B0FA4A
:1004E00080F700FA07F6C7F120071EBF20FA07FCC5
:1004F00046EA0C062037B6FBF4FCA7EB0507103FD5
:1005000007F01F0BCBF120060CFA0BFB2CFA06F6BA
:1005100044BFB3460026202FA4BF5E464FF0000B19
:100520005BEA060C08BF4FF0010B19EB0B09ABFBA4
:10053000027C48EB0608C01B06FB02CC0BFB03CC7D
:1005400071EB0C01C1E70B46024641464846BDE847
:10055000F08B13B54FF000004FF00001AFF30080B7
:10056000BDE81C407047032A40F2308010F0030CB5
:1005700000F0158011F8013BBCF1020F624498BFF6
:1005800011F801CB00F8013B38BF11F8013BA2F193
:10059000040298BF00F801CB38BF00F8013B11F00E
:1005A000030300F02580083AC0F0088051F8043BAE
:1005B000083A51F804CBA0E80810F5E7121D5CBF1B
:1005C00051F8043B40F8043BAFF30080D20724BF4E
:1005D00011F8013B11F801CB48BF11F8012B24BFE2
:1005E00000F8013B00F801CB48BF00F8012B704731
:1005F00010B5203AC0F00B80B1E81850203AA0E8BE
:100600001850B1E81850A0E81850BFF4F5AF5FEAF1
:10061000027C24BFB1E81850A0E8185044BF18C9A4
:1006200018C0BDE810405FEA827C24BF51F8043B4B
:1006300040F8043B08BF7047D20728BF31F8023B9F
:1006400048BF11F8012B28BF20F8023B48BF00F833
:10065000012B70474FF0000200B5134694469646B2
:10066000203922BFA0E80C50A0E80C50B1F12001C5
:10067000BFF4F7AF090728BFA0E80C5048BF0CC073
:100680005DF804EB890028BF40F8042B08BF7047D1
:1006900048BF20F8022B11F0804F18BF00F8012B43
:1006A0007047704770477047754600F02BF8AE46AC
:1006B00005006946534620F00700854618B020B56E
:1006C000FFF7C8FEBDE820404FF000064FF00007DE
:1006D0004FF000084FF0000B21F00701AC46ACE8EA
:1006E000C009ACE8C009ACE8C009ACE8C0098D4657
:1006F000704710B50446AFF300802046BDE81040B7
:10070000FFF733BE00487047BC6D00240149182034
:10071000ABBEFEE726000200704700002DED0E8BF9
:10072000734CDFED748A9FED74BADFED74BA9FED00
:1007300074AA41F28835AE009FED72CADFED72AA4D
:10074000DFED72CA9FED72DADFED72EADFED72DA89
:100750004FF47A7742F210789FED70EA0CF08AFA43
:10076000236801216E489847236802216D48984705
:10077000B0EE4B8AB0EE6B9A6B48B2EE042AF0EE04
:10078000681AB3EE091AF0EE480AB0EE490A0BF007
:10079000C7FE6648B2EE042AF0EE681AB3EE091AF4
:1007A000F0EE480AB0EE490A0BF0BAFE6048B0EE2F
:1007B000082AF0EE4A1AB1EE041AFBEE0E0AB3EE66
:1007C0000E0A0BF0ADFE5B48B7EE002AF0EE4A1AB7
:1007D000B0EE681AFAEE040AB2EE040A0BF0A0FEBC
:1007E000B0EE4C8A54482A46B3EE0E1AF0EE480A90
:1007F000B0EE6A0A314607F09FF850482A46B3EE39
:100800000E1AF0EE480AB0EE6A0A314607F094F884
:10081000B0EE6E9A4A48B0EE6C3AF0EE4D2AB0EE69
:10082000492AF6EE001AB6EE001AF0EE6D0AB6EEA0
:10083000000A08F05DF943483A46B0EE081AF6EEB1
:10084000000AB2EE090A414607F076F8DFED3E9A5B
:100850004048B0EE4E3AF0EE692AB0EE492AF0EE8A
:10086000481AB2EE041ADFED390A9FED390A08F092
:100870003FF93B489FED383AF0EE692AB0EE492A3D
:10088000F0EE681AB6EE001AF0EE480A9FED330A51
:1008900008F02EF93648B0EE483AF0EE692A9FED9E
:1008A000312AF2EE041A9FED301AF0EE480A9FED5D
:1008B0002F0A08F01DF93148B0EE693AF0EE692AC6
:1008C000B0EE492AF7EE001A9FED2A1AF0EE480A18
:1008D0009FED290A08F00CF900F060F900F0AEFE77
:1008E0002748406B0CF0DEFA0CF0E4F936E7000024
:1008F00024010024CDCCCC3D0000C8C20000C84279
:100900000AD7233C000000000000204200002F44D2
:100910000000FA4500409C466F12833A00409C4517
:100920008805002428060024E0490024204A0024E9
:10093000604A0024A04A002498500024E850002473
:10094000385100248C51002400401C46CDCC4C4032
:1009500000800944E84E002400803B45CDCC4C3E4D
:100960003C4F002400803B460000484400007A448D
:10097000904F0024CDCC4C3DEC51383DE44F002449
:10098000000000248CB0084C0AAE6D464FF0FF37D3
:1009900069463A4620680CF073FD0098291D3246DE
:1009A00002F07CFCF4E700000800002470B5054666
:1009B0000C46002D09D0022C07D9FF222846611EC3
:1009C00001F090F9291901F8010C70BDF0B585B05E
:1009D000002003900490019002902B4C2088010A83
:1009E0008DF80C108DF80D006088010A8DF80E103E
:1009F0008DF80F00A088010A8DF810108DF81100F5
:100A00002089010A8DF812108DF8130003A81F4EDB
:100A10000022204F40F20F1300901D49756838687E
:100A2000A8476089010A8DF804108DF80500E07D63
:100A30008DF80600617E9DF8070001F00101084372
:100A4000217B01F0010140EA4100217E01F001011A
:100A500040EA8100A17D01F0010140EAC1008DF86A
:100A600007000D488088010A8DF808108DF80900EC
:100A700001A800900022746840F21F1304493868EE
:100A8000A04705B0F0BD0000104B00242401002455
:100A90002806002408000024384D00240FB49DF8D7
:100AA00028109DF8290040EA01211048C1819DF8D5
:100AB0002A209DF82B1041EA022101849DF82C2068
:100AC0009DF82D1041EA022109B200EE101AB8EE8D
:100AD000C00ADFED070A80EE201A80ED041A9DF8A7
:100AE0002E1001F00101817604B07047104B0024F4
:100AF00000007A44FEE704284FF000007047002011
:100B00007047000010B505490022054809F086FE2F
:100B10000449034809F074FE002010BDB85E0024AB
:100B2000DC510024B856002438B504460C48214650
:100B300009F066FE0A4809F037FE0A4800236A46B3
:100B4000214600680CF03CFC009838B106494FF093
:100B500080500860BFF34F8FBFF36F8F002038BD08
:100B6000DC5100240C00002404ED00E0002070475C
:100B70000A4610B50849D1F8BC12D1F81412002960
:100B800001D0012010BD0146034809F047FEBDE831
:100B90001040014809F0D8BEDC51002410B51C4AB1
:100BA0001C49B2F9000000EE100AB8EEC00A81ED4F
:100BB000030A00EE100AB8EEC00A81ED010A00EE49
:100BC000100AB8EEC00A82ED080A9FED130A81ED03
:100BD000040ADFED120AB7EE080A01F5B27007F059
:100BE000EFFC0F48F2EE040AB7EE000A07F0E8FC4B
:100BF0000C48F2EE040AB1EE080A07F0E1FC0A48DC
:100C0000002101760222C2754176C17610BD000036
:100C1000A0010024D44E0024000000000000204267
:100C2000E04A002468500024104B0024FEB5784EA2
:100C3000327B9FED781A784C3046784B002A784DFD
:100C4000B0F90610208893ED080A1AD000EE901A29
:100C5000F8EEE01AD3ED030A41EE810AC3ED030A70
:100C600001EE100AD5ED041AB8EE411A31EE211A40
:100C700071EE200AC5ED030AC3ED070A0121996050
:100C800019E000EE901AF8EEE01AD3ED040A41EEF6
:100C9000810AC3ED040AB6F91C10D3ED011A01EE66
:100CA000101AB8EEC11A21EE211A83ED091A70EE5E
:100CB000200AC5ED030A9FED5B2AD3ED040A32EE4C
:100CC000401ADFED591AB4EEE01AF1EE10FA02D232
:100CD00083ED041A08E031EEC00AB4EEE00AF1EE4A
:100CE00010FA01DD83ED040A504BE968994202DDF8
:100CF00085ED032A04E04E4B994201DAC5ED031A53
:100D000000EE100AD5ED030AB8EE400A30EEC00A34
:100D100010EE100ADFED470AB0F18B4F02DD30EE26
:100D2000600A06E010EE100A10F16A5F01D930EE99
:100D3000200A10EE100ADFED400A10F1814F06D2B2
:100D400010EE100AB0F17E5F01DAB0EE600A4AB32D
:100D5000BDEEC00A3948B8EEC00A07F072FEBDEE1B
:100D6000C00A84ED040AD4ED010A344834495438E9
:100D7000F8EEE00AB8EEC00A07F0E0FEBDEEC00AE9
:100D800010EE100A00B2208400EE100A2B488430C6
:100D9000B8EEC00A07F02CFCBDEEC00A10EE100A37
:100DA00020841BE0BDEEC00A1D486830B8EEC00AC2
:100DB00007F047FEBDEEC00A84ED040AD4ED010A37
:100DC00017481F491430F8EEE00AB8EEC00A07F0E1
:100DD000B5FEBDEEC00A10EE100A208401AD194820
:100DE0000095B4F92030194CB0F916201648646803
:100DF000B0F92010B0F90000A04715480022009576
:100E000040F2FF131349446813480068A047FEBD31
:100E1000104B0024A69BC43B404E0024A00100249C
:100E2000D44E002400C085450040354500C08545AE
:100E30000040354500F8FF4500000000E44F002465
:100E4000B8000024384D0024EE4D00243801002461
:100E50002401002488050024080000240748818C10
:100E6000022907D8008800EE100A0548B8EE400AAB
:100E700080ED030A0348C06800470000404E00248C
:100E8000D44E0024C801002490ED002A90ED011AF0
:100E9000B7EEC20AB7EEC11AB0EEC00BB0EEC11B7E
:100EA000B4EEC10BF1EE10FA04D29FED070A80ED0B
:100EB000000A7047DFED050AB0EE420A02EE600A52
:100EC00080ED000A7047000000000000CDCC4C3ED1
:100ED000014801F047BA00003C0B0024014801F032
:100EE00041BA0000C40A0024014801F03BBA0000E6
:100EF000B40B0024014801F035BA0000D4090024E5
:100F0000014801F02FBA00002C0C0024014801F028
:100F100029BA00004C0A002410B52C4A01689142FD
:100F20003AD02A4A1832914236D0284A3032914279
:100F300032D0264A483291422ED0244A6032914221
:100F40002AD0224A7832914226D0204A90329142C9
:100F500022D01E4AA83291421ED01D4A91421BD077
:100F60001B4A1832914217D0194A3032914213D09D
:100F7000174A483291420FD0154A603291420BD045
:100F8000134A7832914207D0114A9032914203D0ED
:100F90000F4AA832914214D1CAB2103A1823B2FBB8
:100FA000F3F20C4C02F00703E35CC365032A04D997
:100FB0006FF30901091D816506E06FF30901816581
:100FC00002E021F0FF018165806D10BD100002403C
:100FD00010040240F4DA000810B501680123224C25
:100FE000CAB2A1421BD0204C1434A14217D01E4CCF
:100FF0002834A14213D01C4C3C34A1420FD01A4CCF
:101000005034A1420BD0184C6434A14207D0164C86
:101010007834A14203D0144C8C34A1420FD1083A49
:101020001421B2FBF1F1114A02EB810202660F4A70
:101030008032426601F01F018B40836610BD103A7A
:101040001824B2FBF4F20A4C2144A82900D8083233
:10105000084901EB8201016606498031416602F0D0
:101060001F018B40836610BD085402580058025877
:10107000F0FBFDBF000802400279521E072A31D85A
:10108000194B016899421BD0174B1433994217D062
:10109000154B2833994213D0134B3C3399420FD050
:1010A000114B503399420BD00F4B6433994207D008
:1010B0000D4B7833994203D00B4B8C33994207D1B7
:1010C0000A4901EB8201C16608494031016706E027
:1010D000074901EB8201C1660549403101670121E1
:1010E0009140416770470000085402580059025867
:1010F00000090240014610B500208B694FF0C07412
:101100008A6A002B0ED0B3F5005F1AD062B3012AB1
:101110002AD0022A28D0032A03D1C96AC90100D5DE
:10112000012010BD1AB1012A06D0022AF9D1C96ADC
:10113000C901F6D5012010BDC96AA142FBD1012029
:1011400010BD52B1012A0AD0022A06D0032AF7D1D3
:10115000C96AA142F4D1012010BD012010BDC96AA5
:10116000C901FBD5012010BD012010BD2DE9F04FB4
:10117000856D8A4E894FDFF824C2A836DFF81C82BD
:10118000DFF818920CF1180CDFF810A208F1300803
:10119000DFF808B209F1480904680AF1600A0BF1A6
:1011A000780BBC426DD064456BD0444569D04C454A
:1011B00067D0544565D05C4563D0DFF8E0E10EF1BF
:1011C000900E74455DD0B4425BD0DFF8D4E1744535
:1011D00057D0DFF8CCE10EF1180E744551D0DFF88E
:1011E000C0E10EF1300E74454BD0DFF8B4E10EF1E2
:1011F000480E744545D0DFF8A8E10EF1600E744545
:101200003FD0DFF89CE10EF1780E744539D0DFF85D
:1012100090E10EF1900E744533D0DFF884E10EF1C9
:10122000A80E74452DD0DFF87CE1744529D0DFF895
:1012300074E10EF1140E744523D0DFF868E10EF16D
:10124000280E74451DD0DFF85CE10EF13C0E7445AC
:1012500017D0DFF850E10EF1500E744511D0DFF8D1
:1012600044E10EF1640E74450BD0DFF838E10EF165
:10127000780E744505D0DFF82CE10EF18C0E744524
:1012800009D1D0E919E4CEF80440C46E1CB1D0E90C
:101290001CE4CEF804400468BC422ED064452CD037
:1012A00044452AD04C4528D0544526D05C4524D00E
:1012B0003A4F9037BC4220D0B4421ED0384EB44290
:1012C0001BD0374E1836B44217D0354E3036B442A4
:1012D00013D0334E4836B4420FD0314E6036B4424C
:1012E0000BD02F4E7836B44207D02D4E9036B442F4
:1012F00003D02B4EA836B4421BD190F85C4004F0CA
:101300001F063F24B440AC600468256825F480259E
:101310002560046863608368402B05D0036899608A
:101320000068C260BDE8F08F03689A600068C16021
:10133000F8E71C4EB4421BD01A4E1436B44217D0F4
:10134000184E2836B44213D0164E3C36B4420FD055
:10135000144E5036B4420BD0124E6436B44207D00D
:10136000104E7836B44203D00E4E8C36B442D9D1EA
:1013700090F85C4004F01F060124B4406C600468DF
:1013800063608368402B04D0036899600068C26082
:10139000C8E703689A600068C160C3E710000240B4
:1013A000100402400854025808B50CF0B3F900903C
:1013B00000F006F8042168460BF028FDF8E700006D
:1013C0002DE9F047914F387801287DD100243C70F9
:1013D0008F48A0F116054178027842EA0122C2F353
:1013E0000A03A3F580632B80CA08817842EA411280
:1013F000C2F30A0CACF5806CA5F802C0C27889096A
:1014000041EA8202017942EA8122C2F30A06A6F584
:101410008066AE804A08417942EAC112C2F30A02EC
:10142000A2F58062EA805B1D0A2B00D82C800CF1AB
:10143000050CBCF10A0F00D86C80761D0A2E00D86E
:10144000AC80521D0A2A00D8EC808A092A72C1F3A6
:1014500001116972C279817941EA02216981427A76
:10146000017A41EA0221A981C27A817A41EA022104
:10147000E981017B2974417B6974C27B817B41EAEC
:1014800002216982017C407C41EA0020A0F5806055
:1014900000B2A88200F52570B0F5A56F00D9AC8226
:1014A00006F088FA2B7A03225A494FF00108DFF838
:1014B0006891032B594E36D1687A98B3EB885B421A
:1014C0003380AB885B4200E098E07380022804D050
:1014D000032808D001280BD014E086F81680747613
:1014E0007C6272730EE0B475747670737C6209E08E
:1014F000B47586F819807A6A322A02DA521C7A6246
:1015000000E0707334736888F08028883081A88A7E
:101510004000B08091ED000ABDEEC00A10EE100A46
:10152000708158E0FFE7022B49D1687AC0B3EA889E
:1015300052423280AA88524272807073B5F90220FA
:101540009FED371B00EE102AB8EEC00B20EE010B0A
:10155000BDEEC00B10EE102AF2802A88328186F888
:101560000C8091ED000ABDEEC00A10EE101A7181D8
:101570002D4991ED000A2D4981ED040A022804D07D
:1015800001280ED0032818D025E0A88A798800EB1E
:1015900080000844A9F80A00B47586F819801AE09A
:1015A0000DE0B47586F81980A88A798800EB800070
:1015B00008444042A9F80A000DE074760BE0012BC4
:1015C00002D1687A03280DD0347334807480B480DB
:1015D0003481F4807273707B1549012805D003288B
:1015E00008D008E007F0B2FCF5E789F80C8081F834
:1015F000048000E00C710F4800688047BDE8F047A8
:10160000034912220C4805F0BFBC0000540100241D
:10161000C24E00240C010024E8010024104B0024D9
:101620009A9999999999C93F10010024D44E0024A0
:101630002C020024F8000024180800240249122279
:10164000024805F0A1BC0000C24E00241808002486
:101650007047000010B51048104C017B012904D1DF
:10166000417B012901D14089E080B4F902000C4995
:1016700000EE100AB4F90600F8EEC00A00EE100AF7
:101680000848B8EEC00A07F05FF9BDEEC00A10EED8
:10169000100AE08210BD0000E8010024384D00244B
:1016A000604A00248C510024704772B6FEE70000A7
:1016B000014801F05FBF000088050024014801F0E7
:1016C00059BF000088050024014801F053BF000005
:1016D00028060024014801F04DBF00002806002420
:1016E00030B5426B036853F8844F4FF6FC718C435E
:1016F00044EA82041C60036853F8844F058F24F485
:101700007F0444EA05441C60836B1A44036853F861
:10171000884F8C4344EA82041C60036853F8884F66
:10172000858F24F4FE0444EA05441C60C36B02EB7D
:101730004302036853F8A04F8C4344EA82041C60C0
:10174000036853F8A04FB0F8405024F4FE0444EA74
:1017500005441C60D0E9103403FB0422036853F8ED
:10176000B04F8C4344EA82041C60036853F8B04FC6
:10177000B0F8485024F4FE0444EA05441C60D0E963
:10178000123403FB0422036853F8AC4F8C4344EA41
:1017900082041C60D0E9143403FB0422036853F86C
:1017A000F04F8C4344EA82041C60036853F8F04F06
:1017B000B0F8585024F47C1444EA05441C60836D4E
:1017C00002EB4303026852F8C04F8C4344EA8301A2
:1017D0001160016851F8C02FB0F85C3022F47C121F
:1017E00042EA03420A60016851F8C02F90F8603065
:1017F00022F07C5242EA03620A60416B224A02EB09
:101800008101C166826B01EB82020267C36B02EB4E
:10181000C3024267D0E91034634302EB830282675C
:10182000D0E91234634302EB8302C267D0E9143477
:10183000634302EB8302C0F88020836D02EBC30296
:10184000C0F88420C46D836E5C4302EB8402C0F850
:101850008820046E5C4302EB8402C0F890200B4B9E
:101860009A4208D99830416841F020014160032133
:101870000170012030BD002200E004C1D0F890309A
:101880008B42FAD8002030BD00AC0040FCD30040B1
:10189000F0B5D1E901650C692C430D68002E1AD012
:1018A00045F080452C4391F82070D1E90665354319
:1018B0004E6946EA076635438E8945EA0645D0F803
:1018C0008460806E584306EB80031C605D600833C3
:1018D00000200B4E0FE044EA8544E4E71418155C41
:1018E000E77845EA0765A77864783F0447EA042467
:1018F000254320C3001DCC68345D8442EED8F0BD82
:10190000FCDA000838B50D4600240460446002216A
:1019100081600121C160046144610146284601F0F3
:10192000F4FC08B1FFF7C1FE02222846002311464D
:10193000009401F02EFD002803D0BDE83840FFF7E9
:10194000B4BE38BD10B50446491EC8B20C4900EB00
:10195000800001EB00102146FFF7D4FF204602F083
:10196000B8F908B1FFF7A1FE06480022012101F0F5
:1019700053FC002803D0BDE81040FFF796BE10BD11
:10198000344B00248805002410B58CB00E9C0091C7
:10199000019302920021039108220492059106917D
:1019A00007910891099121680A9161680B910023C0
:1019B0001A4669460BF052FC0CB010BD94B01C4E98
:1019C0000CAF4FF0FF3808A9424630680BF058FDC5
:1019D000089CA4F2052001280BD82022394668462D
:1019E000FEF706FE134809A90EC905682046A84758
:1019F000E9E7A4F5007107390ED0B4F5027FE2D112
:101A0000202239466846FEF7F3FD0B4809A90EC9A6
:101A100045682046A847D6E7202239466846FEF7A3
:101A2000E7FD064809A90EC905682046A847CAE788
:101A30000000002438010024480100243001002463
:101A400094B00E4D0E4F0DF130084FF0FF3940F2BB
:101A50001F1608A94A4628680BF012FD089CB442DC
:101A6000F7D1202241466846FEF7C2FD09A9D7F802
:101A700004C020460EC9E047EBE700000400002444
:101A8000F80000247047000010B500F047F81D482A
:101A90001D4C90ED000AF1EE400AFDEEE00A10EE5A
:101AA000900A00B2E080BDEEC00A10EE101AE18488
:101AB000B4F9001000EE101A1449F8EEC00A00EE56
:101AC000100A1348B8EEC00A06F03EFFBDEEC00A89
:101AD00010EE100AA082B4F920000E4900EE100AA0
:101AE000B4F92600F8EEC00A00EE100A0A48B8EE73
:101AF000C00A06F029FFBDEEC00A10EE100AA0864B
:101B000010BD000010020024DA4D0024E04900243A
:101B100098500024204A0024E85000240A480B4929
:101B2000407E00280BD0012808D1A1F11800408880
:101B300000EE100AB8EE400A81ED000A70479FEDF2
:101B4000040A81ED000A7047104B002410020024A3
:101B500000000000FEB504460020009001900290B5
:101B600004F12001204605F061FF94ED080A04F11C
:101B7000300104F1280006F045FC94ED090A04F157
:101B80003C0104F1340006F03DFC2834444DDDED09
:101B9000002AD4ED000A94F9080094ED031AC0EB72
:101BA000C00294F9140020EE810A05EB820303EBD6
:101BB0008001D1ED001A40EE212A94F91510D4EDE0
:101BC000041A03EB810360EEA10A93ED002A40EEB4
:101BD000822A94F9093094ED012AC3EBC30322EE63
:101BE000011A05EB830505EB800696ED003A41EE00
:101BF000032A05EB810562EE211A95ED002A41EEDC
:101C0000822A274E9DED012AC43606EB820505EB9C
:101C1000800797ED003A00EE032A05EB810595ED6C
:101C2000003A00EE832A06EB830505EB800696ED6D
:101C3000003A01EE032A05EB810595ED003A01EE2D
:101C4000832A184D9DED023A05EB820202EB8006D5
:101C5000D6ED003A00EE233A02EB810292ED000A43
:101C600000EE803A05EB830202EB800090ED000A63
:101C700001EE003A02EB810090ED000A01EE803A9D
:101C8000B0EE080AC2EE800A44ED0A0AC2EE000A6B
:101C900044ED090AC3EE000A44ED080AFEBD000047
:101CA00090DB000818DD000800220D4B002904D04D
:101CB000012907D002290ED109E0D968C14001F0FD
:101CC000010208E09968C14001F0010203E01969CE
:101CD000C14001F001020AB10120704700207047A5
:101CE000684E002410B5054C03E010F8013B53404A
:101CF000E25C491E4B1CF8D1104610BDDCDD00082B
:101D000010B50B480168001D0468001D00680844F8
:101D100000280BD00749082205F02EFE05490422B1
:101D20002046BDE81040103105F026BE10BD000071
:101D300000E8F11F760200242DE9F84F044602F076
:101D400003F900905CB194F83500022809D0802096
:101D50006065002084F834000120BDE8F88F012080
:101D6000FBE7D14ED04FD0491836DFF83C833037EF
:101D7000DFF83493DFF830A308F14808DFF828B320
:101D800009F1600920680AF1780A0BF1900B88428A
:101D90002ED0B0422CD0B8422AD0404528D0484559
:101DA00026D0504524D0584522D0BF4AA832904270
:101DB0001ED0BE4A90421BD0BC4A1832904217D067
:101DC000BA4A3032904213D0B84A483290420FD0CB
:101DD000B64A603290420BD0B44A7832904207D073
:101DE000B24A9032904203D0B04AA83290420AD10F
:101DF000026822F01E0202602068426922F080021E
:101E00004261256804E0026822F00E020260256843
:101E1000206888424DD0B0424BD0B84249D04045AE
:101E200047D0484545D0504543D0584541D09E4ABB
:101E3000A83290423DD09D4A90423AD09B4A1832F7
:101E4000904236D0994A3032904232D0974A483246
:101E500090422ED0954A603290422AD0934A7832EE
:101E6000904226D0914A9032904222D08F4AA83296
:101E700090421ED08E4A90421BD08D4A143290421E
:101E800017D08B4A2832904213D0894A3C32904274
:101E90000FD0874A503290420BD0854A643290422C
:101EA00007D0834A7832904203D0814A8C329042E4
:101EB00004D1206E026822F4807202607A492068A0
:101EC00088422ED0B0422CD0B8422AD0404528D0EB
:101ED000484526D0504524D0584522D07249A831D3
:101EE00088421ED0714988421BD0704918318842FF
:101EF00017D06E493031884213D06C49483188423E
:101F00000FD06A49603188420BD0684978318842E5
:101F100007D066499031884203D06449A83188428D
:101F200004D1016821F00101016013E0016821F092
:101F3000010101600EE002F007F80099401A05283F
:101F400008D92020343420620320607000202070E3
:101F5000012002E72868C007EDD1534A012120681B
:101F600090422ED0B0422CD0B8422AD0404528D042
:101F7000484526D0504524D0584522D04A4BA83356
:101F800098421ED0494B98421BD0484B1833984278
:101F900017D0464B3033984213D0444B48339842C5
:101FA0000FD0424B603398420BD0404B783398426D
:101FB00007D03E4B9033984203D03C4BA833984215
:101FC00008D1A06D94F85C3003F01F053F23AB40AF
:101FD000836007E0A06D94F85C3003F01F0301FA02
:101FE00003F34360206890424DD0B0424BD0B842DA
:101FF00049D0404547D0484545D0504543D0584545
:1020000041D0294AA83290423DD0284A90423AD045
:10201000264A1832904236D0244A3032904232D08A
:10202000224A483290422ED0204A603290422AD032
:102030001E4A7832904226D01C4A9032904222D0DA
:102040001A4AA83290421ED0194A90421BD0184A10
:102050001432904217D0164A2832904213D0144AB4
:102060003C3290420FD0124A503290420BD0104A6C
:102070006432904207D00E4A7832904203D00C4A24
:102080008C3290420BD1D4E919205060E06E30B10F
:10209000026822F480720260D4E91C20506034345B
:1020A00061700020207058E61000024010040240C9
:1020B000085402582DE9F05F002808D090F8351038
:1020C000022906D0802141650120BDE8F09F012052
:1020D000FBE7A14AA04BA04C18329F4D30339E4ED7
:1020E0004834DFF874B26035DFF870C27836DFF854
:1020F0006C82DFF868920CF1300CDFF860A208F116
:102100006008016809F17809944F0AF1900A59456D
:1021100031D091422FD099422DD0A1422BD0A9424B
:1021200029D0B14227D0DFF830E20EF1900E714590
:1021300021D0DFF824E20EF1A80E71451BD0DFF8A4
:102140001CE2AEF1180E714515D0B94213D0DFF87C
:102150000CE20EF1180E71450DD061450BD0DFF881
:10216000FCE10EF1480E714505D0414503D04945CB
:1021700001D0514537D14FF0040E80F835E0594574
:1021800027D0914225D0994223D0A14221D0A94203
:102190001FD0B1421DD070489030814219D06E4896
:1021A000A830814215D06D481838814211D0B9420B
:1021B0000FD06A48183081420BD0614509D067487A
:1021C0004830814205D0414503D0494501D05145B1
:1021D00004D1086820F001000860BAE0086820F027
:1021E00001000860B5E0D1F800E02EF00E0EC1F855
:1021F00000E00168DE46594531D091422FD0994226
:102200002DD0A1422BD0A94229D0B14227D0DFF84E
:1022100048B10BF1900B594521D0DFF83CB10BF1DF
:10222000A80B59451BD0DFF834B1ABF1180B594559
:1022300015D0B94213D0DFF824B10BF1180B594572
:102240000DD061450BD0DFF814B10BF1480B5945A7
:1022500005D0414503D0494501D0514506D1D1F8BB
:1022600000B02BF0010BC1F800B005E0D1F800B0D0
:102270002BF0010BC1F800B001684FF0010B714564
:1022800046D0914244D0994242D0A14240D0A94286
:102290003ED0B1423CD0304A9032914238D02E4AA2
:1022A000A832914234D02D4A183A914230D0B942E6
:1022B0002ED02A4A183291422AD0614528D0274A86
:1022C0004832914224D0414522D0494520D0514541
:1022D0001ED0234A91421BD0214A1432914217D07A
:1022E0001F4A2832914213D01D4A3C3291420FD0EE
:1022F0001B4A503291420BD0194A6432914207D0A6
:10230000174A7832914203D0154A8C32914218D143
:10231000016E0A6822F480720A60816D90F85C2078
:1023200002F01F020BFA02F24A60D0E91921516053
:10233000C16E31B10A6822F480720A60D0E91C21B2
:10234000516080F835B0002180F83410016D01B182
:1023500088470020B9E6000010000240280402402F
:10236000085402582DE9FF5F0446002001904FF405
:102370001651FD480068B0FBF1F00090A56D2E6885
:102380002968FA4FDFF8E4B3DFF8E083DFF8DC9385
:102390000BF1180BDFF8D4A308F13008206809F11D
:1023A00048090AF1600AB8423BD05A46904238D0F8
:1023B000404536D0484534D0504532D0EB4A78328B
:1023C00090422ED0E94A903290422AD0E74AA83271
:1023D000904226D0E64A904223D0E54A18329042F5
:1023E0001FD0E34B303398421BD0E14B4833984227
:1023F00017D0DFF87CC30CF1600C604511D0DFF81A
:1024000070C30CF1780C60450BD0DFF864C30CF19D
:10241000900C604505D0DFF858E30EF1A80E70452A
:102420007ED194F85C10082301F01F0103FA01F239
:1024300032424BD0B84232D0584530D040452ED0F1
:1024400048452CD050452AD0C8497831884226D0FA
:10245000C6499031884222D0C449A83188421ED052
:10246000C34988421BD0C2491831884217D0C0499D
:102470003031884213D0BE49483188420FD0BC4920
:10248000603188420BD0BA497831884207D0B849C8
:102490009031884203D0B649A831884203D10168FF
:1024A00001F0040102E0016801F0080171B1016866
:1024B00021F00401016094F85C0000F01F0003FAB1
:1024C00000F2AA60606D40F00100606594F85C0065
:1024D000012100F01F008140314240D02068B84205
:1024E00034D0584532D0404530D048452ED05045A4
:1024F0002CD09E4A7832904228D09C4A903290420A
:1025000024D09A4AA832904220D0994A90421DD0B5
:10251000974A1832904219D0954A3032904200E0E2
:10252000D2E113D0924A483290420FD0904A6032A2
:1025300090420BD08E4A7832904207D08C4A90322B
:10254000904203D08A4AA83290427DD1406910F06F
:10255000800F04D0A960606D40F00200606594F8BF
:102560005C00042100F01F00814031423ED0206811
:10257000B84232D0584530D040452ED048452CD0B6
:1025800050452AD0794A7832904226D0774A903204
:10259000904222D0754AA83290421ED0744A90428E
:1025A0001BD0734A1832904217D0714A3032904291
:1025B00013D06F4A483290420FD06D4A6032904239
:1025C0000BD06B4A7832904207D0694A90329042E1
:1025D00003D0674AA83290424ED1006810F0020F33
:1025E00004D0A960606D40F00400606594F85C0060
:1025F000102100F01F008140314260D02068B842B5
:1026000034D0584532D0404530D048452ED0504582
:102610002CD0564A7832904228D0544A9032904278
:1026200024D0524AA832904220D0514A90421DD024
:102630004F4A1832904219D04D4A3032904215D04C
:102640004B4A4832904200E014E00FD0484A6032D2
:1026500090420BD0464A7832904207D0444A90329A
:10266000904203D0424AA832904207D1006800F05D
:10267000080006E0006872E70068B7E7006800F04D
:10268000040058B1A9602068016849030CD50068AE
:10269000000304D4216C09B1204688470FE0A16CE7
:1026A00069B1204688470AE00168C90503D401687A
:1026B00021F008010160216C09B12046884794F897
:1026C0005C00202100F01F00814031427BD0206857
:1026D000B84232D0584530D040452ED048452CD055
:1026E00050452AD0214A7832904226D01F4A903253
:1026F000904222D01D4AA83290421ED01C4A9042DD
:102700001BD01B4A1832904217D0194A30329042DF
:1027100013D0174A483290420FD0154A6032904287
:102720000BD0134A7832904207D0114A903290422F
:1027300003D00F4AA832904203D1006800F0100085
:1027400002E0006800F00200E8B3A96094F83500E8
:10275000042812D02068016849033DD500680003B1
:1027600035D4616C79B305E04800002410000240C4
:1027700010040240204688473FE02068016821F0AD
:10278000160101602068416921F080014161206CDF
:1027900008B9A06C20B12068016821F0080101602F
:1027A00094F85C0000F01F013F208840A8600120E1
:1027B00084F83500002084F83400216D002974D09D
:1027C00004B0204600E018E0BDE8F05F0847E16B88
:1027D00099B12046884710E00168C90509D401680D
:1027E00021F010010160012084F83500002084F8F8
:1027F0003400E16B09B120468847606D002854D051
:10280000606DC00758D0042084F835002068B842B5
:1028100031D058452FD040452DD048452BD050457C
:1028200029D0B749884226D0B5491831884222D0EC
:10283000B349303188421ED0B24988421BD0B149D9
:102840001831884217D0AF493031884213D0AD4992
:10285000483188420FD0AB49603188420BD0A9493A
:102860007831884207D0A7499031884203D0A549E2
:10287000A831884204D1016821F00101016003E020
:10288000016821F00101016021680198009A401C53
:102890000190904202D80868C007F6D10868C007C6
:1028A00004D0032084F8350003E087E0012084F899
:1028B0003500002084F83400E16C00297ED004B09B
:1028C0002046BDE8F05F08478F4EB0421BD08E4EC9
:1028D0001436B04217D08C4E2836B04213D08A4EF0
:1028E0003C36B0420FD0884E5036B0420BD0864EA8
:1028F0006436B04207D0844E7836B04203D0824E60
:102900008C36B0425AD106684FF0040E94F85CB091
:102910000BF01F0B0EFA0BFE1EEA010FCDF80CE0B8
:102920005ED05FEA467E5BD503986860300411D5BF
:10293000F00307D4A16C002940D004B02046BDE8C4
:10294000F05F0847216C002938D004B02046BDE86C
:10295000F05F0847B0063BD42068B8422DD06849E4
:102960006039884229D0404527D0484525D0504578
:1029700023D06349884220D06149183188421CD055
:102980005F493031884218D05E49884215D0904264
:1029900013D05C49303188420FD098420DD059494C
:1029A0006031884209D057497831884205D0604566
:1029B00003D05449A831884206D100E07CE0016888
:1029C00021F00801016003E0016821F004010160C9
:1029D000216C002970D004B02046BDE8F05F0847A4
:1029E0004FF0020E0EFA0BFE1EEA010FCDF808E0C2
:1029F00063D05FEA867E60D502986860300411D5A6
:102A0000F00307D4616C002978D004B02046BDE8FB
:102A1000F05F0847E16B002970D004B02046BDE8A4
:102A2000F05F0847B0063FD42068B8422DD0344943
:102A30006039884229D0404527D0484525D05045A7
:102A400023D02F49884220D02D49183188421CD0EC
:102A50002B493031884218D02A49884215D09042FB
:102A600013D02849303188420FD098420DD02549E3
:102A70006031884209D023497831884205D06045C9
:102A800003D02049A831884204D1016821F0140103
:102A9000016003E0016821F00A010160012084F86F
:102AA0003500002084F83400E16B002926D004B002
:102AB0002046BDE8F05F084720E0082202FA0BF24A
:102AC0000A421BD0310719D5016821F00E010160BF
:102AD00094F85C0000F01F01012000FA01F1696028
:102AE000606584F83500002084F83400E16C00292A
:102AF00004D004B02046BDE8F05F0847BDE8FF9F62
:102B00008800024010040240085402582DE9F05F8A
:102B1000044601F019FA0646002C7DD0F44F02223B
:102B2000DFF8CC830025DFF8C893DFF8C4A308F1F1
:102B30003008DFF8BCB309F1480920680AF1600ADF
:102B40000BF1780BB84232D0E949183188422ED0C7
:102B500040452CD048452AD0504528D0584526D04D
:102B6000E3499031884222D0E149A83188421ED001
:102B7000E04988421BD0DF491831884217D0DD492F
:102B80003031884213D0DB49483188420FD0D949CF
:102B9000603188420BD0D7497831884207D0D54977
:102BA0009031884203D0D349A83188427ED184F83D
:102BB000352084F83450B84234D0CD491831884299
:102BC00030D040452ED048452CD050452AD05845CD
:102BD00028D0C7499031884224D0C549A8318842BD
:102BE00020D0C44988421DD0C2491831884219D02A
:102BF000C0493031884215D0BE494831884211D091
:102C0000BC49603188420DD0BA497831884209D038
:102C1000B8499031884200E009E003D0B549A831B5
:102C2000884207D1016821F00101016013E0012011
:102C3000BDE8F09F016821F0010101600BE001F0A7
:102C400083F9801B052806D920206065032084F8BD
:102C500035000120ECE720680068C007EFD122684A
:102C60001168A5480140D4E902031843D4E90436A9
:102C700033431843A3691843E3691843236A18438D
:102C80000843616A042903D1D4E90B1319430843AB
:102C90009A4909686FF30F01B1F1005F11D36168C0
:102CA000A1F12903052B0AD9163B00E02EE0032BE6
:102CB00005D9083B012B02D94F39032901D840F42B
:102CC000801010602068406920F00701606A40EAC7
:102CD000010604280DD1A06A0643E06A48B12046E7
:102CE000FEF708FA28B140206065012084F835001D
:102CF0009EE7206846612046FEF70EF994F85C10C6
:102D000001F01F023F219140816066E07C498842CA
:102D10001BD07B4B1433984217D0794B2833984201
:102D200013D0774B3C3398420FD0754B50339842B9
:102D30000BD0734B6433984207D0714B7833984271
:102D400003D06F4B8C3398427ED1884211D06C49AE
:102D5000143188420DD06A492831884209D0684927
:102D60003C31884205D066495031884201D06449DF
:102D7000643184F8352084F83450026861490A408F
:102D8000A16840297ED080297DD00021E36841EAF6
:102D9000D301236941EAD301636941EAD301A369FD
:102DA00041EAD301E36941EAD301236A41EA1311FD
:102DB0001143016052492068494208441421B0FB84
:102DC000F1F08000E0652046FEF7A6F894F85C106C
:102DD00001F01F020121914041602068B84256D0A5
:102DE00043491831884252D0404550D048454ED0D2
:102DF00050454CD058454AD03D499031884246D044
:102E00003B49A831884242D03A4988423FD03949AB
:102E1000183188423BD037493031884237D0354964
:102E20004831884233D03349603188422FD031490C
:102E3000783188422BD02F499031884227D02D49B4
:102E4000A831884223D000E02DE02D4988421ED0D1
:102E50002B49143188421AD029492831884216D08A
:102E600027493C31884212D02549503188420ED042
:102E70002349643188420AD021497831884206D0FA
:102E80001F4901E00AE00BE08C31884229D120463D
:102E9000FEF7A2F8A06880280CD00CE0102175E79E
:102EA0004FF4804172E740206065032084F83500CC
:102EB0000120BDE66560216E20790860D4E9191013
:102EC00048606068401E072808D82046FEF7D4F8FE
:102ED000E06E0560D4E91C10486002E0E5662567F5
:102EE00065676565012084F835000020A0E60000D4
:102EF00010000240100402403F8010FE0010005CF1
:102F0000085402580F00FEFF2DE9F84F0446002038
:102F10000090002C15D094F83400012813D0012023
:102F200084F8340094F835500020012D0DD04FF472
:102F30000061616584F83400012000900098BDE8CC
:102F4000F88F0120FBE70220F9E7022584F83550CD
:102F50006065A54DA44EA44F1835DFF88CC23036FD
:102F6000DFF884824837DFF88092DFF87CA208F12E
:102F70006008DFF874B209F1780920680AF1900A54
:102F80000BF1A80B60453BD0A84239D0B04237D0F6
:102F9000B84235D0404533D0484531D050452FD088
:102FA00058452DD0DFF844C2604529D0DFF83CC237
:102FB0000CF1180C604523D0DFF830C20CF1300C56
:102FC00060451DD0DFF824C20CF1480C604517D0D5
:102FD000DFF818C20CF1600C604511D0DFF80CC2AC
:102FE0000CF1780C60450BD0DFF800C20CF1900CAE
:102FF000604505D0DFF8F4C10CF1A80C604506D19E
:10300000D0F800C02CF0010CC0F800C005E0D0F8EA
:1030100000C02CF0010CC0F800C02046FEF7A6F856
:103020007149206888422CD0A8422AD0B04228D0CA
:10303000B84226D0404524D0484522D0504520D023
:1030400058451ED0694A90421BD0684A18329042B7
:1030500017D0664A3032904213D0644A48329042C8
:103060000FD0624A603290420BD0604A7832904270
:1030700007D05E4A9032904203D05C4AA832904218
:103080000DD1026822F01E0242F016020260206C8E
:1030900090B12068026842F0080202600CE0026809
:1030A00022F00E0242F00A020260206C20B1206879
:1030B000026842F004020260206888424BD0A842B5
:1030C00049D0B04247D0B84245D0404543D04845AA
:1030D00041D050453FD058453DD0444A90423AD027
:1030E000424A1832904236D0404A3032904232D072
:1030F0003E4A483290422ED03C4A603290422AD01A
:103100003A4A7832904226D0384A9032904222D0C1
:10311000364AA83290421ED0354A90421BD0344ADB
:103120001432904217D0324A2832904213D0304A9B
:103130003C3290420FD02E4A503290420BD02C4A53
:103140006432904207D02A4A7832904203D0284A0B
:103150008C3290420DD1206E0268D20303D50268F2
:1031600042F480720260E06E18B1026842F480722C
:103170000260206888422CD0A8422AD0B04228D0D1
:10318000B84226D0404524D0484522D0504520D0D2
:1031900058451ED0154988421BD014491831884221
:1031A00017D012493031884213D010494831884233
:1031B0000FD00E49603188420BD00C4978318842DB
:1031C00007D00A499031884203D00849A831884283
:1031D00004D1016841F001010160AFE6016841F0EE
:1031E00001010160AAE60000100002401004024044
:1031F0000854025870B5044600F0A6FE0546601C4F
:1032000002D004480078044400F09EFE401BA04217
:10321000FAD370BD3C00002410B590F89830012B13
:1032200008D0022B06D050F89C1F41F0020101602B
:10323000012010BD03689C6D0C4204D1DC6D44F08C
:103240000104DC6505E09C6D31EA04041CD0032414
:10325000DC658B0504D5036853F8E04F14431C600C
:103260004B0504D5036853F8E44F14431C60006811
:10327000426D084B0B401A4342650748026842EA18
:1032800091710160002010BDDC6D44F00204DC652A
:10329000DFE70000FFFFCF3F14A8004070B50446F1
:1032A00094F89800022806D054F89C0F40F00800CB
:1032B0002060012070BD2068D0F8C03013F07C5F22
:1032C0000AD0D0F8C4309B020DD554F89C0F40F4BE
:1032D00000702060012070BD54F89C0F40F0200069
:1032E0002060012070BDD0F8C400C0F30445204622
:1032F0002B46FEF7CDFA21680120A840C1F8D00086
:10330000C4F89400002070BD704710B590F8982064
:10331000012A08D0022A06D050F89C1F41F0020171
:103320000160012010BDCA680B688BB1072A0B69C8
:1033300043EA42732BD00C7A4A6942EA84724968A4
:10334000006F00EBC100036042604FF0000010BD51
:10335000072A10D00C7A4FEAC2624B6943EA8473A1
:103360000C8A42EA044243EA02034968C06E00EB59
:1033700081000360E9E70B8A4FF060548A6942EAF2
:103380000343CA6944EA022243EA0203EDE78A6979
:10339000D5E730B5039C90F89850012D06D050F831
:1033A0009C1F41F004010160012030BD006809014B
:1033B00041EA820141EA43012143C0F88010002024
:1033C00030BD704770470000F0B5002490F8985069
:1033D000022D06D050F89C1F41F008010160012029
:1033E000F0BD40290BD0412936D0056D8D4260D803
:1033F00050F89C1F41F0200101600120F0BD0568DC
:10340000D5F8A06016F4FE0F18D0D5F8A4607606A3
:103410001BD0D5F8A460F60105D5D5F8A06016F04C
:10342000004F00D50124D5F8A450C5F305252C4440
:10343000456C466F654306EB85063FE050F89C1FE0
:1034400041F0200101600120F0BD50F89C1F41F4C3
:10345000807101600120F0BD0568D5F8B06016F4F8
:10346000FE0F18D0D5F8B46076061BD0D5F8B4603E
:10347000F60105D5D5F8B06016F0004F00D501244F
:10348000D5F8B450C5F305252C44C56C866F65434B
:1034900006EB850612E050F89C1F41F02001016008
:1034A0000120F0BD50F89C1F41F4807101600120A3
:1034B000F0BD456DC66F4D4306EB8506356805F0DA
:1034C000804555602DB3356825F060451560356839
:1034D00005F000559560356805F000451561B58823
:1034E000ADB2D5617568C5F30345D560756805F45F
:1034F00080155561756805F4001595617568C5F30B
:103500000665156275680836ED0F55620025174F80
:1035100009E03568C5F38A451560D8E716F805C097
:1035200003F805C06D1CD2F80CC017F80CC0AC45F0
:10353000F4D8402909D041290BD0012220290CD2EE
:1035400000688A40C0F898200DE00068C0F8A840E4
:1035500009E00068C0F8B84005E0006801F01F010C
:103560008A40C0F89C200020F0BD0000FCDA000872
:10357000704700002DE9FE4F0446B64F38688007BB
:10358000391D096800EA817002902068016D01F41C
:103590007041D0F854A00AEA010A016D01F00F0150
:1035A000D0F854B00BEA010B016D01F0F001426D4F
:1035B0000A400192016D01F07151D0F8548008EA7F
:1035C0000108016D01F06071426D0A400092416D89
:1035D000056D4FF00009CE43F10509D4E943C90553
:1035E00006D4B9150165C7F800902046FFF7C0FF63
:1035F000700510D4E84340050DD42068D0F8DC20D5
:10360000D0F8E41011404FF480620265C7F80090D2
:10361000204600F07CFB029858B18F490298084080
:10362000216808650298800F386002992046FFF7EC
:103630006BFEBAF1000F0BD0216887480AEA000040
:1036400008654FEA9A7038605146204600F061FBE9
:10365000BBF1000F0BD021687F480BEA0000086522
:103660004FEA9B7038605946204600F0D7FA01981F
:1036700058B1794901980840216808650198800F80
:1036800038600199204600F023FB30050BD4E84355
:10369000000508D421684FF400600865C7F8009061
:1036A000204600F037FBB00510D4E84380050DD468
:1036B0002068D0F8D820D0F8E01011404FF4007204
:1036C0000265C7F80090204600F022FB30030BD4BF
:1036D000E843000308D421684FF400200865C7F8C8
:1036E0000090204600F098FAF0030BD4E843C003A2
:1036F00008D421684FF480300865C7F80090204650
:1037000000F004FB70030BD4E843400308D42168A5
:103710004FF480200865C7F80090204600F0F5FAC5
:10372000B0030ED4E84380030BD421684FF400307B
:103730000865C7F80090D4F89C0040F08000C4F8F9
:103740009C00009858B144490098084021680865D9
:103750000098800F386000992046FFF733FEB8F1DB
:10376000000F0DD021683C4808EA000008654FEAC8
:1037700098703860D4F89C0040EA0800C4F89C00B7
:103780003649206888425BD160688168890757D0D4
:10379000016A01F00F02416A1140026A02F0300230
:1037A000476A1740026A02F4C072D0F8248008EA1F
:1037B0000208026A02F4FC42456A1540026A02F4F9
:1037C000F022466A1640D0F82490D0F820A019B113
:1037D0000162204600F096FA2FB160680762394610
:1037E000204600F091FA6FEA090040060ED46FEA15
:1037F0000A0040060AD46068C16B090CC26B02F073
:103800003F0240230362204600F07DFAB8F1000F2A
:1038100006D06068C0F820804146204600F071FA6A
:1038200035B160680562D4F89C002843C4F89C0058
:1038300036B160680662D4F89C003043C4F89C003E
:10384000D4F89C00002802D02046FFF7BAFDBDE85E
:10385000FE8F000010A80040FFFFCF3F00A00040F7
:103860002DE9F04393B004464C2295496846FCF795
:10387000BFFE6CB1934F2068B84202D100F5807052
:1038800060604FF4407994F89800002620B108E079
:10389000012013B0BDE8F08384F89960204600F061
:1038A00013F92068816921F01001816100F04CFB5F
:1038B00005464FF003080DE000F046FB401B0A28C8
:1038C00008D954F89C0F40F00100206004F8048CE3
:1038D0000120DEE7206880690007EDD42068816957
:1038E00041F00101816100F02FFB05460DE000F081
:1038F0002BFB401B0A2808D954F89C0F40F001000C
:10390000206004F8048C0120C3E720688069C007A8
:10391000EDD02068816941F002018161207C01289D
:1039200039D02068816941F040018161607C0128C3
:1039300037D02068816921F480418161A07C012811
:1039400035D02068816941F48051816120688169A6
:10395000A26821F44071114381612068816921F0DE
:10396000A40181612068016921F010010161E06812
:10397000012822D030B302282BD02068816941F081
:10398000800181612068016941F010010161E068F6
:10399000032818D022E02068816921F0400181616C
:1039A000C4E72068816941F480418161C6E72068ED
:1039B000816921F480518161C8E72068816941F003
:1039C000040181610AE02068816941F02001816180
:1039D00004E02068816941F020018161207E401E61
:1039E0004106E069401E41EA0020216A491E084361
:1039F000A18A491E40EA01402168C861A068484583
:103A00000FD1E16AA06A491E401E40EA0121206BE5
:103A1000401E41EA0011A08C401E41EA004021688E
:103A2000C860206E28B1206850F8C01F626E114334
:103A30000160D4E91701C842694609D0206850F8EE
:103A4000C82FA36E22F0070251F823301A430260F8
:103A5000206C48B1206850F8BC2F636C22F007023C
:103A600051F823301A430260A06C50B1206850F81E
:103A7000BC2FE36C22F0700251F8233042EA0312AB
:103A80000260206D50B1206850F8BC2F636D22F4A5
:103A9000E06251F8231042EA012101602068B84237
:103AA00004D16068816821F00301816044F8946F5B
:103AB000A66001202071943C2046FDF711FEE8E647
:103AC0000CDB000800A000402DE9F043B7B004462D
:103AD000142132A8FCF7BEFDC02102A8FCF7BAFDF4
:103AE000494D002646494FF0805220680C3D454F15
:103AF0004FF00208444C88424FF009093ED151135F
:103B00000020CDE902101E9202A801F025FA08B1AA
:103B1000FDF7CBFD3868401C3860012807D12068CC
:103B200040F480702060206800F480700190286864
:103B300040F008002860286800F008000190032089
:103B40003290CDF8CC8034963596CDF8D89032A905
:103B50002E4800F0E1F800220521132000F098FA29
:103B6000132000F087FA00220521152000F090FABA
:103B7000152000F07FFA37B0BDE8F0832449884271
:103B8000F9D100204FF40041CDE902101E9202A8A5
:103B900001F0E2F908B1FDF788FD3868401C386093
:103BA000012807D1206840F480702060206800F46C
:103BB00080700190286840F002002860286800F0BA
:103BC0000200019060203290CDF8CC80349635967A
:103BD000CDF8D89032A90F4800F09EF800220521B8
:103BE000142000F055FA142000F044FA00220521B8
:103BF000162000F04DFA162000F03CFABBE700005A
:103C000000A0004038000024EC440258000C025888
:103C100000A400400004025870470000F8B5264B8D
:103C200000210268254D9A4201D1297001E001214D
:103C300029702978224C01EB810104EB011202F179
:103C4000480320324021FFF7BFFB287804F1A0068B
:103C5000282200EB800100EB400004EB0111203131
:103C600006EB0010FCF7C4FC287800EB800200EBA8
:103C7000400104EB021206EB0111D2E91223C1E963
:103C80000A2388B10F4800236A46006809F098FBB0
:103C90000098002807D00C494FF080500860BFF30F
:103CA0004F8FBFF36F8FF8BD0848002331466A4637
:103CB000006809F085FBEBE700A000402C01002420
:103CC000344B00240400002404ED00E00000002434
:103CD000704790F89810012906D050F89C1F41F0C9
:103CE0000401016001207047022180F898100168EA
:103CF0008A6922F001028A610021C0F89C1000202C
:103D000070477047704770477047704770477047FB
:103D100070477047704700002DE9F84F00227B4D37
:103D200003264FF001080F274FF0B04CE6E008FAE9
:103D300002F31C409A46002C7ED00B7903F003035B
:103D4000012B01D0022B1BD1D0F80890530006FAAA
:103D500003FB29EA0B09D1F80CB00BFA03FB4BEA81
:103D6000090BC0F808B0436823EA0A0391F80490ED
:103D7000C9F3001909FA02F949EA0309C0F80490E5
:103D80000B79DB439B070ED0D0F80C90530006FA5A
:103D900003FA29EA0A09D1F808A00AFA03FA4AEA5A
:103DA000090AC0F80CA00B7903F00303022B14D10D
:103DB000D30800EB8303D3F820A04FEA42794FEAFF
:103DC000D96907FA09FB2AEA0B0AD1F810B00BFAF5
:103DD00009FB4BEA0A0BC3F820B0D0F8009053005F
:103DE00006FA03FA29EA0A0991F804A00AF0030A7C
:103DF0000AFA03FA4AEA090AC0F800A04B6813F469
:103E0000403F7AD0424BD3F8009049F00209C3F802
:103E100000901B6803F00203009322F0030909F1EC
:103E2000B049D9F808B493074FEA137A07FA0AF3AE
:103E30002BEA030B374B00E05FE0984201D10023EF
:103E40002DE0354B984201D1012328E0334B9842B5
:103E500001D1022323E0324B984201D103231EE01B
:103E6000304B984201D1042319E02F4B984201D1E5
:103E7000052314E02D4B984201D106230FE02C4B73
:103E8000984201D107230AE02A4B984201D1082326
:103E900005E0294B984201D1092300E00A2303FAE7
:103EA0000AF343EA0B03C9F80834DCF80030A343F3
:103EB000D1F804905FEAC92900D52343CCF800303B
:103EC000DCF80430A343D1F804905FEA892900D5D7
:103ED0002343CCF804306B68A343D1F804905FEA25
:103EE000893900D523436B602B68A343D1F8049034
:103EF0005FEAC93900D523432B60521C0C6834FAA1
:103F000002F37FF414AFBDE8F88F00008000005882
:103F1000F4440258000002580004025800080258F5
:103F2000000C0258001002580014025800180258E1
:103F3000001C025800200258002402580148006862
:103F4000000C70470010005C01488068704700005A
:103F50003C00002402488168027811448160704767
:103F60003C00002410B5032000F0B2F801F0AAFED6
:103F70000F490A68C2F303230E4AD35C03F01F0300
:103F8000D840096801F00F01515C0B4A01F01F0194
:103F900020FA01F11160094908600F2000F010F8C3
:103FA00008B1012010BD00F053F8002010BD000042
:103FB0001844025880DB00084C000024480000240C
:103FC00010B58AB00446102C2FD2002221461D20A5
:103FD00000F05EF81D2000F04DF818480460184805
:103FE000016841F002010160006800F002000090E9
:103FF00001A902A801F0F0FD0798C0B101F03EFE52
:1040000040001049B0FBF1F1491E10480E4A026011
:1040100040F2E732C260416000210161816002F03C
:104020004BFC38B101200AB010BD0120FBE701F0C4
:1040300025FEE6E7054802F089FCF4E7400000248D
:10404000E844025840420F0000040040A40C002441
:1040500082B00748016841F002010160006800F089
:104060000200019000220F21901E02B000F010B853
:10407000F4440258002809DB012100F01F0291409E
:104080004009800000F1E020C0F8001170470000F6
:10409000F0B40D460D4B1B68C3F30223C3F10704B4
:1040A000042C00D90424191D072901D2002300E0A3
:1040B000DB1E012606FA04F1491E294099409E4064
:1040C000761E16403143F0BC08F004BA0CED00E057
:1040D00000F00701054A10684FF6FF03184040EA58
:1040E0000120034908431060704700000CED00E018
:1040F0000000FA0501680122C0F8D824002280F8E7
:10410000CC24886940F000608861486D024A104301
:1041100048650020704700000300001070470068E9
:1041200041620020704770B50368586A002907D0C3
:104130009C6A00EB14440020491E4FF482750AE08B
:1041400040EA024098620DE005EB80069E5904EBC0
:104150001644401CC0B28842F6D305EB810144EA04
:1041600002405850002070BDD0F8E00406F08CBF2B
:1041700001EBC10200EB8202D0F8E004126A06F003
:10418000B0BE01EBC10200EB8202D0F8E004D2F82D
:10419000602206F014BFD0F8E00406F077BF0A06EC
:1041A00001F00F0101EBC10100EB810101D51431D8
:1041B00001E001F51571006807F0D4BE70B5044642
:1041C0004FF0010201F00F004FF000050B0600EB6D
:1041D000C00104EB810102D514314A7002E001F5FF
:1041E00015714D70087094F89404012808D084F873
:1041F0009424206807F0D2FB84F89454002070BD0A
:10420000022070BD70B5044601F00F002279904283
:1042100001D9012070BD0B064FF0010201F00F0122
:104220004FF0000501EBC10104EB810102D514310F
:104230004A7002E001F515714D708D70087094F8A8
:104240009404012808D084F89424206807F00CFD19
:1042500084F89454002070BD022070BD01F00F015D
:1042600001EBC10100EB8100D0F8680270472DE935
:10427000F04104464FF0010601F00F004FF0000539
:104280000F0600EBC00104EB810102D514314E7022
:1042900002E001F515714D7008708A600B714A7863
:1042A00002B14883022B00D14D7194F89404012887
:1042B00009D084F89464206807F0B0FA284684F89E
:1042C0009454BDE8F0810220FBE710B501F00F0423
:1042D00004EBC40100EB810101F51571CA600B61AB
:1042E00000234B614B700C708379012B00D1CA61A4
:1042F0008279006807F010FD002010BD70B50446FB
:104300000D4605F00F002179884201D9012070BDCA
:1043100029064FF000064FF0010206D500EBC00160
:1043200004EB810114314A7006E005EBC50104EB92
:10433000810101F515714E708A70087094F894042B
:10434000012807D084F89424206807F0B9FC2807D6
:1043500002D007E0022070BDA17904F29C422068DF
:1043600007F058FC84F89464002070BD10B501F08B
:104370000F0404EBC40100EB81011431CA600B612E
:1043800000234B6101234B700C708379012B00D10A
:10439000CA618279006807F0BFFC002010BD2DE9DA
:1043A000F84F04462568284607F086FE00287ED18F
:1043B000206807F0ADFE002879D0D5F80808C0F3D2
:1043C0000D20C4F8D404206807F0A2FE800704D5AD
:1043D0002068416901F002014161206807F098FE00
:1043E000C10604F29C40009035D52068816921F017
:1043F000100181612F6A07F00F0000EBC00004EB91
:10440000800606F51576C7F34340022802D0062839
:1044100012D01BE047F6F070074217D0C7F30A121C
:10442000F1681746284607F077FEF0683844F060D8
:1044300070693844706109E000990822284607F045
:104440006BFE7069C7F30A110844706120688169C6
:1044500041F010018161206807F05AFE00034FF01F
:10446000080B4FF000094FF001085ED500262068C8
:1044700007F02DFE824655E05FEACA704FD02068F3
:10448000F1B207F03DFE0746F80707D005EB4610EE
:10449000C0F8088B3146204604F0FCF8380709D5EF
:1044A00005EB4610C0F808BB3146204600E015E297
:1044B00004F0CCF8F80604D505EB46111020C1F83D
:1044C000080BB8071CD56869000605D5D5F804089F
:1044D00040F48061C5F8041806EBC60004EB8000C8
:1044E00000F51570C178012905D180F803902046A8
:1044F000F1B200F0F9F905EB46100221C0F8081BF3
:10450000B80604D505EB46102021C0F8081BB804F6
:1045100005D505EB46104FF40051C0F8081B761C7A
:104520004FEA5A0ABAF1000FA6D1206807F0F0FD51
:1045300040036CD5206807F0C3FD8246002663E087
:104540005FEACA705DD02068F1B207F0C7FD074688
:10455000F80723D006F00F0108FA01F0D5F8341857
:104560008143C5F8341805EB4610C0F80889A079D6
:1045700001280FD106EBC60004EB8000D0E907212B
:104580001144016236B9606A20B920680121009A9D
:1045900007F040FB2046F1B2FFF7EAFD380703D5EC
:1045A00005EB4610C0F808B9F80604D505EB46112E
:1045B0001020C1F80809780604D505EB4610402103
:1045C000C0F80819B80716D53146284607F042FD4D
:1045D00006EBC60004EB80001430C178012905D138
:1045E00080F803902046F1B200F07AF905EB46110D
:1045F0000220C1F80809380603D53146204604F0E8
:10460000BBF8761C4FEA5A0ABAF1000F98D120681D
:1046100007F07EFD002811DAD5F8040820F001012A
:10462000C5F8041894F8CC04012839D0204600F0CD
:1046300032FA2068416901F000414161206807F0C9
:1046400067FD00050BD5D5F80808C00702D0204645
:1046500000F064FA2068416901F40061416120685A
:1046600007F056FD00010AD52068416901F000619C
:10467000416194F8CC04D0B1204600F04FFA206894
:1046800007F046FDC0046ED5D5F8040820F00101FE
:10469000C5F804182068102107F0DCFC00212DE08B
:1046A00084F8CC9400212046FFF738FDC1E784F858
:1046B000CC842068406DC0F38300C4F8D00401218D
:1046C0002046FFF72BFDDAE705EB41104FF67F326E
:1046D00000F510608260036823F400130360C0F8E3
:1046E0000822D0F8002222F40012C0F80022D0F8EC
:1046F000002242F00062C0F80022491C2079884262
:10470000E2D8D5F81C0840F00111C5F81C18E07B70
:1047100060B1D5F8840840F00B01C5F88418D5F8CD
:10472000440840F00B01C5F844180CE0D5F8140813
:1047300042F22B010843C5F81408D5F8100840F0E0
:104740000B01C5F81018D5F8000820F4FE61C5F873
:104750000018A1792068009A07F05CFA2068416986
:1047600001F480514161206807F0D2FC800415D526
:10477000206807F095F8206807F08EFCE07101F0E2
:104780005BFAE2790146206807F02CFD204600F034
:104790006BF92068416901F400514161206807F01C
:1047A000B7FC000707D5204600F079F92068416979
:1047B00001F008014161206807F0AAFC000615D548
:1047C000A86920F08001A96101260CE006EBC60073
:1047D00004EB800090F85702012803D12046F1B283
:1047E000FFF7DDFC761C2079B042EFD8206807F097
:1047F0008FFCC0021FD5012615E005EB4610D0F84E
:10480000001906EBC60004EB8000027E012A09D1E4
:10481000002907DA80F81780F0B240F080012046C6
:10482000FFF7BDFC761C2079B042E6D820684169CC
:1048300001F480114161206807F06AFC800230D5E4
:10484000012026E005EB4011D1F8001B00EBC0026F
:1048500004EB820292F85832012B19D1002917DAA1
:1048600094F8D43401F4803103F0010399420FD15C
:1048700082F85782A96941F08002AA616969090634
:1048800006D4D5F8040840F40070C5F8040803E025
:10489000401C21798142D5D82068416901F400117A
:1048A0004161206807F034FC400007D52046FFF73F
:1048B0005BFC2068416901F080414161206807F09C
:1048C00027FC40070AD520684568680702D52046BE
:1048D000FFF761FC2068416829434160BDE8F88F1B
:1048E000D0F8E00406F027BCD0F8E00406F038BCAD
:1048F000F8B50446002C04D094F89504002510B1B6
:1049000006E00120F8BD84F89454204600F05CF8DD
:10491000032084F89504206807F076F9207C8DF850
:10492000000094E80F0006F0C9FF022618B184F8D1
:1049300095640120F8BD2068002107F00CFC18B137
:1049400084F895640120F8BD002101270CE001EBFB
:10495000C10004EB800047750175C1850576C5610E
:1049600005624562491CC9B220798842EFD800210E
:104970000DE001EBC10004EB800000F515704570FF
:10498000017005718560C5600561491CC9B2207957
:104990008842EED8207C8DF8000094E80F0007F0E4
:1049A0007DF818B184F895640120F8BD657484F829
:1049B0009574207B012802D12046FFF79BFB2068DD
:1049C00007F05EF80020F8BD10B5B8B00446142119
:1049D00032A8FBF73FFEC02102A8FBF73BFE1F49B0
:1049E0002068884238D100204FF48021CDE90210A0
:1049F0004FF44010249002A800F0AEFA08B1FCF782
:104A000054FE00F0CFF81648016841F00101016042
:104A1000006800F0010001904FF4C0503290022075
:104A200033900020349035900A20369032A90D48FA
:104A3000FFF772F90A480838016841F00061016027
:104A4000006800F000600190002205216520FFF75A
:104A50001FFB6520FFF70EFB38B010BD00000840BB
:104A6000E04402580000025870B504460125E07980
:104A700000280ED0022801D0FCF717FED4F8E0047D
:104A8000294606F0DEFBD4F8E004BDE8704006F0ED
:104A900091BB0025F2E7D0F8E00406F0BBBBD0F8EC
:104AA000E00406F0C1BB10B5044694F89404012854
:104AB0000AD0012084F894046174206807F07BFB1D
:104AC000002084F8940410BD022010BDD0F8E0242A
:104AD00000F29C41104606F0C0BB10B504462068A9
:104AE00094F89414012909D0012184F89414C16820
:104AF000490609D5617B012902D005E0022010BDDD
:104B0000816B41F480318163206807F07DFA206871
:104B100006F0A8FF002084F8940410BD10B50446E8
:104B2000D4F8E00406F0DBFB2068D0F8001E41F06A
:104B30000101C0F8001EE07A002804D00248016894
:104B400041F00601016010BD10ED00E070B51449A0
:104B50000A68D243520708D5096801F0070181426B
:104B600001D0012070BD002070BD0A6822F007024C
:104B700002430A60FFF7E8F90446094D4FF47A76DC
:104B8000083D06E0FFF7E0F9001BB04201D9012023
:104B900070BD2868C0438004F4D4002070BD0000BC
:104BA0000C4802580248016841F08071016070476A
:104BB0000C48025810B501F03FF805490968054A4C
:104BC000C1F30211515C01F01F01C84010BD00008B
:104BD0002044025880DB000810B569490A6802F0D9
:104BE00003020968C1F30531654B1B1D1B68C3F344
:104BF0000013634C14342468C4F3CC0414FB03F393
:104C000000EE103AB8EE400A002971D09FED5D1A0F
:104C10005B4BF7EE000A1033F2B39FED5B2A012ADB
:104C20007FD0022A7CD001EE901A1968F8EE611A42
:104C3000C2EE212AC1F3080101EE901AF8EE611AC2
:104C400040EE011A31EEA00A22EE800A1968C1F383
:104C5000462101EE101AB8EE411A31EE201AC0EECC
:104C6000011ABCEEE11A80ED001A1968C1F3064181
:104C700001EE101AB8EE411A31EE201AC0EE011AF8
:104C8000BCEEE11A80ED011A1968C1F3066101EE6C
:104C9000101AB8EE411A00E008E071EE200A80EE2A
:104CA000201ABCEEC10A80ED020A10BD344A283A2F
:104CB0001468A4061ED51268C2F3C104334AE24048
:104CC00001EE902AF8EE612A01EE901A1968F8EECA
:104CD000611A82EEA12AC1F3080101EE901AF8EEE2
:104CE000611A40EE011A31EEA00A22EE000AADE789
:104CF00041E016E001EE901ADFED252A1968F8EE82
:104D0000611A82EEA12AC1F3080101EE901AF8EEB1
:104D1000611A40EE011A31EEA00A22EE000A95E770
:104D200013E001EE901A1968F8EE611AC2EE212A1A
:104D3000C1F3080101EE901AF8EE611A40EE011A73
:104D400031EEA00A22EE800A80E701EE901ADFED34
:104D5000112A1968F8EE611A82EEA12AC1F308013E
:104D600001EE901AF8EE611A40EE011A31EEA00A37
:104D700022EE000A6AE7002101604160816010BDF7
:104D800028440258000000390024744A0090D003DF
:104D90000024744C001B374B10B569490A6802F0B7
:104DA00003020968C1F30551654B1B1D1B68C3F362
:104DB0000023634C1C342468C4F3CC0414FB03F3B9
:104DC00000EE103AB8EE400A002971D09FED5D1A4E
:104DD0005B4BF7EE000A1833F2B39FED5B2A012A12
:104DE0007FD0022A7CD001EE901A1968F8EE611A81
:104DF000C2EE212AC1F3080101EE901AF8EE611A01
:104E000040EE011A31EEA00A22EE800A1968C1F3C1
:104E1000462101EE101AB8EE411A31EE201AC0EE0A
:104E2000011ABCEEE11A80ED001A1968C1F30641BF
:104E300001EE101AB8EE411A31EE201AC0EE011A36
:104E4000BCEEE11A80ED011A1968C1F3066101EEAA
:104E5000101AB8EE411A00E008E071EE200A80EE68
:104E6000201ABCEEC10A80ED020A10BD344A283A6D
:104E70001468A4061ED51268C2F3C104334AE24086
:104E800001EE902AF8EE612A01EE901A1968F8EE08
:104E9000611A82EEA12AC1F3080101EE901AF8EE20
:104EA000611A40EE011A31EEA00A22EE000AADE7C7
:104EB00041E016E001EE901ADFED252A1968F8EEC0
:104EC000611A82EEA12AC1F3080101EE901AF8EEF0
:104ED000611A40EE011A31EEA00A22EE000A95E7AF
:104EE00013E001EE901A1968F8EE611AC2EE212A59
:104EF000C1F3080101EE901AF8EE611A40EE011AB2
:104F000031EEA00A22EE800A80E701EE901ADFED72
:104F1000112A1968F8EE611A82EEA12AC1F308017C
:104F200001EE901AF8EE611A40EE011A31EEA00A75
:104F300022EE000A6AE7002101604160816010BD35
:104F400028440258000000390024744A0090D0031D
:104F50000024744C001B374B2DE9FC5F04460025F0
:104F60000026F94F2068DFF8E483C043010104F113
:104F70000800019004F1280000900DD4A06EB8B193
:104F8000B0F5801F19D0B0F5001F1CD0B0F5401F40
:104F900000D00125EDB12E462088C043C00535D490
:104FA000A06D05282FD2DFE800F01D22282F2F004A
:104FB000386840F400303860ECE70198022103F0D3
:104FC00049FE0546E6E70098022103F0D5FE0546B6
:104FD000E0E7D8F80000A16E20F440100843C8F8BC
:104FE0000000D9E7386840F4003038600CE00198E0
:104FF000002103F02FFE054606E00098002103F093
:10500000BBFE054600E0012565B12E462088C04361
:10501000800518D4E06D802831D00CDC20B3402806
:105020000ED126E0D8F80000A16D20F0070008435B
:10503000C8F80000EAE7C02803D0B0F5807F00D0B0
:10504000012515B32E462088DFF80493C0434005A0
:105050002DD4D4F8A800B0F5800F43D01EDCA8B33F
:10506000B0F5001F20D137E0386840F400303860D8
:10507000E7E70198002103F0EDFD0546E1E7009820
:10508000002103F079FE0546DBE7D8F80000E16D6A
:1050900020F4E0700843C8F80000D4E7B0F5C00F72
:1050A00003D0B0F5000F00D001250DB32E462088A7
:1050B000C04300052FD4D4F8AC00B0F1007F54D029
:1050C00020DCE8B3B0F1807F22D148E0FFE7386808
:1050D00040F400303860E8E70198002103F0BAFDA1
:1050E0000546E2E70098002103F046FE0546DCE7AE
:1050F000D9F80000D4F8A81020F460000843C9F8DB
:105100000000D4E7B0F1407F03D0B0F1806F00D051
:10511000012585B32E462068C04380010AD4E06C87
:1051200030B1102832D0202836D0302800D00125C8
:105130008DB32E462088C043C00446D4206E00E0C4
:1051400008E0B0F5005F5CD036DCA0B3B0F5805F5E
:1051500038D150E0386840F400303860D9E7019821
:10516000002103F077FD0546D3E70098002103F006
:1051700003FE0546CDE7FFE7D9F80000D4F8AC10F0
:1051800020F0E0600843C9F80000C4E7386840F444
:1051900000303860CCE705E00198022103F05AFDA9
:1051A0000546C5E76948001F0168E26C21F030013F
:1051B00011430160BEE719E0B0F5405F03D0B0F5E0
:1051C000804F00D0012515B32E462088C0438004AF
:1051D0002FD4606EB0F5403F29D021DC38B3B0F554
:1051E000803F38D0B0F5003F20D13AE0386840F435
:1051F00000303860E7E70198002103F02BFD0546F9
:10520000E1E70098002103F0B7FD0546DBE7D8F899
:105210000000216E20F4E0400843C8F80000D4E705
:10522000B0F5802F03D0B0F5A02F00D00125F5B147
:105230002E462088C04340042BD4D4F8B000B0F1EF
:10524000405F24D01CDC10B3B0F1805F4ED0B0F1D1
:10525000005F1BD151E00198012103F0FBFC0546E2
:10526000E5E70098012103F087FD0546DFE7D8F860
:105270000000616E20F4E0200843C8F80000D8E781
:10528000B0F1804F03D0B0F1A04F00D001259DB305
:105290002E462088C04300040AD4206F30B1B0F1FC
:1052A000805F3CD0B0F1005F3ED00125ADB32E460B
:1052B0002068C043C0010AD4A06C30B101284DD091
:1052C000022850D0032800D001253DB32E46206887
:1052D000DFF880B0C043400261D41F48016841F448
:1052E00080710160FEF730FE824652E00198012194
:1052F00003F0B0FC0546CAE705E00098012103F081
:105300003BFD0546C3E7D9F80000D4F8B01020F003
:10531000E0400843C9F80000BBE70BE029E038682B
:1053200040F400303860C1E70198012103F092FC9D
:105330000546BBE7D8F80000216F20F04050084335
:10534000C8F80000B4E700002C440258504402584A
:10535000584402581044025800480258386840F433
:1053600000303860B1E70198022103F073FC054674
:10537000ABE7FE480168A26C21F003011143016014
:10538000A5E7FEF7E1FDA0EB0A00642801D903259B
:1053900003E0F7480068C005F3D53DB12E462078FC
:1053A000DFF8D0A3C043C00755D065E0F1481C30FA
:1053B0000068B4F8B41000F4407001F44071884201
:1053C0000DD0EC481C30016821F44071026842F4B1
:1053D00080320260026822F4803202600160D4F8F8
:1053E000B400B0F5807F12D1FEF7AEFD824609E031
:1053F000FEF7AAFDA0EB0A0141F28830814201D9F3
:10540000032504E0DB481C3000688007F0D50DB1AF
:105410002E46C4E7D4F8B400C0F3012103290FD00D
:10542000DBF8000020F47C50CBF80000D1481C30A1
:105430000168B4F8B420C2F30B0211430160AEE777
:10544000DBF80010CC4A21F47C51104041EA1010E6
:10545000CBF80000EAE7E06F18280BD005DC48B174
:10546000082815D0102804D118E0202802D02828B8
:1054700000D00125C5B12E462078C04380072BD42B
:10548000A06F062825D2DFE800F025181E25252567
:105490000198012103F0DEFB0546EBE700980121AE
:1054A00003F06AFC0546E5E7DAF80000E16F20F05A
:1054B00038000843CAF80000DEE70198012103F034
:1054C000C9FB054606E00098012103F055FC05469E
:1054D00000E001256DB12E462078C043400720D45E
:1054E000D4F89400062819D2DFE800F0190C12193C
:1054F0001919DAF80000A16F20F007000843CAF874
:105500000000E9E70198012103F0A4FB054606E04D
:105510000098012103F030FC054600E0012595B11B
:105520002E462078C043800620D4D4F89000B0F1F5
:10553000405F19D011DCB8B1B0F1805F28D0B0F174
:10554000005F10D12AE0D9F80000D4F8941020F0C0
:1055500007000843C9F80000E3E7B0F1804F03D02B
:10556000B0F1A04F00D00125F5B12E462078C04300
:1055700040062CD4D4F89C00B0F5406F25D01DDC3B
:1055800018B3B0F5806F34D0B0F5006F1CD136E0A1
:105590000198002103F05EFB0546E5E70098022133
:1055A00003F0EAFB0546DFE7DAF80000D4F89010D4
:1055B00020F0E0400843CAF80000D7E7B0F5805F6C
:1055C00003D0B0F5A05F00D00125F5B12E462078BC
:1055D000C04300062CD4D4F8A000B0F5C04F25D0AD
:1055E0001DDC18B3B0F5005F2CD0B0F5804F1CD196
:1055F0002EE00198002103F02DFB0546E5E7009819
:10560000022103F0B9FB0546DFE7D9F80000D4F822
:105610009C1020F4E0500843C9F80000D7E7B0F52B
:10562000004F03D0B0F5204F00D00125B5B12E4674
:105630002078C04300072AD4D4F88400B0F5805FF6
:1056400016D01BE00198002103F004FB0546EDE7AE
:105650000098022103F090FB0546E7E7D9F8000027
:10566000D4F8A01020F460400843C9F80000DFE738
:105670000098022103F080FB00B10126DAF8000057
:10568000D4F8841020F440500843CAF80000207871
:10569000C043C00613D4D4F89800B0F5807F05D17C
:1056A0000098022103F068FB00B10126D9F8000040
:1056B000D4F8981020F440700843C9F8000020681E
:1056C000C04300030BD4D4F8A400E8B3B0F5803F86
:1056D0007DD0B0F5003F00D00125B5B32E4620683F
:1056E000C04340030DD4D4F88800B0F5801F70D0BB
:1056F000B0F5001F6ED0B0F5401F00D00125EDB30E
:105700002E462068C043C00307D4206DB8B3B0F55F
:10571000803F7CD001259DB32E462068C043800089
:1057200005D40098022103F027FB00B10126206870
:10573000C043800311D4D4F8800060B1B0F5807FFD
:1057400066D0B0F5007F01E070E07BE003D0B0F5FB
:10575000407F00D00125DDB32E462068C043C00243
:1057600013D4D8F8000020F000400AE04C4402585E
:105770000048025854440258FFFCFF0F77E080E0D5
:105780008AE0616F0843C8F800002068C043C00089
:1057900008D4DBF80000D4F8B81020F480400843A7
:1057A000CBF800002068C043800207D4D8F800007E
:1057B000E16E20F080700843C8F800002068C04304
:1057C000400011D4DBF8000020F4004003E033E097
:1057D0006FE041E045E0CBF80000DBF80000D4F8D2
:1057E000BC100843CBF800002068C04306D45A48D8
:1057F0000168626D21F04051114301602068C0438F
:1058000000020BD4DAF8000020F4400001E03DE093
:105810004AE0D4F88C100843CAF80000207900252B
:10582000C04300F0010028434DD052E00198002110
:1058300003F010FA054650E70098022103F09CFAA5
:1058400005464AE7D9F80000D4F8A41020F4403007
:105850000843C9F8000042E7386840F40030386077
:105860004DE70098012103F087FA054647E7DAF88B
:105870000000D4F8881020F440100843CAF8000053
:105880003FE7386840F40030386044E7019802216F
:1058900003F0E0F905463EE72F480168226D21F448
:1058A00080311143016038E7386840F400303860D7
:1058B00051E7DAF80000D4F8801020F44070084373
:1058C000CAF8000049E70198002103F0C3F900B1CC
:1058D00006462079C04300F00200284305D1019814
:1058E000012103F0B7F900B106462079C04300F06A
:1058F0000400284305D10198022103F0ABF900B15F
:1059000006462079C04300F00800284305D10098DE
:10591000002103F031FA00B106462079C04300F0BF
:105920001000284305D10098012103F025FA00B1A9
:1059300006462079C04300F02000054305D10098B9
:10594000022103F019FA00B1064616B10120BDE8A4
:10595000FC9F0020FBE700004C4402582DE9F05F5B
:1059600004460D46002C17D0DFF84C82D8F8000012
:1059700000F00F00A84211D2D8F8000020F00F006C
:105980002843C8F80000D8F8000000F00F00A84233
:1059900004D00120BDE8F09F0120FBE72078874E6E
:1059A00040070AD52069316801F07001884204D9A6
:1059B000316821F07001014331602078804F000789
:1059C0000AD56069396801F07001884204D93968E4
:1059D00021F07001014339602078C0060AD5A06922
:1059E000396801F4E061884204D9396821F4E06142
:1059F000014339602078DFF8CC9180060DD5E0694D
:105A0000D9F8001001F07001884206D9D9F80010C9
:105A100021F070010143C9F80010207880070AD5F1
:105A2000E068316801F00F01884204D9316821F043
:105A30000F01014331602078C00743D03068A1686E
:105A400020F47060084330605C49606818390228AF
:105A500008D003280BD001280ED00968490710D4BC
:105A6000012097E7096889030BD4012092E70968B0
:105A7000890106D401208DE70968C90501D40120F8
:105A800088E7DFF838A1AAF1080ADAF8001021F057
:105A900007010143CAF80010FEF756FA834609E0F1
:105AA000FEF752FAA0EB0B0141F28830814201D996
:105AB00003206FE7DAF80000616800F03800B0EB0F
:105AC000C10FEDD1207880070AD5E068316801F078
:105AD0000F01884204D2316821F00F010143316087
:105AE000D8F8000000F00F00A8420ED9D8F8000046
:105AF00020F00F002843C8F80000D8F8000000F09C
:105B00000F00A84201D0012044E7207840070AD5C1
:105B10002069316801F07001884204D2316821F0B7
:105B2000700101433160207800070AD56069396847
:105B300001F07001884204D2396821F070010143FC
:105B400039602078C0060AD5A069396801F4E0619F
:105B5000884204D2396821F4E06101433960207839
:105B600080060DD5E069D9F8001001F07001884277
:105B700006D2D9F8001021F070010143C9F80010D5
:105B800000F0A0F83168C1F303220F498A5C02F0EB
:105B90001F02D040326802F00F02895C0B4A01F00C
:105BA0001F0120FA01F111600949086009480068E5
:105BB000BDE8F05FFEF704BA002000521844025816
:105BC0001C4402582044025880DB00084C0000248A
:105BD00048000024400000243F220260144A12685A
:105BE00002F007024260124A0832136803F470633D
:105BF0008360136803F00F03C360126802F0700241
:105C000002610B4A0C32136803F07003436112689F
:105C100002F4E0628261064A1032126802F07002F9
:105C2000C2610448006800F00F000860704700007F
:105C3000104402580020005200B500F043F80B4910
:105C40000A68C2F303230A4AD35C03F01F03D84057
:105C5000096801F00F01515C064A01F01F0120FAAA
:105C600001F11160044A1060084600BD1844025852
:105C700080DB00084C0000244800002400B5FFF73A
:105C8000DBFF05490968054AC1F30211515C01F0C7
:105C90001F01C84000BD00001C44025880DB000802
:105CA00000B5FFF7C9FF05490968054AC1F302219C
:105CB000515C01F01F01C84000BD00001C440258A7
:105CC00080DB000830B564480068654C10F038018E
:105CD000624808D0021108290DD010290DD01829CA
:105CE0000DD0104630BD21688906FBD52168C1F36F
:105CF000C101C84030BD104630BD5A4830BD56497C
:105D000018310A6802F003020968C1F30511524B09
:105D10001C331B6803F001034F4D24352D68C5F378
:105D2000CC0515FB03F300EE103AB8EE400A00294B
:105D300077D0DFED4D0A484BB7EE001A20333AB367
:105D40009FED4A2A012A58D0022A6CD001EE901AFF
:105D50001868F8EE611AC2EE212AC0F3080001EEBD
:105D6000900AF8EE611A40EE201A31EE810A22EE16
:105D7000800A1868C0F34620401C00EE900AF8EE36
:105D8000600A80EE201ABCEEC10A10EE100A30BD87
:105D9000226892061BD52268C2F3C102D04001EEF0
:105DA000900A1868F8EE612A01EE901AF8EE611A6E
:105DB00082EEA12AC0F3080001EE900AF8EE611A03
:105DC00040EE201A31EE810A22EE000AD1E701EE00
:105DD000901ADFED272A1868F8EE611A82EEA12AE0
:105DE000C0F3080001EE900AF8EE611A40EE201AA6
:105DF00031EE810A22EE000ABBE701EE901A186824
:105E0000F8EE611AC2EE212AC0F3080001EE900AF2
:105E1000F8EE611A40EE201A31EE810A22EE800A75
:105E2000A7E716E0FFE701EE901ADFED122A1868E7
:105E3000F8EE611A82EEA12AC0F3080001EE900A82
:105E4000F8EE611A40EE201A31EE810A22EE000AC5
:105E50008FE7002030BD0000104402580090D003AE
:105E600000440258001BB700000000390024744AA7
:105E70000024744C001B374B2DE9F05F0446002CC6
:105E800010D02078DFF8F883FE4EFF4DC0075DD0BC
:105E9000D8F8000000F03800316810281FD018280A
:105EA00003D006E00120BDE8F09F01F003000228C6
:105EB00015D06068B0F5803F18D0E0B1B0F5A02FE4
:105EC00022D0286820F480302860286820F48020C0
:105ED0002860606860B3FEF737F8074624E028685A
:105EE000800333D5606810BB0120DCE7286840F4EC
:105EF00080302860EDE7286820F48030286028682A
:105F000020F480202860E4E7286840F4802028609E
:105F1000286840F480302860DBE7FEF715F8C01BE6
:105F2000642801D90320BEE728688003F5D50DE079
:105F3000FEF70AF8074606E0FEF706F8C01B6428DD
:105F400001D90320AFE728688003F5D4207841F217
:105F5000030ACE4F80073DD5D8F8000000F0380086
:105F6000316870B1182801D188070AD0E06890B371
:105F7000296821F0190101432960FDF7E5FF8146F9
:105F800041E02868400701D5E06848B12868E16829
:105F900020F0190008432860FDF7D6FF814609E08C
:105FA000012080E7FDF7D0FFA0EB0900022801D90E
:105FB000032078E728684007F4D5FDF7BFFF504578
:105FC00011D82069402807D0396821F47C3141EA92
:105FD000003038604AE036E0386820F47C3040F425
:105FE0000030386042E03868217C20F0FE4040EA12
:105FF000016038603AE0FDF7A7FFA0EB0900022836
:1060000001D903204FE728684007F4D5FDF796FF34
:10601000504510D82069402806D0396821F47C31D9
:1060200041EA0030386021E0386820F47C3040F4E8
:10603000003038601AE03868217C20F0FE4040EAE9
:106040000160386012E0286820F001002860FDF748
:106050007BFF814607E0FDF777FFA0EB09000228F0
:1060600001D903201FE728684007F4D42078C00630
:106070002FD5D8F8000000F038003168DFF800B202
:106080000828ABF1040B0FD0182803D101F003004E
:10609000012809D0E06978B3286840F080002860C2
:1060A000FDF752FF814630E02868C00504D5E0695D
:1060B000802801D00120F6E6FDF740FF504510D8BA
:1060C000206A202806D0396821F0F84141EA806032
:1060D00038604FE0386820F0F84040F08040386089
:1060E00048E0DBF8000094F8201020F07C5040EAF3
:1060F0000160CBF800003DE02AE0FDF725FFA0EBB2
:106100000900022801D90320CDE62868C005F4D58E
:10611000FDF714FF504510D8206A202806D03968B2
:1061200021F0F84141EA8060386023E0386820F0CF
:10613000F84040F0804038601CE0DBF8000094F844
:10614000201020F07C5040EA0160CBF8000011E004
:10615000286820F080002860FDF7F6FE074606E07C
:10616000FDF7F2FEC01B022801D903209BE6286838
:10617000C005F5D42078000730D5DFF808916069B4
:1061800009F14C09A8B1D9F8000040F00100C9F8A4
:106190000000FDF7D9FE074606E0FDF7D5FEC01B5F
:1061A000022801D903207EE6D9F800008007F4D543
:1061B00014E0D9F8000020F00100C9F80000FDF754
:1061C000C3FE074606E0FDF7BFFEC01B022801D94B
:1061D000032068E6D9F800008007F4D42078800610
:1061E00026D5A06990B1286840F480502860FDF75A
:1061F000ABFE074606E0FDF7A7FEC01B022801D94B
:10620000032050E628688004F5D511E0286820F4C2
:1062100080502860FDF798FE074606E0FDF794FEE3
:10622000C01B022801D903203DE628688004F5D46C
:106230002078400768D5164F386840F48070386081
:10624000FDF782FE814607E0FDF77EFEA0EB090028
:10625000642801D9032026E63868C005F4D5094F23
:10626000A068483701281DD008B3052828D0386811
:1062700020F001003860386820F00400386009E040
:10628000104402582844025800440258044402585A
:1062900000480258A06841F2883A30B3FDF754FE36
:1062A00081461EE0386840F001003860E7E7386852
:1062B00020F001003860386820F004003860DEE724
:1062C000386840F004003860386840F001003860F9
:1062D000D5E7FDF739FEA0EB0900504501D90320B1
:1062E000E1E538688007F4D50EE0FDF72DFE814624
:1062F00007E0FDF729FEA0EB0900504501D9032076
:10630000D1E538688007F4D4616AE1B3D8F80000B9
:106310004FF6F87BDFF8E0A1C0F3C20003280AF1D2
:106320000409AAF104087DD0022907D0286820F0CA
:1063300080702860FDF708FE04468BE0286820F096
:1063400080702860FDF700FE074606E0FDF7FCFDC3
:10635000C01B022801D90320A5E528688001F5D4D7
:10636000306840F2F3318843E16A40EA0110A16AE3
:1063700008433060208E4FF6FF72616B401E491E4D
:10638000C0F3080000E0B5E002EA41210843218F94
:106390004FF4FE02491E02EA0141084394F83C1002
:1063A000491E120202EA01610843CAF80000D8F847
:1063B000000020F00100C8F80000D9F80000A16C2E
:1063C00020EA0B0040EAC100C9F80000D8F800003C
:1063D000216C20F00C000843C8F80000D8F8000039
:1063E000616C20F002000843C8F80000D8F80000F3
:1063F00040F48030C8F80000D8F8000040F40030C5
:10640000C8F80000D8F8000040F48020C8F8000068
:10641000D8F8000040F00100C8F80000286840F0FB
:10642000807000E01AE02860FDF78EFD044606E06B
:10643000FDF78AFD001B022801D9032033E52868F7
:106440008001F5D556E0FDF77FFD001B022801D93C
:10645000032028E528688001F5D44BE03268DAF89B
:106460000000012921D0A36A02F0030199421CD146
:10647000E16AC2F30512914217D1216BC0F3080201
:10648000491E8A4211D1616BC0F34622491E9142D6
:106490000BD1A16BC0F30642491E914205D1E16BBD
:1064A000C0F30660491E814201D00120FBE4D9F807
:1064B0000000C0F3CC00A16C81421BD0D8F80000D2
:1064C00020F00100C8F80000FDF73EFD0546FDF78D
:1064D0003BFDA842FBD0D9F80000A16C20EA0B00DC
:1064E00040EAC100C9F80000D8F8000040F00100FF
:1064F000C8F800000020D6E43044025810B5044625
:106500000120002C47D094F8210028B9002084F8FD
:106510002000204600F042F8022084F82100206884
:10652000C168C943C90630D5CA21416221685320D8
:106530004862204602F0BDFCB0B920688168164A66
:1065400011408160206881686268A36911432269F3
:106550001A43114381602189E06840EA01402168C3
:106560000861204602F0C8FC58B92168CA6C22F0C4
:106570000302CA64E26961690A432168CB6C1A4369
:10658000CA642268FF21516200E00020002802D185
:10659000012184F8211010BDBFFF8FFF10B5B0B0EE
:1065A0000446C0216846FAF755F80B482168814235
:1065B00010D101020020CDE9001048132D9068464B
:1065C000FEF7CAFC08B1FBF770F80448016841F413
:1065D0000041016030B010BD0040005870440258C6
:1065E00070B504460B4694F82000012807D0012618
:1065F00084F82060022084F8210012B108E0022013
:1066000070BD5878C10603D500F0EF000A3058700D
:10661000A2B1D978987840EA0145587819780002F3
:1066200040EA413005432168CA204862532021686E
:106630004862204602F03DFC88B117E0D87802F0AD
:106640002DFC0204587802F029FC42EA00229878D6
:1066500002F024FC0243187842EA4035E3E7084898
:10666000054020684560204602F046FC2268FF2174
:10667000516208B984F82160002184F8201070BDAF
:106680003FFFFF002DE9F04104460D46904694F887
:106690002000012811D0012784F82070022084F8FE
:1066A00021002168CA2048625320216848622046A0
:1066B00002F0FFFB002618B127E00220BDE8F081C0
:1066C000B8F1000F26D020688068400600D4EE7034
:1066D0002978A878EA7840EA01406978090241EA15
:1066E0008251084319490840216808602068816880
:1066F00021F480218160D5E903100143206882687C
:1067000011438160204602F0F7FB2268FF215162AD
:10671000B0B117E020688068400600D4EE70287899
:1067200002F0BCFB0204687802F0B8FB42EA0022E7
:10673000A87802F0B3FB0243E87842EA8050D1E740
:1067400084F8217084F82060B8E700007F7F7F0024
:1067500070B505460A482968C860FDF7F5FB044690
:106760004FF47A7606E0FDF7EFFB001BB04201D94B
:10677000032070BD2868C0688006F4D5002070BD75
:106780005FFF0300704770477047000030B590F816
:106790003C20012A3AD0012280F83C20CA6800241B
:1067A0008B6822F440721A434B6822F480621A43C9
:1067B0000B6822F400621A430B6922F480521A43D8
:1067C0004B6922F400521A438B6A22F480421A4326
:1067D0000B8B22F4702242EA03420D4D0368AB4258
:1067E00002D00C4DAB420CD18D8C22F4700242EAE7
:1067F0000552CD6922F080722A43096A22F00072A4
:106800000A435A6480F83C40002030BD022030BD6D
:106810000000014000040140F0B590F83C20012A3E
:106820003AD0012680F83C60022280F83D200368BF
:106830005A689C68194FDFF868C0BB4201D06345B5
:1068400003D122F470054A682A4322F070020D68D1
:1068500015435D600268BA4213D0B2F1804F10D088
:10686000104B9A420DD0104B9A420AD00F4B9A42CD
:1068700007D0624505D00E4B9A4202D00D4B9A428A
:1068800004D124F080038968194391603C3046703C
:10689000002101700020F0BD0220F0BD0000014089
:1068A000000401400004004000080040000C0040CB
:1068B000001800400040014010B50446002C03D0F1
:1068C00094F83D0010B107E0012010BD002084F8CD
:1068D0003C00204600F018F8022084F83D002068B3
:1068E000211D02F097FE01203D34E0726070A0701F
:1068F000E07020716071A071E07120726072A0720E
:106900002070002010BD000008B500680D498842C5
:1069100009D10D48016841F001010160006800F0F3
:106920000100009008BDB0F1804FFBD10648083847
:10693000016841F001010160006800F00100009071
:1069400008BD000000000140F044025890F83D10DE
:10695000012901D001207047022180F83D10016813
:10696000CA6842F00102CA6000681549884214D022
:10697000B0F1804F11D0134988420ED0124988429D
:106980000BD01249884208D01149884205D01149DC
:10699000884202D0104988420CD181680F4A1140C8
:1069A00006290BD0B1F5803F08D0016841F0010104
:1069B000016003E0016841F00101016000207047BF
:1069C000000001400004004000080040000C0040AE
:1069D0000004014000180040004001400700010091
:1069E00070B50446002594F83C00012815D0012616
:1069F00084F83C60022084F83D0020688268394BAE
:106A00001A4022F47F4282600868702802462ED025
:106A100010DC10F00F0F03D022E04FF0020070BD29
:106A20004FEA201007281BD2DFE800F057575757CE
:106A30004D394300B0F1101F4FD009DCB0F5805F35
:106A40000FD0B0F5005F1ED0B0F5801F08D144E034
:106A5000A0F58010203840D010283ED020283CD00F
:106A600001253C34667000202070284670BDCB683C
:106A70002068D1E9012102F035FE2068816841F0EB
:106A800077018160EDE7CB682068D1E9012102F050
:106A900029FE2068816841F480418160E1E7CA688D
:106AA0004968206802F0C0FF2068502102F024FEEF
:106AB000D7E7CA684968206802F0C7FF20686021EC
:106AC00002F01AFECDE7CA684968206802F0ACFF00
:106AD0002068402102F010FEC3E72068114602F052
:106AE0000BFEBEE788FFCEFF70472DE9F04104465C
:106AF0002068C66805694FF00007A90714D5B107DB
:106B000012D5F91E01610120207720688069800775
:106B100003D02046FFF7E8FF05E0204600F01DF90E
:106B2000204600F006FA2777680717D5700715D5B5
:106B300021686FF0040008610220207720688069D6
:106B400010F4407F03D02046FFF7CEFF05E020463B
:106B500000F003F9204600F0ECF92777280716D556
:106B6000300714D521686FF00800086104202077F1
:106B70002068C069800703D02046FFF7B5FF05E015
:106B8000204600F0EAF8204600F0D3F92777E8061F
:106B900017D5F00615D521686FF0100008610820A0
:106BA00020772068C06910F4407F03D02046FFF7AB
:106BB0009BFF05E0204600F0D0F8204600F0B9F930
:106BC0002777E80708D0F00706D021686FF00100AA
:106BD0000861204600F0AEF9280601D4A80408D5C3
:106BE000300606D521686FF4025008612046FFF791
:106BF000CAFDE80508D5300606D521686FF4807017
:106C000008612046FFF7BEFD680608D5700606D568
:106C100021686FF040000861204600F095F9A80651
:106C20000AD5B00608D521686FF02000086120461B
:106C3000BDE8F041FFF7A8BDBDE8F08170B586B0B2
:106C40000446142101A8F9F705FD234A022621680C
:106C5000002422480125914214D1016841F010011D
:106C60000160006800F0100000904FF4285001907F
:106C7000029603940494059501A91948FDF74CF870
:106C800006B070BDB1F1804FFAD1016841F0010149
:106C90000160016801F001010091016841F0020109
:106CA0000160006800F0020000900320019002964D
:106CB00003940494059501A90A48FDF72DF84FF4B3
:106CC00080600190029603940494059501A90648FA
:106CD000FDF722F8D4E7000000000140E04402582C
:106CE00000100258000002580004025870B5044613
:106CF000002594F83C0001280BD0012084F83C00CA
:106D00000C2A1ED007DC82B1042A12D0082A06D130
:106D100013E0022070BD102A17D0142A19D00125C3
:106D2000002084F83C00284670BD206802F0EEFC8C
:106D3000F6E7206802F03AFDF2E7206802F080FDF5
:106D4000EEE7206802F0C6FDEAE7206802F0FCFDED
:106D5000E6E7206802F030FEE2E7704710B504462F
:106D6000002C03D094F83D0010B107E0012010BDC5
:106D7000002084F83C00204600F017F8022084F838
:106D80003D002068211D02F045FC01203D34E072E9
:106D90006070A070E07020716071A071E07120726D
:106DA0006072A0722070002010BD704770B504465C
:106DB0000D46002694F83C0001280BD0012084F8F1
:106DC0003C000C2A4FD007DC82B1042A22D0082ACA
:106DD00006D134E0022070BD102A59D0142A6BD09D
:106DE0000126002084F83C00304670BD206829460A
:106DF00002F08CFC2068816941F008018161206803
:106E0000816921F004018161206881692A69114347
:106E10008161E6E72068294602F0C8FC20688169A4
:106E200041F4006181612068816921F480618161A0
:106E3000206881692A6941EA02218161D1E72068DD
:106E4000294602F0FDFC2068C16941F00801C161DA
:106E50002068C16921F00401C1612068C1692A6903
:106E60001143C161BDE72068294602F033FD206867
:106E7000C16941F40061C1612068C16921F4806188
:106E8000C1612068C1692A6941EA0221C161A8E79C
:106E90002068294602F058FD2068416D41F0080144
:106EA00041652068416D21F0040141652068416D14
:106EB0002A691143416594E72068294602F07CFD68
:106EC0002068416D41F4006141652068416D21F405
:106ED000806141652068416D2A6941EA022141656E
:106EE0007FE710B50446002C03D094F83D0010B1A4
:106EF00007E0012010BD002084F83C00204600F08F
:106F000017F8022084F83D002068211D02F082FB62
:106F100001203D34E0726070A070E07020716071FB
:106F2000A071E07120726072A0722070002010BD0C
:106F30007047704700680349884201D1FDF70AB8DD
:106F40007047000000040040704790F88410012949
:106F500018D0012180F884102421C0F8881001681D
:106F60000A680B6823F001030B6022F00051002235
:106F70004266036819602021C0F8881080F88420D8
:106F8000002070470220704710B50446D4F88C00EA
:106F9000202801D0022010BD51B14AB10120E06685
:106FA00000202067204603F061F9014611B105E099
:106FB000012010BDE06E012802D00121084610BD5D
:106FC000226810201062206850E8002F42F0100262
:106FD00040E80023002BF6D1F0E7000030B589B07F
:106FE00004461A4801252168814201D118480570DC
:106FF0001848814215D11848192202A900F074FCE2
:107000001648002301AA02A9006806F0D9F90198E0
:1070100038B113494FF080500860BFF34F8FBFF372
:107020006F8F1049206888420ED10F497D220F488A
:10703000F9F799FA0E48057009B00B497D220D4801
:10704000BDE83040FFF7A0BF09B030BD00440040AC
:107050005401002400480040AC0800240C00002427
:1070600004ED00E0001001403E4C0024BB4C002425
:107070002D01002484070024704770B5044694F85D
:10708000840001281DD0012084F884002420C4F845
:10709000880020680568026822F00102026020680A
:1070A000826822F060620A438260204602F0E0FCBF
:1070B000206805602020C4F88800002084F884003F
:1070C00070BD022070BD70B5044694F8840001289C
:1070D0001DD0012084F884002420C4F88800206892
:1070E0000568026822F0010202602068826822F0CE
:1070F00060420A438260204602F0BAFC20680560C4
:107100002020C4F88800002084F8840070BD02208C
:1071100070BD7047704770472DE9F0410446236801
:10712000D86919689A6840F60F0500EA0507002F2C
:107130000ED185060CD501F0200502F080563543AE
:1071400006D0616F00297DD02046BDE8F041084798
:1071500000250226002F76D0CF4FDFF840C317401E
:1071600001EA0C0C57EA0C0C6DD05FEAC07C0CD025
:107170005FEAC15C09D54FF0010CC3F820C0D4F818
:10718000903043F00103C4F89030830709D5D3074A
:1071900007D023681E62D4F8903043F00403C4F88B
:1071A000903043070AD5D30708D0266804233362FA
:1071B000D4F8903043F00203C4F8903003070CD5A4
:1071C00001F020033B4308D0266808233362D4F83B
:1071D000903043F00803C4F8903003050BD54B0101
:1071E00009D526684FF400633362D4F8903043F039
:1071F0002003C4F89030D4F89030002B3CD08006A7
:1072000009D501F0200002F08051084303D0616FDE
:1072100009B120468847D4F890002168896849065A
:1072200002D410F0280F2DD0204602F083FD2068F4
:107230008068400622D52068083050E8001F21F001
:10724000400101E018E023E040E80012002AF2D1FA
:10725000D4F8800068B192490165D4F88000FAF74B
:1072600029FF002808D0D4F88000016DBDE8F04166
:1072700008472046FFF74FFFBDE8F0812046FFF7A3
:107280004AFFF9E72046FFF746FFC4F89050F3E7BE
:10729000E76E012F7ED1C7067CD5CF067AD51020A8
:1072A0001862206880684FF02003400673D5D4F838
:1072B00080107C4A086890423AD07A4A183290424C
:1072C00036D0784A3032904232D0764A48329042B4
:1072D0002ED0744A603290422AD0724A783290425C
:1072E00026D0704A9032904222D06E4AA832904204
:1072F0001ED06D4A90421BD06B4A1832904217D074
:10730000694A3032904213D0674A483290420FD0D7
:10731000654A603290420BD0634A7832904207D07F
:10732000614A9032904203D05F4AA832904201D124
:10733000406800E0406880B200289DD0B4F85C202E
:10734000824299D9A4F85E00C869B0F5807F2FD039
:10735000206850E8001F21F4807140E80012002AE4
:10736000F6D12068083050E8001F21F0010140E804
:107370000012002AF5D12068083050E8001F21F0E3
:10738000400140E80012002AF5D1C4F88C30E566CF
:10739000206801E049E016E050E8001F21F01001EC
:1073A00040E80012002AF3D1D4F88000FAF7C4FCB8
:1073B0002667B4F85C00B4F85E10401A81B220462B
:1073C000FFF70CFE58E734F85C0F6188401A81B271
:1073D00060885C3C0028F5D00029F3D0206850E894
:1073E000002F22F4907240E80027002FF6D12A4F98
:1073F000FF432068083050E8002F3A4040E8002C56
:10740000BCF1000FF5D1C4F88C30E56665672068E3
:1074100050E8002F22F0100240E80023002BF6D1A4
:1074200026672046FFF7DAFD26E7C50209D5550293
:1074300007D54FF4801018622046BDE8F041FFF7F1
:1074400069BE03060CD501F0800302F40002134369
:1074500006D0A16F0029B5D02046BDE8F04108470D
:10746000420606D54A0604D52046BDE8F04102F0A2
:107470008BBC020206D54A0004D52046BDE8F04187
:10748000FFF747BEC0019DD500299BDA2046BDE825
:10749000F041FFF7F1BD00000100001020010004E1
:1074A0002B9C0008100002401004024010B5044656
:1074B000002C03D0D4F8880010B107E0012010BDE3
:1074C000002084F88400204600F028F82420C4F826
:1074D00088002068016821F001010160A06A10B1F4
:1074E000204602F0E9FA204602F078FC012813D089
:1074F0002068416821F4904141602068816821F052
:107500002A0181602068016841F001010160204684
:10751000BDE8104002F034BB012010BD2DE9F04F52
:10752000B7B00446142132A8F9F794F8C02102A894
:10753000F9F790F8DF4A0227DF4D002021684FF06D
:107540004009DFF874A3103D1615914273D1012252
:107550000021CDE902218046219002A8FDF7FCFC24
:1075600008B1FAF7A2F8DAF8000040F01000CAF803
:107570000000DAF8000000F010000190286840F0E8
:1075800002002860286800F0020001904FF440409B
:1075900032903397CDF8D080CDF8D4800420369047
:1075A00032A9C648FCF7B8FBC64DC548286029205B
:1075B0006860C5F80880C5F80C802E61C5F8148095
:1075C000C5F81880C5F81C804FF400372F62C5F845
:1075D00024802846FBF79AFA08B1FAF766F8C4F84F
:1075E0008050AC63B648B74D3030783528602A20DB
:1075F0006860C5F80890C5F80C802E61C5F8148045
:10760000C5F81880C5F81C802F62C5F8248028466C
:10761000FBF77CFA08B1FAF748F8E567AC6300229B
:1076200005212520FCF734FD2520FCF723FD37B08C
:10763000BDE8F08FFFE7A44A4FF00708DFF878B203
:107640009142ABF1080B68D102220021CDE9022161
:107650008246209002A8FDF77FFC08B1FAF725F8D2
:10766000DBF8000040F40030CBF80000DBF800004D
:1076700000F400300190286840F00100286028687C
:1076800000F001000190286840F008002860286898
:1076900000F008000190042032903397CDF8D0A07C
:1076A000CDF8D4A0CDF8D88032A98848FCF734FBB7
:1076B000CDF8C8903397CDF8D0A0CDF8D4A0CDF8B0
:1076C000D88032A98248FCF727FB7E4D8148F035EF
:1076D00028602B206860C5F808A0C5F80CA02E61B2
:1076E000C5F814A0C5F818A0C5F81CA04FF4403088
:1076F0002862C5F824A02846FBF708FA08B1F9F774
:10770000D4FFC4F88050AC63002205212620FCF78A
:10771000BFFC2620FCF7AEFC89E76F4A914254D1AA
:1077200002220021CDE902218146209002A8FDF726
:1077300013FC08B1F9F7B9FFDBF8000040F4802032
:10774000CBF80000DBF8000000F4802001902868EE
:1077500040F008002860286800F0080001904FF40D
:10776000407032903397CDF8D090CDF8D490CDF8CA
:10777000D88032A95648FCF7CFFA584D55481838EA
:1077800028602D206860C5F80890C5F80C902E611F
:10779000C5F81490C5F81890C5F81C904FF4403007
:1077A0002862C5F824902846FBF7B0F908B1F9F72C
:1077B0007CFFC4F88050AC63002205212720FCF731
:1077C00067FC2720FCF756FC31E7454A9142A3D1DC
:1077D00001220021CDE902218346219002A8FDF774
:1077E000BBFB08B1F9F761FFDAF8000040F02000B8
:1077F000CAF80000DAF8000000F0200001902868C4
:1078000040F004002860286800F004000190C020C7
:1078100032903397CDF8D0B0CDF8D4B0CDF8D88031
:1078200032A93048FCF778FA25482C4D6038783575
:10783000286047206860C5F808B0C5F80CB02E6114
:10784000C5F814B0C5F818B0C5F81CB04FF400372F
:107850002F62C5F824B02846FBF758F908B1F9F7AC
:1078600024FFC4F88050AC6315481C4D1830F03527
:10787000286048206860C5F80890C5F80CB02E61F3
:10788000C5F814B0C5F818B0C5F81CB02F62C5F81B
:1078900024B02846FBF73AF908B1F9F706FFE56787
:1078A000AC63002205214720FCF7F2FB4720FCF7E0
:1078B000E1FBBCE600100140F0440258000402580D
:1078C00088040240D409002400440040000002580B
:1078D000000C025828000240004800403C0B0024E5
:1078E000001401400008025830B4D0F88C30202B2E
:1078F00002D0022030BC7047A9B1A2B10023C366F8
:107900000A4C0368A3420BD05B681B0208D50368CE
:1079100053E8004F44F0806443E80045002DF6D161
:1079200030BC02F0A3BC0120E4E70000000C0058CA
:10793000704770477047FEE780ED080AC0ED090AFE
:1079400080ED0A1A416482649FED0A0A80ED0C0AF8
:1079500080ED0E0A80ED0D0A80ED020A80ED030A2B
:1079600080ED040A80ED100A80ED010A80ED000A26
:107970007047000000000000F0B500230A25302603
:107980003727002412E0B5EB107F04D906EB107CFA
:1079900001F813C003E007EB107C01F813C00001ED
:1079A00001EB430C8CF801405B1CDBB29342EAD341
:1079B000F0BD000070B51C48017C427C408A09047F
:1079C00041EA424505430021174C0126443C06FA92
:1079D00001F0284210D06218137D5B1CDBB21375D6
:1079E000032B02D9A3680343A360127D3C2A17D955
:1079F00022690243226113E06218137D1B1F382B9A
:107A000003D2E3680343E36002E0E3688343E36097
:107A1000A3688343A3602369834323610020107517
:107A2000491C1229D3DB70BDAC4E002430EE601A25
:107A3000D0ED030AD0ED041A30EEE12AF0EE081A78
:107A4000F0EE000A20EE210A20EE200AC0EE020A23
:107A5000C1ED000A90ED030A90ED042A21EE211AEF
:107A600030EE422A81EE020A81ED010A10EE900A00
:107A70000D4AF1EE040A904201DBC1ED000A0B4B06
:107A80000868B9EE041A984201D381ED001A10EE8D
:107A9000100A904201DBC1ED010A4868984201D307
:107AA00081ED011A704700000000A0400000A0C056
:107AB0000FB410B50298A0F207201D4901EB401049
:107AC000018881819DF830209DF8311041EA022122
:107AD00001809DF832209DF8331041EA0221418057
:107AE0009DF834209DF8351041EA022181800288FA
:107AF0008189104B541A9C4203DA818A491C818285
:107B000005E0891A994202DA818A491E8182B0F918
:107B10001420018801EB4231016101888181818B50
:107B2000491C81830121817610BC5DF814FB0000A3
:107B3000384D002490E8FFFF30B5039C050A2570FE
:107B40006070080AA070E170100A20716271180A52
:107B5000A071E37130BD00000FB410B50298A0F21F
:107B600001209DF830209DF8311041EA02221A4987
:107B700001EB401002809DF832209DF8331041EA5D
:107B8000022141809DF834209DF8351041EA022100
:107B900081809DF836108171028881890F4B541ABB
:107BA0009C4203DA818A491C818205E0891A994244
:107BB00002DA818A491E8182B0F91420018801EB22
:107BC0004231016101888181418B491C418301213E
:107BD000017610BC5DF814FB584D002490E8FFFFBF
:107BE00030B5039C050A25706070080AA070E1702A
:107BF000100A20716271180AA071E37130BD01880A
:107C0000818100EE101AB8EE400A80ED070A0021CB
:107C1000018370470FB430B50398A0F207202A4AB9
:107C200052F820100B888B819DF834309DF8351068
:107C300041EA032152F8203019809DF836309DF832
:107C4000371041EA032152F8203009B259609DF8FB
:107C500038309DF8391041EA032152F8203019815B
:107C600052F820309DF83A10997252F820100B8883
:107C70008C891C1B154B9C4202DA0C8B641C0C83F8
:107C800052F820108C890D88641B9C4202DA0B8B01
:107C90005B1E0B8352F82010B1F918400B8803EBE0
:107CA000443300EE103AB8EEC00A81ED070A52F8EC
:107CB00020108B8C5B1C8B8452F82000012180F8F3
:107CC000221030BC5DF814FB400100249CE6FFFF4D
:107CD00030B5039C050A25706070080AA070E17039
:107CE000100A20716271180AA071E37130BD0000A2
:107CF00008B52148016841F001010160016801F007
:107D000001010091016841F002010160006800F08A
:107D100002000090002205210B20FCF7B9F90B208E
:107D2000FCF7A8F9002205210C20FCF7B1F90C2082
:107D3000FCF7A0F9002205213920FCF7A9F9392028
:107D4000FCF798F9002205214420FCF7A1F9442012
:107D5000FCF790F9002205214520FCF799F9452010
:107D6000FCF788F9002205214620FCF791F9BDE8CF
:107D700008404620FCF77EB9D844025870B5184830
:107D80001649016000218160C160012303744174C0
:107D90008374032444610A2282611D25C561026245
:107DA00044628262C562026341638363C1634022AD
:107DB0000264042242648164C26401654265816593
:107DC000C1652023036641668266FBF749FD0028F2
:107DD00003D0BDE87040F9F768BC70BD00A000405A
:107DE0008805002470B5184816490160002181609B
:107DF000C1600123037441748374032444610A2223
:107E000082611D25C561026244628262C5620263AD
:107E100041638363C163402202640422426481643B
:107E2000C264016542658165C165202303664166C0
:107E30008266FBF715FD002803D0BDE87040F9F716
:107E400034BC70BD00A400402806002410B5C6B0A4
:107E500000223021102005F099F9414C20600022C9
:107E60003021102005F092F96060002230211020AE
:107E700005F08CF9A06000221921102005F086F988
:107E8000E0601C2237493FA8F8F7B2FB00213FA869
:107E900004F08EFB20631C2232491C3138A8F8F70D
:107EA000A7FB002138A804F083FB60631C222D4946
:107EB000383131A8F8F79CFB002131A804F078FB99
:107EC00020611C22274954312AA8F8F791FB002190
:107ED0002AA804F06DFB60611C222249703123A89E
:107EE000F8F786FB002123A804F062FBA0611C22A6
:107EF0001C498C311CA8F8F77BFB00211CA804F05E
:107F000057FBE0611C221749A83115A8F8F770FB50
:107F1000002115A804F04CFB60621C221149C431F9
:107F20000EA8F8F765FB00210EA804F041FBA06243
:107F30001C220C49E03107A8F8F75AFB002107A8DA
:107F400004F036FB20621C220649FC316846F8F733
:107F50004FFB0021684604F02BFBE06246B010BDE9
:107F600000000024DCD9000808B51948016841F078
:107F700080010160016801F080010091016841F019
:107F800001010160016801F001010091016841F007
:107F900010010160016801F010010091016841F0D9
:107FA00002010160016801F002010091016841F0E5
:107FB00008010160016801F008010091016841F0C9
:107FC00004010160006800F00400009008BD00009A
:107FD000E044025810B586B0142101A8F8F73AFB26
:107FE000002400941B481A49016044607F2181608D
:107FF000FF21C16004618461C4614461FEF77EFABF
:1080000008B1F9F752FB8DF804408DF805408DF862
:1080100006400494059401220E4801A9FEF732FBA4
:1080200008B1F9F742FB01208DF800008DF801003E
:108030008DF802008DF80340012206486946FEF7DC
:10804000CFFA002801D0F9F730FB06B010BD0000D0
:1080500000400058C806002410B59AB000241694B9
:108060001794189419941394149415941C210CA823
:10807000F8F7F0FA2C2101A8F8F7ECFA3248314968
:108080000160446084604FF6FF71C1600461446127
:108090008461FEF711FC08B1F9F707FB4FF480503B
:1080A0001690294816A9FEF79BFC08B1F9F7FDFACE
:1080B0002548FEF716FF08B1F9F7F7FA1394149460
:1080C000159413A92048FEF7A7FB08B1F9F7EDFABC
:1080D00060200C900D940E940F94109411941294AF
:1080E000002219480CA9FEF761FE08B1F9F7DDFA84
:1080F000154804220CA9FEF759FE08B1F9F7D5FA84
:10810000114808220CA9FEF751FE08B1F9F7CDFA83
:10811000019402940394049405944FF40050069043
:1081200007940894000309900A940B9401A9064847
:10813000FEF72CFB08B1F9F7B8FA0348FEF77EFD0D
:108140001AB010BD00000140EC06002410B58EB03E
:1081500000240A940B940C940D94079408940994A9
:108160001C216846F8F776FA24484FF080410160F8
:1081700044608460611EC16004618461FEF79CFB01
:1081800008B1F9F792FA4FF480500A901B480AA9F7
:10819000FEF726FC08B1F9F788FA1848FEF7DEFD6D
:1081A00008B1F9F782FA0794099407A91348FEF772
:1081B00033FB08B1F9F779FA00940194029404941E
:1081C00000220E486946FEF791FD08B1F9F76DFAF5
:1081D0000A4804226946FEF789FD08B1F9F765FAF5
:1081E000064808226946FEF781FD08B1F9F75DFAF5
:1081F0000248FEF723FD0EB010BD00003807002432
:1082000010B51848164901604FF4E1314160002172
:108210008160C16001610C2242618161C1610162C2
:1082200041628162FFF742F908B1F9F73EFA0D4861
:108230000021FEF748FF08B1F9F737FA0948002195
:10824000FEF71BFF08B1F9F730FA0648FEF77DFE8E
:10825000002803D0BDE81040F9F727BA10BD000090
:10826000001001408407002410B519481749016027
:10827000184941604FF4805181600021C1604FF482
:10828000806202610C2242618161C16101624162CE
:108290008162FFF70BF908B1F9F707FA0C480021E2
:1082A000FEF711FF08B1F9F700FA09480021FEF7BF
:1082B000E4FE08B1F9F7F9F90548FEF746FE002893
:1082C00003D0BDE81040F9F7F0B910BD00440040FC
:1082D00018080024A086010010B51948174901604C
:1082E0004FF4E1314160002181604FF40052C260DF
:1082F00001610C2242618161C1610162416281625E
:10830000FFF7D4F808B1F9F7D0F90D480021FEF7CE
:10831000DAFE08B1F9F7C9F909480021FEF7ADFE08
:1083200008B1F9F7C2F90648FEF70FFE002803D09E
:10833000BDE81040F9F7B9B910BD00000048004091
:10834000AC08002410B51848164901604FF4E1311B
:10835000416000218160C16001610C224261816144
:10836000C161016241628162FFF7A0F808B1F9F7CB
:108370009CF90D480021FEF7A6FE08B1F9F795F922
:1083800009480021FEF779FE08B1F9F78EF9064891
:10839000FEF7DBFD002803D0BDE81040F9F785B9F2
:1083A00010BD0000001401404009002410B5104920
:1083B0000022104802F06FFD08B1F9F776F90E4976
:1083C0000C4802F0BBFF08B1F9F76FF90B490948F7
:1083D00002F00AFA08B1F9F768F9064803F084F8E0
:1083E000002803D0BDE81040F9F75FB910BD0000C8
:1083F0003C020024DC510024FC02002490020024F2
:10840000FEE7000070B510EE102A6FF040434FF405
:1084100080051A440123AA42B0EE082A0DD2002298
:108420000A704B70F8EE000A70EEC00AC0ED000A48
:1084300030EE020A80ED010A70BD10EE102A324CB7
:108440004FF40006F1EE400A14440222B442B7EEA3
:10845000001AF0EE001A0AD20B704A7070EEC10AD0
:10846000C0ED000A30EE210A80ED010A70BD10EE69
:10847000103A032413F1814F0DD8B5EEC00AF1EE86
:1084800010FA08D20A704C70C0ED000A30EE010AF2
:1084900080ED010A70BDB5EEC00A0423F1EE10FABA
:1084A0000DDB10EE102AB2F17E5F08DA0C704B7013
:1084B00071EE400AC0ED000A80ED010A70BD10EEB9
:1084C000102A0524A2F17E52B2420AD20B704C70DF
:1084D00071EEC00AC0ED000A30EE410A80ED010ADB
:1084E00070BD10EE102AA2F18042AA42F8D80C709A
:1084F00006224A7072EE400AC0ED000A30EE610AB0
:1085000080ED010A70BD0000FFFF7F40FEE7000024
:108510000148FBF744BF0000D868002408B505F007
:10852000F9F800900026DFF88490214F214CDFF805
:108530008880224DB9F82400B8F80010884203D191
:1085400089F82260A9F82460B9F82400A8F800008E
:10855000B4F89A00B8F80210884204D184F8986000
:10856000A4F89A607E76B4F89A00A8F80200B4F8ED
:10857000BA00B8F80410884204D184F8B860A4F8AE
:10858000BA607E76B4F8BA00A8F80400A88BB8F8F0
:108590000610884202D1AE76AE83EE80A88BA8F892
:1085A00006000A21684604F031FCC3E7404E00246F
:1085B000104B0024584D002432020024384D002472
:1085C0009FED0A1A80ED001AF7EE001AC0ED031AAB
:1085D00080ED090AC0ED0A0AC0ED071A80ED081AFD
:1085E000C0ED0B1A80ED011A70470000000000007A
:1085F000D0ED071AD0ED000A21EEA01A80ED011A85
:10860000D0ED090A90ED032A41EE820AC0ED040A7A
:10861000D0ED0A1A30EEA12AC0EE821AC0ED061A79
:1086200030EE412AB0EE410A01EE820A80ED020AE4
:10863000B7EE001A31EE611A61EE200AC0ED050AAC
:10864000C0ED030A80ED000A7047000070B50446D3
:108650002068056C00EB4110D0F8081B0C4EB542A9
:1086600005D9090403D54FF40041C0F8081B204682
:10867000FCF72CFAB54208D9A079012805D1206869
:10868000012104F29C4203F0C5FA002070BD0000F5
:108690000A30544F2DE9F04105460C462E68306CE7
:1086A00006EB4411D1F8083B4FF4004795F80680DB
:1086B00005F29C424FF0200CB8F1010F08D0DFF812
:1086C000B080404545D118043AD5C1F8087B4CE04C
:1086D000284E5FEA037806D5B04246D9180444D53F
:1086E000C1F8087B41E05FEA836802D5C1F808CB96
:1086F0003BE013F0280F38D1B04204D9180402D55A
:10870000C1F8087B31E004EBC40005EB800000F504
:108710001570D1F8101B036AC1F31201591A416197
:1087200024B903693BB1C2681144C1602846E1B273
:10873000FBF727FD19E02868012103F06BFAF5E744
:10874000980601D5C1F808CB2846E1B2FBF719FD20
:108750000BE034B9D5F8640218B90021304603F0B3
:1087600059FA2846E1B2FBF70CFD0020BDE8F08184
:108770000A31544F0A30544F2DE9F84F80460E46C7
:10878000D8F8007006EBC60008EB80041434D4E976
:108790000410884202D90120BDE8F88F081AA168A8
:1087A000814200D20846C01C4FEA900A07EB4619E6
:1087B00016E0151AA268AA4200D21546E81C4FEA34
:1087C000900A98F806000090ABB2E1683846F2B221
:1087D00003F082FDE0682844E0606069284460613D
:1087E000D9F8180980B2504505D3D4E90420904245
:1087F00001D2002ADDD1D4E90401884208D8012041
:1088000006F00F018840D7F834188143C7F83418B0
:108810000020C1E710B516489FED0F3ADFED0F2A93
:108820009FED0F2AF6EE001A9FED0E1ADFED0E0AED
:108830009FED0E0A00F05CF9BDE810400E484FF4C1
:108840007A729FED0C1AF6EE000AB2EE090A42F2B5
:108850001071FFF771B8000000002F440000FA45C6
:1088600000409C46CDCCCC3E6F12833A9A99993EFB
:1088700038510024000000008C51002408484FF4B7
:108880002F729FED051ADFED050AB0EE080A4FF4CE
:10889000FA51FFF751B80000000000008FC2F53C0C
:1088A0009850002408484FF42F729FED051ADFED11
:1088B000050AB0EE080A4FF4FA51FFF73DB8000080
:1088C000000000008FC2F53CE850002410B52DEDEB
:1088D000028BF6EE001A9FED148ADFED148A16481B
:1088E000B0EE483AF0EE482AB0EE682A9FED101A32
:1088F000F1EE040A9FED0F0A00F0FAF8B0EE483AE4
:10890000F0EE482AB0EE682ABDEC028BF6EE001AB3
:108910000948BDE8104054309FED081ADFED080A01
:108920009FED080A00F0E4B800401C4600409C4659
:108930000000000000009642E84E00246666663F94
:108940003480B7398FC2753E70B504460D462DEDA3
:10895000048B84ED000AC4ED010A30EE601A84ED48
:10896000021AD4ED050A30EE600A84ED060AD4ED51
:10897000030A94ED070A30EE010A84ED070AB0EE0F
:10898000410A2846F9F7E6F894ED080AD5ED000A01
:1089900095ED051A00EE810AD4ED098AD5ED010A9C
:1089A00095ED061A40EE818A94ED0A8AD5ED020A09
:1089B00095ED071A00EE818A94ED0B9AD4ED020A28
:1089C00020EE800A84ED0C0A94ED120A04F11C00DA
:1089D000B8EE400A03F08EFD94ED070A20EE280A57
:1089E00084ED0D0AD4ED020A94ED031A70EEC10A6B
:1089F00060EE880AC4ED0E0A94ED061A21EE091AFB
:108A000084ED0F1AD4ED0C1A31EE800A30EE200AF4
:108A100030EE010A84ED100A94ED110A04F14000D1
:108A2000B8EE400A03F066FD94ED020A84ED030AF5
:108A300094ED000A84ED050A94ED100ABDEC048B58
:108A400070BD10B5044684ED000AC4ED010A70EE55
:108A5000600AC4ED020A94ED031A30EEC11A84EDE7
:108A6000041AD4ED051A30EE610A84ED060AD4ED3D
:108A7000081A61EEA01AC4ED0C1AD4ED0D1A94ED8B
:108A8000092A42EE201AC4ED0D1AD4ED0A0A61EE4D
:108A9000200AC4ED0E0AD4ED0B0A20EE800A84ED04
:108AA0000F0A94ED130A04F1340003F023FD94ED52
:108AB0000C0AD4ED0D0A30EE200AD4ED0E0A30EE89
:108AC000200AD4ED0F0A30EE200A84ED100A94ED4E
:108AD000110A04F1400003F00DFD94ED020A84ED4B
:108AE000030A94ED000A84ED050A94ED100A10BD06
:108AF00080ED080AC0ED090A80ED0A1AC0ED0B1AD4
:108B000080ED112AC0ED122A80ED133A9FED0A0A7A
:108B100080ED0C0A80ED0E0A80ED0D0A80ED020A50
:108B200080ED030A80ED040A80ED100A80ED010A51
:108B300080ED000A704700000000000070B5044698
:108B40000D462DED028BB0EE408BD4ED030A94ED73
:108B5000020A2846F8F7FEFF84ED008AC4ED018A78
:108B600078EE680AC4ED020A94ED030A30EEC00AFA
:108B700084ED040A94ED051A38EE411A84ED061AC4
:108B8000D4ED0B1A94ED082AD5ED002A32EE222AF4
:108B900022EE202A84ED0C2A94ED092AD5ED012A33
:108BA00072EE222A94ED0D2A02EEA02A84ED0D2AFF
:108BB00094ED0A2AD5ED022A32EE222A22EE000A8C
:108BC00084ED0E0A21EE210A84ED0F0A94ED120ABB
:108BD000F4EEC00AF1EE10FA04DB9FED150A84ED05
:108BE0000D0A05E094ED130A04F1340003F082FC51
:108BF00094ED0C0AD4ED0D0A30EE200AD4ED0E0AE5
:108C000030EE200AD4ED0F0A30EE200A84ED100A6F
:108C100094ED110A04F1400003F06CFC94ED020A9B
:108C200084ED030A94ED100ABDEC028B70BD0000C8
:108C30000000000008B5006800909DED000A08BD26
:108C400008B500880090BDF9000000EE100AB8EEEB
:108C5000C00A08BD2DE9F047044688460027DFF822
:108C60001491D9F80000C043800709D0414D283D38
:108C7000286820F080602860FBF766F9064609E066
:108C80000120BDE8F087FBF75FF9801B022801D9BE
:108C90000320F6E728680001F5D4D9F80000216820
:108CA00020F47C3040EA0130C9F80000A0884FF67B
:108CB000FF72A168401E491EC0F3080002EA41216C
:108CC0000843A1894FF4FE02491E02EA014108430C
:108CD000217C1202491E02EA016108432549103134
:108CE00008602448001D0168626921F0C001114339
:108CF00001600168A26921F020011143016001684F
:108D000021F0100101601B4914310A684FF6F87315
:108D10009A43E36942EAC3020A60016841F0100124
:108D20000160B8F1000F0ED0B8F1010F10D001684A
:108D300041F400110160286840F080602860FBF772
:108D400003F9044610E0016841F400210160F2E7F4
:108D5000016841F480110160EDE7FBF7F5F8001BB5
:108D6000022801D903208CE728680001F5D5384690
:108D700087E70000284402582DE9F047044688465A
:108D80000027DFF81491D9F80000C043800709D00C
:108D9000414D283D286820F080502860FBF7D4F82A
:108DA000064609E00120BDE8F087FBF7CDF8801BFF
:108DB000022801D90320F6E728688000F5D4D9F805
:108DC0000000218820F07C7040EA0150C9F80000C2
:108DD000A0884FF6FF72A168401E491EC0F308002C
:108DE00002EA41210843A1894FF4FE02491E02EA2A
:108DF00001410843217C1202491E02EA0161084335
:108E00002549183108602448001D0168626921F471
:108E10004061114301600168A26921F400711143AE
:108E20000160016821F4807101601B491C310A68EE
:108E30004FF6F8739A43E36942EAC3020A60016895
:108E400041F480710160B8F1000F0ED0B8F1010F4C
:108E500010D0016841F080710160286840F08050B6
:108E60002860FBF771F8044610E0016841F48001C6
:108E70000160F2E7016841F400010160EDE7FBF7F2
:108E800063F8001B022801D903208CE728688000C2
:108E9000F5D5384687E7000028440258002102E053
:108EA000491C0A38C0B20A28FAD2090740EA116000
:108EB00070472DE9F041044600252068C168490645
:108EC00016D4691EC160FBF73FF8064603274FF42E
:108ED0007A7807E0FBF738F8801B404502D9032574
:108EE00084F821702068C068400601D4032DF1D1B8
:108EF0002846BDE8F08100002DE9F0410646002437
:108F0000114DE86820F08000E860A8684FF0030782
:108F1000800607D43046FDF71BFC90B186F821701F
:108F200003240EE0A86820F02000A8603046FDF77A
:108F30000FFC10B186F821700324A86840F02000CF
:108F4000A8602046BDE8F081004000582DE9F047B8
:108F50002DED028B01210820F8F7A6FECA4C002552
:108F6000CA4F28B1BD802562E5612561E5603D7687
:108F700001210020F8F798FE9FEDC58ADFF80883ED
:108F800008F1280830B194ED010AB8EEC00A88ED66
:108F9000010A13E001210846F8F786FE40B1606837
:108FA000404200EE100AB8EEC00A88ED010A05E062
:108FB000B5482830F7F768FF88ED018AB2482830B5
:108FC00000F0F2F94042388001210220F8F76CFEEF
:108FD000DFF8B49209F1340940B1A068404200EED4
:108FE000100AB8EEC00A89ED010A11E00121032040
:108FF000F8F75AFE30B194ED020AB8EEC00A89EDD6
:10900000010A05E0A0483430F7F73EFF89ED018AF8
:109010009D48343000F0C8F9404278800121062094
:10902000F8F742FE012608B1E06828B101210620C8
:10903000F8F73AFE10B109E0E66007E0E0680128C1
:1090400004D1E069282801DBE561E560DFF838A29A
:10905000B7F904000AF1400ABAF90A10884209DA9D
:10906000E168012906D1E169282903DA0A30B880CC
:10907000491CE16101210720F8F716FE08B12069BB
:1090800028B101210720F8F70FFE10B109E0266191
:1090900007E02069012804D1206A282801DB256225
:1090A0002561B7F90400BAF90810884209DD216981
:1090B000012906D1216A282903DA0A38B880491C17
:1090C000216200211120F8F7EFFD7249724A734BBB
:1090D00090B1387B10B101280DD00DE03E7391EDB9
:1090E000000ABDEEC00A10EE100A788192ED000A67
:1090F00083ED040A00E03D73387B01280AD191ED2D
:10910000000ABDEEC00A10EE100A788192ED000A46
:1091100083ED040A01211020F8F7C6FD20B90221D1
:109120001020F8F7C1FD10B1787E01287ED0032011
:10913000787301210D20F8F7B7FD90B14FF4167048
:10914000A8F80A004142A8F80810A9F80A00A9F8EE
:1091500008104FF44870AAF80A004FF6E040AAF849
:10916000080001210E20F8F79FFD90B14FF46170C7
:10917000A8F80A004142A8F80810A9F80A00A9F8BE
:10918000081040F27E40AAF80A004FF68230AAF892
:10919000080001210F20F8F787FD90B14FF47A7095
:1091A000A8F80A004142A8F80810A9F80A00A9F88E
:1091B00008104FF4AF60AAF80A004FF68820AAF80A
:1091C000080000210B20F8F76FFDDFF8D48060B1B4
:1091D000B8F90A0040F22621C84206DA00F5077005
:1091E000A8F80A00F87D801EF87500210C20F8F719
:1091F0005BFD60B1B8F90A0040F6B831C84206DD3F
:10920000A0F50770A8F80A00F87D801CF8752549BC
:10921000488900EB800038818889C000F8800121EE
:109220000520F8F741FD80B1A06900E001E010B130
:109230000CE07E737DE7387E10B1012802D002E099
:109240003E7600E03D76A66100E0A561012109209F
:10925000F8F72AFD58B1606950B9787E10B101283D
:1092600002D002E07E7600E07D76666100E0656116
:1092700001210A20F8F718FD20B1FE76BDEC028B23
:10928000BDE8F087FD76F9E754010024104B002477
:10929000000000000C01002410010024D44E002422
:1092A000E8010024AC4E002410B5134A0024134BEF
:1092B0001046117EB0F90400012904D0198B401A20
:1092C00090809C6110BD596959B10129FAD1996901
:1092D000C91E9961C01E908011F5967FF2DC5C6119
:1092E00010BD9969C91C9961C01C9080B1F5967F29
:1092F000F6DB0120586110BD104B0024A0010024B2
:1093000008B504F007FA0090064C074D2069804725
:1093100060688047286880470221684603F076FD30
:10932000F4E70000C80100242802002401784078F6
:1093300041EA00207047000010B5054800688047EA
:1093400000F00AF803480068BDE81040004700003C
:1093500018020024DC0100240F4A1049107B012868
:1093600001D10869886000230D480079012801D0E7
:1093700018B103E00120507300E053730948427BA9
:10938000032A03D1C07E012801D0CB8070474FF45F
:10939000FA60C88070470000E8010024384D0024BE
:1093A0002C020024104B002490ED000AD0ED010A9D
:1093B00030EE200A80ED000AB0F9081000EE901A95
:1093C000F8EEE00AB4EEE00AF1EE10FA05D200EE93
:1093D000101AB8EEC00A80ED000AB0F90A10D0EDFC
:1093E000000A00EE101AB8EEC00AF4EEC00AF1EE60
:1093F00010FA05DD00EE101AB8EEC00A80ED000A82
:1094000090ED000ABDEEC00A10EE100A00B27047DF
:10941000FEF7CCFF012003F0BEF8FBE710B55020AB
:1094200080F31188BFF34F8FBFF36F8F04F078F98B
:1094300018B104494FF080500860002080F3118873
:1094400010BD000004ED00E030B59DB04C210AA82D
:10945000F7F700F9202102A8F7F7FCF80220FBF744
:1094600075FB00242E4A106820F00100106010687F
:109470002C48016841F440410160016801F4404119
:10948000019101688904FCD527490B6843F0020368
:109490000B60096801F002010191016841F440414B
:1094A00001600168116841F001011160116801F06B
:1094B0000101019101688904FCD529200A904FF42B
:1094C00080300B9001210F91109102201390149085
:1094D00015915021169117900825189519900C2078
:1094E0001A901B941C940AA8FCF7C6FC08B1F8F764
:1094F000DCF83F200290032003900494059540205F
:1095000006900790010108910990042102A8FCF738
:1095100025FA002801D0F8F7C8F81DB030BD0000CA
:109520002C04005818480258F444025810B52C482E
:10953000016841F4700101602A4A106800F00F00D0
:10954000072804D2106820F00F00C01D10602649C3
:10955000086840F001000860234B002010331860B9
:109560000B68224C23400B60136803F00F03072B9A
:1095700004D9136823F00F03DB1D13601A4A183255
:109580001060121D1060121D1060174B184A28330E
:109590001A601B1D174A1A601B1D174A1A601B1DF3
:1095A00018601B1D1A601B1D18601B1D1A601A1DF8
:1095B00010600A6822F480220A600B49603108605A
:1095C0000E4800686FF30F00B0F1005F02D20C4943
:1095D0000120086043F2D2000A49086010BD000073
:1095E00088ED00E000200052004402587FEDF6EACA
:1095F000000202020000FF01800201010010005C75
:1096000008810051004000520148FDF76EBA000089
:10961000A40C00242DE9F04F02684FF0804B294D37
:10962000DFF8A480DFF8A490A842DFF8A4A0294BBB
:1096300009D0584507D0404505D0484503D050458E
:1096400001D0984203D122F070044A682243224E8E
:10965000224FA842DFF888C00FD058450DD04045B2
:109660000BD0484509D0504507D0984205D0B042AC
:1096700003D0B84201D0604503D122F44074CA68D7
:1096800022434C6922F08002224302608A68C2624F
:109690000A688262A84207D0984205D0B04203D03F
:1096A000B84201D0604501D10969016301214161DE
:1096B0000169C90703D0016921F001010161BDE819
:1096C000F08F00000000014000040040000800404E
:1096D000000C0040000401400040014000440140F3
:1096E0000048014010B5846824F47F4442EA032214
:1096F0000A432243826010BD8268034B1A400A432A
:1097000042F00701816070478FFFCFFF2DE9F043E2
:10971000046A026A22F001020262426883691D4DF6
:109720002B4023F003030D681D4324F002048B68D3
:109730002343194E194FDFF868C0B042DFF8648048
:10974000DFF8649007D0B84205D0604503D04045AB
:1097500001D0484505D123F00804CB68234323F00A
:109760000403B04207D0B84205D0604503D040455D
:1097700001D0484507D122F4807222F400724C696E
:1097800014438A69224342608561496841630362E8
:10979000BDE8F0838FFFFEFF0000014000040140A0
:1097A000004001400044014000480140F0B5056A16
:1097B000026A22F010020262426883691A4C234056
:1097C00023F440730C6843EA042425F020038D68D9
:1097D00043EA0513154D164EA84201D0B04206D1FA
:1097E00023F08003CF6843EA071323F04003A84225
:1097F0000AD0B04208D00F4DA84205D00E4DA84265
:1098000002D00E4DA84209D122F4806222F40062F7
:109810004D6942EA85028D6942EA850242608461AF
:10982000496881630362F0BDFF8FFFFE00000140C5
:109830000004014000400140004401400048014054
:10984000F0B5056A026A22F4807202624268C36956
:109850001A4C234023F003030C681C4325F40073C7
:109860008D6843EA0523164D164EA84201D0B0423A
:1098700006D123F40063CF6843EA072323F480630F
:10988000A8420AD0B04208D00F4DA84205D00F4DD3
:10989000A84202D00E4DA84209D122F4805222F4EF
:1098A00000524D6942EA05128D6942EA0512426092
:1098B000C4614968C1630362F0BD00008FFFFEFF11
:1098C000000001400004014000400140004401400C
:1098D0000048014030B5046A026A22F480520262F4
:1098E0004268C369124D2B4023F440730D6843EA6C
:1098F000052324F400548D6844EA05340D4DA84234
:109900000BD00D4DA84208D00C4DA84205D00C4DEF
:10991000A84202D00B4DA84204D122F480424D69E6
:1099200042EA85124260C36149680164046230BD45
:10993000FF8FFFFE00000140000401400040014095
:10994000004401400048014030B5056A026A22F433
:10995000803202624268436D114C23400C681C4304
:1099600025F400330D8943EA05430E4DA8420BD080
:109970000D4DA84208D00D4DA84205D00C4DA8426F
:1099800002D00C4DA84204D122F480324D6942EA43
:1099900005224260446549688165036230BD00006C
:1099A0008FFFFEFF00000140000401400040014025
:1099B000004401400048014030B5056A026A22F4C3
:1099C000801202624268436D114C23400C6843EAE6
:1099D000042425F400130D8943EA05530D4DA842D4
:1099E0000BD00D4DA84208D00C4DA84205D00C4D0F
:1099F000A84202D00B4DA84204D122F480224D6926
:109A000042EA8522426044654968C165036230BD0F
:109A1000FF8FFFFE000001400004014000400140B4
:109A2000004401400048014010B5036A046A24F074
:109A300001040462846924F0F00444EA021423F06F
:109A40000A020A438461026210BD10B5036A046A07
:109A500024F010040462846924F4704444EA02325D
:109A600023F0A00343EA01118261016210BD0000EE
:109A700030B5416E002917D002689168C1F3426188
:109A80009268520F0B4B9C5C250103F10804A25C09
:109A9000B5FBF2F2A0F86A205A5C615C1201B2FBDD
:109AA000F1F1A0F8681030BD0121683041800180DB
:109AB00030BD000070DB000890F82810090706D5BB
:109AC00001684A68836B22F400421A434A6090F8A6
:109AD0002810C90706D001684A68C36A22F4003218
:109AE0001A434A6090F82810890706D501684A6829
:109AF000036B22F480321A434A6090F82810490719
:109B000006D501684A68436B22F480221A434A60F2
:109B100090F82810C90606D501688A68C36B22F43C
:109B200080521A438A6090F82810890606D5016889
:109B30008A68036C22F400521A438A6090F8281055
:109B4000490611D501684A68436C22F480121A4311
:109B50004A60416CB1F5801F06D101684A68836C88
:109B600022F4C0021A434A6090F82810090606D56C
:109B700001684A68C06C22F4002202434A607047C0
:109B80002DE9F84304460025C4F89050FAF7DCF9B3
:109B90008046206800686FF07E474FF0200600077F
:109BA00016D50022434631042046009700F0B0FB52
:109BB00070B1206850E8001F21F0800140E80012D9
:109BC000002AF6D18434666025700320BDE8F8834E
:109BD00020680068400720D5002243464FF48001EA
:109BE0002046009700F094FBB8B1206850E8001FB1
:109BF00021F4907140E80012002AF6D12068083064
:109C000050E8001F21F0010140E80012002AF5D1C0
:109C10008434A66025700320D8E76C34E6612662A0
:109C20002560656025760020D0E710B5806B0021A7
:109C3000A0F85E10A0F85610FDF76DFA10BD70B5D3
:109C4000846BD4F88800D4F88C50216889684FF070
:109C50000006090606D5212804D1A4F8566020463E
:109C600000F0A4F820688068400606D5222D04D1B3
:109C7000A4F85E60204600F05DF8D4F8900040F053
:109C80001000C4F890002046FDF745FA70BD01466B
:109C900010B5886B0023C969B1F5807F2DD0A0F87D
:109CA0005E30016851E8002F22F4807241E8002400
:109CB000002CF6D10168083151E8002F22F0010292
:109CC00041E80024002CF5D10168083151E8002F4B
:109CD00022F0400241E80024002CF5D12021C0F8F8
:109CE0008C10C16E012908D1016851E8002F22F0C3
:109CF000100241E80024002CF6D10367C16E01294F
:109D000002D0FDF715FE10BDB0F85C10FDF766F946
:109D100010BD10B5806B01210167C16E012902D011
:109D2000FDF707FE10BDB0F85C104908FDF756F9C5
:109D300010BD000010B5016851E8002F22F49072A8
:109D400041E80023002BF6D10E4B0168083151E8A1
:109D5000002F1A4041E80024002CF6D1C16E0129E1
:109D600008D1016851E8002F22F0100241E80023D9
:109D7000002BF6D12021C0F88C100021C16641676C
:109D800010BD0000FEFFFFEF10B5016851E8002F85
:109D900022F0400241E80023002BF6D12021C0F838
:109DA000881000218167FDF7C5FD10BD016851E8ED
:109DB000002F22F0C00241E80023002BF6D10168F9
:109DC000083151E8002F22F4000241E80023002B63
:109DD000F5D12021C0F88810704700002DE9F0432C
:109DE00087B004460025DFF8F88320682269A1685F
:109DF000E369114362691A4311430268F94B1A403F
:109E00000A43026020684168E26821F4405111432E
:109E10004160A0692168414501D0226A10438A68E7
:109E2000F14B1A4002438A602068C16A626A21F0DD
:109E30000F011143C162ED492268ED488A421DD1EC
:109E4000006800F03800182812D005DC50B108284E
:109E50000AD0102804D109E020280BD028280BD0E4
:109E60008021EBE00121E9E00421E7E00821E5E0C1
:109E70001021E3E02021E1E04021DFE0DD498A42DA
:109E800017D1006800F00700062810D2DFE800F0C4
:109E9000030507090B0D0021D0E00421CEE00821C5
:109EA000CCE01021CAE02021C8E04021C6E080219A
:109EB000C4E0D1498A4217D1006800F007000628A3
:109EC00010D2DFE800F0030507090B0D0021B5E013
:109ED0000421B3E00821B1E01021AFE02021ADE082
:109EE0004021ABE08021A9E0C4498A4217D1006833
:109EF00000F00700062810D2DFE800F0030507098C
:109F00000B0D00219AE0042198E0082196E0102131
:109F100094E0202192E0402190E080218EE0B84939
:109F20008A4217D1006800F00700062810D2DFE847
:109F300000F0030507090B0D00217FE004217DE0FF
:109F400008217BE0102179E0202177E0402175E0B5
:109F5000802173E0AB498A421DD1006800F03800CF
:109F6000182812D005DC50B108280AD0102804D1D6
:109F700009E020280BD028280BD080215EE00121A9
:109F80005CE004215AE0082158E0102156E020212D
:109F900054E0402152E09C498A4217D1006800F009
:109FA0000700062810D2DFE800F0030507090B0DB3
:109FB000002143E0042141E008213FE010213DE081
:109FC00020213BE0402139E0802137E08F498A425F
:109FD00017D1006800F00700062810D2DFE800F073
:109FE000030507090B0D002128E0042126E00821C4
:109FF00024E0102122E0202120E040211EE08021E9
:10A000001CE0424519D17A48001D006800F00700A5
:10A01000062810D2DFE800F0030507090B0D022126
:10A020000CE004210AE0082108E0102106E02021CC
:10A0300004E0402102E0802100E0802174486C4B64
:10A040000027744E4FF40049543B42454FEA201C10
:10A0500053D110292AD006DC02291AD004291BD09A
:10A06000082904D11DE0202928D0402928D000202B
:10A070000125E8B3616A36F81120B0FBF2F1666899
:10A0800006EB46038B4202D8B1EB063F1AD90125F5
:10A09000E2E0FAF78FFDECE704A8FAF79DFD0598DA
:10A0A000E7E701A8FAF778FE0298E2E7196889065F
:10A0B000DFD51968C1F3C101C840DAE76046D8E7C7
:10A0C0004846D6E700231946F6F7D6F909020202F8
:10A0D00041EA106170081018324679410023F6F702
:10A0E000CBF94D4AA0F54071914204D8216800E0B7
:10A0F0004AE0C860B0E00125AEE0E2694FF6EF78D3
:10A100004A4548D1082932D005DC29B3012926D097
:10A11000042906D126E010292ED0202935D0402947
:10A1200035D00020012578B3616A36F81110B0FBF4
:10A13000F1F04100606801EB5001B1FBF0F0A0F1DB
:10A140001001414525D84FF6F0710140C0F342009F
:10A1500001432068C1607FE0FBF790FDE3E7FBF778
:10A160009FFDE0E704A8FAF737FD0598DBE701A8B3
:10A17000FAF712FE0298D6E719688906D3D519684E
:10A18000C1F3C101C840CEE748E06046CBE748468E
:10A19000C9E7012560E008294CD005DCF9B10129A7
:10A1A00040D0042906D140E0102948D020294ED0C3
:10A1B00040294ED00020012580B3616A36F8111085
:10A1C000B0FBF1F1606801EB5001B1FBF0F0A0F1E0
:10A1D000100141453FD8216880B2C8603CE01EE0D4
:10A1E000000C0058F369FFCFFFF4FF11001001408D
:10A1F000544402580044004000480040004C0040D5
:10A20000005000400014014000780040007C0040F5
:10A210000090D00358DB0008FFFC0F001CE0FBF7A8
:10A220002DFDC9E7FBF73CFDC6E704A8FAF7D4FC0F
:10A230000598C1E701A8FAF7AFFD0298BCE71968D5
:10A240008906B9D51968C1F3C101C840B4E76046B1
:10A25000B2E74846B0E701250120683460802080DD
:10A26000E760276107B02846BDE8F08370B5044673
:10A2700044F8581FA2800021A16322206063A06AD5
:10A28000583C00281DD01F4BC363241D1E48E36F9C
:10A290001864E36F1D48D864E06F0165134654F8F5
:10A2A000041CE56F606D2431241F02462846F8F730
:10A2B0002BFE30B110208C34606020202060012003
:10A2C00070BD206940B1206850E8001F41F48071E2
:10A2D00040E80012002AF6D12068083050E8001F3C
:10A2E00041F0010140E80012002AF5D12068083051
:10A2F00050E8001F41F0400140E80012002AF5D16B
:10A30000002070BD8F9C0008139D00083F9C000832
:10A310002DE9F04704460D4617469846089E4FF033
:10A32000000935E0701C33D0F9F70EFEA0EB0800F1
:10A33000B04219D8C6B120680168490728D5802DD8
:10A3400026D0402D24D0C169C94309070ED4206806
:10A35000082505622046FFF7EDFCC4F8905084F80C
:10A3600084900120BDE8F0870320FBE7C069C0436B
:10A3700000050DD421684FF4006008622046FFF705
:10A38000D9FC2020C4F8900084F884900320E9E7E9
:10A390002068C06935EA000004D00020B842C1D06E
:10A3A0000020DFE70120F9E70148FCF7B5BE000017
:10A3B000840700240148FCF7AFBE00001808002401
:10A3C0000148FCF7A9BE0000AC0800240148FCF7D6
:10A3D000A3BE00004009002488B0064C4FF0FF35B2
:10A3E00001A92A46206803F04BF801A801F088FF74
:10A3F000F6E700000C000024CD2001F0D7FF142068
:10A4000002F0DCFCF8E72DE9F0410E46D0F8C82256
:10A41000D0F8D41200EB8101D1F8C012002925D068
:10A4200006F00F03002703EB830400EB8404A56907
:10A430004DB103EBC30302EB8302D369B5FBF3F227
:10A4400003FB1252A2B1C1F81472D0F8D42200EB6F
:10A450008200D0F8C40203692BB1D1F8080201F5DB
:10A460000471324698470020BDE8F0810320FBE7E5
:10A47000A76100231A46314600F03EFFF3E770B5AE
:10A480000546D5F8D40205EB8000D0F8C042002C78
:10A4900012D0284600F00AFEC4F80C02D5F8D412F7
:10A4A000D4F8040205EB8101D1F8C412CA6804F59E
:10A4B00003719047002070BD032070BD70B5044645
:10A4C000224D2046297800F003FD2878002600F070
:10A4D0000F0000EB800004EB800086842046697842
:10A4E00000F0F6FC687800F00F0000EB800004EB51
:10A4F0008000A0F864612046A97800F0E9FCA87803
:10A5000000F00F0000EB800004EB80008684C6841E
:10A51000D4F8D40204EB8000D0F8C01299B1D0F87E
:10A52000C40240688047D4F8D40204EB8000D0F81D
:10A53000C00201F06DF9D4F8D40204EB8000C0F839
:10A54000C062C4F8BC62002070BD0000A8020024F4
:10A5500010B5D0F8D41200EB8100D0F8C042002C26
:10A5600010D0D0F8C41259B194F80002FF2807D0D7
:10A570008B68214694F801229847FF2084F8000256
:10A58000002010BD032010BD0A2101800048704743
:10A59000AC02002470B506460C48822100F0F5FBA1
:10A5A00005460A48012100F0F0FB044607488121D6
:10A5B00000F0EBFB0DB11021A971402104B1A18085
:10A5C00000B1818043203080004870BDB802002473
:10A5D00070B506460D48822100F0D7FB05460B48B2
:10A5E000012100F0D2FB04460848812100F0CDFB98
:10A5F0000DB11021A9714FF4007104B1A18000B117
:10A60000818043203080014870BD0000B8020024E2
:10A6100070B506460C48822100F0B7FB05460A4893
:10A62000012100F0B2FB04460748812100F0ADFB98
:10A630000DB11021A971402104B1A18000B1818028
:10A6400043203080004870BDB80200242DE9F04757
:10A6500004464FF40776304601F0DCF805464FF02B
:10A660000008002D64D031462846F5F7F3FFD4F8F2
:10A67000D40204EB8000C0F8C052C4F8BC520127D9
:10A68000207C4FF4007A474E4FF01009F0B3317838
:10A6900040230222204600F078FD307800F00F00C1
:10A6A00000EB800004EB8000878440237178022255
:10A6B000204600F06AFD707800F00F0000EB80008B
:10A6C00004EB8000A0F86471B07800F00F0000EB9C
:10A6D000800004EB8000A0F826900823B1780322C4
:10A6E000204600F052FDB07800F00F0000EB800033
:10A6F00004EB80008784C5F80482D4F8D40204EB0C
:10A700008000D0F8C4020068804700E018E0C5F877
:10A710001482C5F81882D5F80422C2B3207CB8B3DD
:10A7200071784023204600F03CFD0020BDE8F08712
:10A73000D4F8D40204EB8000C0F8C0820220F5E710
:10A74000317802225346204600F01FFD307800F099
:10A750000F0000EB800004EB8000878402227178F8
:10A760005346204600F011FD707800F00F0000EB1A
:10A77000800004EB8000A0F86471B07800F00F0056
:10A7800000EB800004EB8000A0F82690A5E700E035
:10A7900001E00220CAE771785346204600F001FD2F
:10A7A000C3E70000A802002410B5D0F8D41200EBD3
:10A7B0008101D1F8C01200290AD0027C094C4AB1AB
:10A7C000D1F804224023617800F0EBFC002010BD9A
:10A7D000032010BDD1F804224FF40073617800F01B
:10A7E000E0FCF3E7A8020024002907D0D0F8D42227
:10A7F00000EB8200C0F8C4120020704703207047AD
:10A80000D0F8D42200EB8200D0F8C002002803D098
:10A81000C0F804120020704703207047D0F8D432EB
:10A8200000EB8300D0F8C002002805D0C0F8081261
:10A83000C0F8102200207047032070472DE9FC412A
:10A8400006460C46D6F8D40206EB8000D0F8C0725B
:10A850000021019100910025002F0DD0217811F0E9
:10A86000600238D0202A09D02146304600F0C5F8D1
:10A8700003252846BDE8FC810320FBE7E2880AB3F4
:10A88000090610D5D0F8C402394694F801C083688F
:10A8900060469847E288072A00D9072239463046A1
:10A8A00000F0D1F8E5E7607887F80002E0884028FA
:10A8B00000D34020C2B287F801223946304600F06A
:10A8C000A8F8D6E7D0F8C40200226378214686684B
:10A8D0001846B047CDE7607858B10128C9D00A289A
:10A8E00017D00B2825D02146304600F086F80325E6
:10A8F000BFE796F89C02032805D02146304600F0B9
:10A900007CF80325B5E702226946304600F09BF843
:10A91000AFE796F89C02032805D02146304600F0A8
:10A920006CF80325A5E70122304601A900F08BF859
:10A930009FE796F89C0203289BD02146304600F002
:10A940005CF8032595E7000010B5D0F8D41200EBB1
:10A950008101D1F8C0220121002A03D0D2F814329B
:10A9600013B114E0032010BD02F502720121D16081
:10A9700008499468097801F00F0303EB830300EBA7
:10A9800083039C619368126800F0B6FC00210846BE
:10A9900010BD0000A802002410B50024D0F8B82291
:10A9A0005268904700B10324204610BD90F89C22C5
:10A9B000012A05D0022A03D0032A01D000F01DB8D5
:10A9C0004988012904D10021C0F8A41200F048B838
:10A9D0007047002070470020704710B513460A46A4
:10A9E000002100F0DEFB002010BD10B513460A4622
:10A9F000002100F081FC002010BD10B5044680212C
:10AA0000204600F05AFC2046BDE81040002100F02E
:10AA100054BC10B50323C0F89432C0F85821C0F8D4
:10AA20005C2113460A46002100F0BBFB002010BD4C
:10AA300010B50521C0F8941200231A46194600F0FB
:10AA4000B0FB002010BD10B50223C0F89432826123
:10AA5000C26113460A46002100F04EFC002010BDE2
:10AA600010B50421C0F8941200231A46194600F0CC
:10AA700043FC002010BD000010B5002806D007A040
:10AA80000A46054900F0CDF9034810BD03A00A4667
:10AA9000014900F0C6F9F7E7B854002443444320C5
:10AAA000436F6E6669670000122008800048704797
:10AAB0006002002410B5002806D007A00A46054908
:10AAC00000F0AFF9034810BD03A00A46014900F0A9
:10AAD000A8F9F7E7B854002443444320496E74654D
:10AAE00072666163650000000420088000487047BA
:10AAF0005C02002410B504A00A46024900F091F956
:10AB0000004810BDB854002453544D6963726F65FA
:10AB10006C656374726F6E696373000010B5002812
:10AB200006D007A00A46054900F07BF9034810BD8E
:10AB300003A00A46014900F074F9F7E7B85400246D
:10AB400053544D3332205669727475616C20436FD3
:10AB50006D506F727400000010B51A200880F7F76E
:10AB6000CFF8014810BD0000740200240A46D188C5
:10AB7000012902D01146FFF740BF90F89C1201292D
:10AB800006D0022904D0032909D01146FFF735BFAA
:10AB900000218160012200F10801FFF754BF01226A
:10ABA000011DFFF750BF2DE9F84304460F46002072
:10ABB0000090002600257988080A062870D006DC57
:10ABC00001282FD0022835D0032804D148E00728D7
:10ABD00067D00F2817D039462046FFF70EFF012512
:10ABE000002D0ED1FA88002A71D0BDF8000000288F
:10ABF0006ED0824200D90246009231462046FFF7CD
:10AC000022FFBDE8F883D4F8B402C26922B1207CE7
:10AC1000694690470646E3E739462046FFF7EDFED2
:10AC20000125DDE7D4F8B412207C0A686946904714
:10AC30000646D5E7207C4FF0020840B1D4F8B802B0
:10AC4000C16A68468847064686F80180C8E7D4F896
:10AC5000B802816A68468847064686F80180BFE7E1
:10AC6000C8B2062862D2DFE800F003122334435250
:10AC7000D4F8B402426822B1207C69469047064667
:10AC8000AEE739462046FFF7B8FE0125A8E7D4F81D
:10AC9000B402826832B1207C6946904706469FE73D
:10ACA0004AE058E039462046FFF7A7FE012597E71E
:10ACB000D4F8B402C26822B1207C694690470646A7
:10ACC0008EE739462046FFF798FE012588E758E0D1
:10ACD00052E0D4F8B402026922B1207C6946904760
:10ACE00006467DE739462046FFF787FE012577E7D0
:10ACF000D4F8B402426922B1207C694690470646E6
:10AD00006EE739462046FFF778FE012568E7D4F85C
:10AD1000B402826922B1207C6946904706465FE70B
:10AD200039462046FFF769FE012559E73946204696
:10AD3000FFF763FE012553E7207C28B13946204602
:10AD4000FFF75BFE01254BE7D4F8B802416B68467C
:10AD50008847064644E7207C28B139462046FFF75D
:10AD60004CFE01253CE7D4F8B802016B68468847E1
:10AD700006460721717033E739462046FFF73DFE4E
:10AD80003FE72046FFF76CFE3BE778B50E460546E9
:10AD9000002428466A8829788A4211D900910AE05D
:10ADA000694600F019F84178052904D10446A178D4
:10ADB000B14205D000246988BDF800209142EFD847
:10ADC000204678BD002102E0491CC9B2401C02782F
:10ADD000002AF9D1084670470A8803781A440A8085
:10ADE0000178084470470A4690F89C12012906D061
:10ADF000022904D0032902D01146FFF7FEBDD188F5
:10AE0000022902D01146FFF7F8BD0121C160D0F838
:10AE1000A41209B10321C160022200F10C01FFF765
:10AE200012BE70B50D461646002821D004462046B5
:10AE3000FFF7C8FF022101EB40014FF4007081428F
:10AE400004D82046FFF7BEFF4000801C30803078D9
:10AE50002870032068700220002206E02954641C38
:10AE6000401CC0B22A54401CC0B221780029F5D140
:10AE700070BD01460020002906D0012905D0022915
:10AE800005D0032905D00320704703207047012017
:10AE900070470320704700280FD00023C0F8B83255
:10AEA000C0F8C432C0F8D03209B1C0F8B4120121E0
:10AEB00080F89C12027000F0FDB80320704710B5B6
:10AEC000D0F8C802F9F79EF9BDE81040FFF7D1BFEE
:10AED00010B5D0F8C802F9F771F9BDE81040FFF7D6
:10AEE000C8BF70B504460B461646002B08D043F089
:10AEF00080012046FFF76DFDFF285ED078B35CE04F
:10AF000004F11400D4F89412002502293CD1D0E9B0
:10AF100002218A420CD9521A826031462046FFF73C
:10AF200064FD002320461A46194600F03AF92BE04A
:10AF3000914215D14068884212D3D4F898128842C1
:10AF40000ED2002220461146FFF74FFDC4F898525A
:10AF500000231A461946204600F023F914E01CE0AD
:10AF600094F89C02032808D1D4F8B802C16821B132
:10AF7000C4F8D452C168204688478021204600F09A
:10AF80009CF92046FFF754FD94F8A002A8B1204692
:10AF900000F0F1F984F8A0520FE094F89C12032914
:10AFA0000BD1D4F8B8124A693AB1C4F8D402204699
:10AFB0004A6919469047002800D1002070BD70B53D
:10AFC00004460B4615460022002B08D003F07F01F3
:10AFD0002046FFF7FEFCFF2854D078B352E004F57A
:10AFE000AA70D4F8941203294CD1D0E902218A42E4
:10AFF0000AD9521A8260C068824200D302462946AA
:10B000002046FFF7EAFC3DE094F8AA0210F01F008A
:10B0100006D0012806D002280AD0002078B11BE013
:10B020000020FBE794F8AE122046FFF7D4FCF5E7CA
:10B0300094F8AE122046FFF7CCFCEFE710E094F84E
:10B040009C12032908D1D4F8B8120A6922B1C4F8B5
:10B05000D4022046096988472046FFF701FD11E028
:10B0600094F89C1203290AD1D4F8B8128D6935B12D
:10B07000C4F8D40220468A691946904702460AB1AC
:10B08000104670BD002070BD0020704710B5002430
:10B09000012180F89C12D0F8B822002A04D052680E
:10B0A0000179904700B10324204610BDD0F8C802B2
:10B0B000F9F7D4B810B50178002927D11449C1F89F
:10B0C000E004C0F8C8121348086009200871022281
:10B0D000CA71002088714A728872C87208734873F6
:10B0E0008873C8730846F9F703FC08B1F6F7DDFA70
:10B0F00007488021F9F713F8054840220021F9F7A5
:10B1000012F8034880220121F9F70DF8002010BD44
:10B11000D8680024000008400A06D0F8C80201F0F0
:10B120007F0101EBC10100EB810001D5807D7047FB
:10B1300090F85602704710B5D0F8D42200EB820286
:10B14000D2F8B822002A04D090F89C32032B02D007
:10B1500004E0032010BD126A02B19047002010BD28
:10B1600010B5D0F8D42200EB8202D2F8B822002A1F
:10B1700004D090F89C32032B02D004E0032010BDD1
:10B18000526A02B19047002010BD10B514461A460D
:10B19000D0F8C8022346F9F76AF8BDE81040FFF777
:10B1A00068BE10B5D0F8C802F9F78FF8BDE81040B6
:10B1B000FFF75FBE2DE9F04104460025012684F823
:10B1C0009C620020C4F894026060C4F8A40284F871
:10B1D000A002D4F8B802002806D0426822B10021AB
:10B1E0002046904700B10325204600224023114607
:10B1F000FFF7CBFFA4F864614027C4F860714023D7
:10B20000002220468021FFF7C0FFA684276228463F
:10B21000BDE8F08190F89C12042903D190F89D12AA
:10B2200080F89C120020704710B590F89C120329FA
:10B2300005D1D0F8B81211B1C96901B18847002011
:10B2400010BD01740020704710B5D0F8C802F9F79E
:10B250002AFCBDE81040FFF70CBE70B5044604F2AE
:10B26000AA20054600F051F80120C4F89402B4F871
:10B27000B002C4F8980294F8AA2212F01F000AD073
:10B2800001280ED0022812D02046BDE8704002F0FE
:10B29000800100F012B829462046BDE8704000F059
:10B2A00025B929462046BDE8704000F06ABA294613
:10B2B0002046BDE8704000F054B910B5D0F8C8027F
:10B2C000F9F71CF8BDE81040FFF7D3BD10B5D0F872
:10B2D000C802F9F702FCBDE81040FFF7CABD90F8BC
:10B2E0009C12042903D090F89C1280F89D1204212E
:10B2F00080F89C120020704710B5D0F8C802F9F70A
:10B3000035F8BDE81040FFF7B4BD70B504460846F7
:10B31000017821704178801C617005462846FEF74F
:10B3200005F860802846851C2846FDF7FFFFA080B1
:10B330002846801CFDF7FAFFE08070BD38B5044652
:10B3400000200090002914D0C4F8B812D4F8D40218
:10B3500004EB8000D0F8B802C16A19B1684688478A
:10B36000C4F8D002D4F8D802401CC4F8D802002097
:10B3700038BD032038BD0020704770B5044688886A
:10B38000002821D1C888F8B9488880281CD200F04C
:10B390007F0594F89C0203280DD084F89E5229461C
:10B3A0002046FFF751FF2046FFF75AFB45B1022028
:10B3B00084F89C0270BD2046BDE87040FFF71DBBBD
:10B3C000012084F89C0270BD2046BDE87040FFF764
:10B3D00014BB03460020D3F8B822002A02D012681A
:10B3E00018461047704700002DE9F04104460F460B
:10B3F0000025334EB9783170012906D939462046E7
:10B40000FFF7FBFA0320BDE8F08194F89C024FF0AF
:10B41000020802280CD0032824D039462046FFF722
:10B42000ECFA31782046FFF7B7FA03252846EAE719
:10B43000A1B161602046FFF7CCFF0546280006D089
:10B4400039462046FFF7D9FA84F89C82EEE7204679
:10B45000FFF706FB032084F89C02E7E72046FFF78E
:10B46000FFFAE3E7C9B16068884224D0C1B2204640
:10B47000FFF792FA317861602046FFF7AAFF054690
:10B48000280014D039462046FFF7B7FA2179204624
:10B49000FFF782FA84F89C82C8E784F89C82616096
:10B4A0002046FFF779FA2046FFF7DAFABEE7204692
:10B4B000FFF7D6FABAE72046FFF7D2FAB6E7000060
:10B4C000A40200244A88012A03D0022A06D0FFF7EA
:10B4D00094BA0121C0F8A412FFF7C2BA8988090AF8
:10B4E00080F8A012FFF7BCBAFFF7F0BE10B5002439
:10B4F0000A7812F0600211D0202A05D0402A03D029
:10B50000FFF77BFA204610BDD0F8D42200EB820270
:10B51000D2F8B822926890470446F3E74A780A2A9C
:10B520001CD2DFE802F012181B151B08051B0F0BBD
:10B53000FFF739FBE6E7FFF720FFE3E7FFF754FFEC
:10B540000446DFE7FFF712FBDCE7FFF74CFCD9E727
:10B55000FFF7B8FFD6E7FFF729FAD3E7FFF74DFA71
:10B56000D0E72DE9F04105460E46002734793078C2
:10B5700010F060001ED0202808D0402806D03146A8
:10B580002846FFF73AFA3846BDE8F08121462846BA
:10B59000FFF71FFAFF28F6D00028F4D1C5F8D4022F
:10B5A000D5F8B8028268002AEDD031462846904787
:10B5B0000746E8E77078002870D0012831D00328CA
:10B5C00004D031462846FFF718FADCE795F89C02CC
:10B5D000022806D0032815D031462846FFF70DFA79
:10B5E000D1E754B1802C08D021462846FFF765FEEC
:10B5F00080212846FFF761FEC5E731462846FFF760
:10B60000FCF9C0E7708840B93CB1802C05D0F088C7
:10B6100018B921462846FFF750FE2846FFF720FAC2
:10B62000B1E795F89C02022806D0032815D03146D0
:10B630002846FFF7E2F9A6E754B1802C08D021464E
:10B640002846FFF73AFE80212846FFF736FE9AE7A4
:10B6500031462846FFF7D1F995E77088002892D146
:10B66000600603D021462846FFF729FC2846FFF74D
:10B67000F7F921462846FFF7ACF9FF2883D00028C8
:10B6800081D1C5F8D402D5F8B8028268002A90D0DA
:10B69000314628469047074675E7FFE795F89C0234
:10B6A0004FF00008022806D0032825D0314628464E
:10B6B000FFF7A3F967E734B1802C04D03146284660
:10B6C000FFF79BF95FE7200607D504F07F0000EB4A
:10B6D000800005EB8001143107E004F07F0000EBEF
:10B6E000800005EB800101F5AA71C1F800800222FB
:10B6F0002846FFF7A8F946E720060CD504F00F000E
:10B7000000EB800005EB8000808C68B9314628464C
:10B71000FFF773F937E704F00F0000EB800005EB4B
:10B720008000B0F8640148B120060CD504F07F0019
:10B7300000EB800005EB800614360CE0314628460D
:10B74000FFF75BF91FE704F07F0000EB800005EBDB
:10B75000800606F5AA764CB1802C07D021462846F3
:10B76000FFF7DAFC28B10120306004E0C6F8008061
:10B7700001E0C6F80080022231462846FFF763F94F
:10B7800001E770B505460E460024307810F06000E1
:10B7900009D0202807D0402805D031462846FFF799
:10B7A0002CF9204670BD95F89C02012808D002288B
:10B7B00006D0032804D031462846FFF71EF9F0E7EB
:10B7C000B088C1B201291ED8C1B22846FFF703F9DB
:10B7D000FF2800D048B10324F0880028E1D1002CD4
:10B7E000DFD12846FFF73CF9DBE7D5F8B8128A68C5
:10B7F0003AB1C5F8D40228468A68314690470446D3
:10B80000EAE70324E8E731462846FFF7F6F8C8E7F9
:10B810007047000000487047B866002470B50A7889
:10B8200001234E7802F00F041C4DA340012E19D0C5
:10B83000D0F81C4844EA0343C0F81C3800EB42101F
:10B84000D0F8002B12040BD4D0F8002B0B89097907
:10B85000C3F30A031A4345EA81410A43C0F8002BA7
:10B86000002070BDD0F81C489BB21C43C0F81C4897
:10B8700000EB4210D0F800391B04F1D4D0F80039A5
:10B880000C890979C4F30A048904234341EA8251EB
:10B890000B432B43C0F80039E2E7000000800010A2
:10B8A000D0F800196FF30A01C0F80019D0F8041895
:10B8B00041F48071C0F80418002070470FB410B52F
:10B8C00004469DF81100012823D0E06840F04000B4
:10B8D000E060204600F040F89DF8151089B3A16B98
:10B8E00021F48031A1639DF80E1001290ED1E16D84
:10B8F00089B2E165E16D164A1143E165A16841F045
:10B900000601A160A16841F02001A16010BC5DF8B2
:10B9100014FBA06B20F48030A063E0680D49084060
:10B92000E060E06820F44010E0609DF81800012815
:10B9300003D1E06840F48010E060204600F00CF88D
:10B94000D1E7FFE7A16B41F48031A163CBE70000B1
:10B950000000EE03BFFFBDFF08B5002300934FF0CA
:10B9600070620099491C00910099914201D903200D
:10B9700008BD01690029F4DA0093016941F0010171
:10B9800001610099491C00910099914201D903205D
:10B9900008BD0169C907F4D1002008BD70B50A7857
:10B9A00001254B78012B00EB42122BD0D2F8003B43
:10B9B000002B0BDAD2F8003B43F00063C2F8003BE7
:10B9C000D2F8003B43F08043C2F8003B00F61C0075
:10B9D000046A0B7803F00F0605FA06F324EA034421
:10B9E00004620468097801F00F0105FA01F324EA02
:10B9F00003410160D2F8000B18490840C2F8000B5F
:10BA0000002070BDD2F80039002B0BDAD2F80039D3
:10BA100043F00063C2F80039D2F8003943F08043A4
:10BA2000C2F8003900F61C00046A0B7803F00F0618
:10BA300005FA06F39EB2B44304620468097801F083
:10BA40000F0105FA01F399B28C430460D2F80009A2
:10BA500003490840C2F80009D2E700000078F3EF7C
:10BA6000007833ECD0F8001E21F00301C0F8001E6E
:10BA7000D0F8041821F00201C0F804180020704723
:10BA8000D0F8001E21F00301C0F8001ED0F8041801
:10BA900041F00201C0F80418002070470FB42DE9EE
:10BAA000F043044600250020002704EB8001C1F884
:10BAB0000471401C0F28F8D39DF82A6046B3A06B90
:10BAC00040F40011A163C4F8007E9DF82500012810
:10BAD00031D00321204600F07DFB1021204600F0EC
:10BAE000B9FA00B10125204600F094FA00B1012511
:10BAF000C4F81078C4F81478C4F81C7800209DF8B5
:10BB000020204FF000634FF0904C4FF67F3834E028
:10BB1000D4F8040840F00201C4F80418A06B20F423
:10BB20000011A163206840F040012160206840F0CE
:10BB300080012160C7E79DF8230020B10121204644
:10BB400000F048FBC9E70021204600F043FBC4E7B2
:10BB500004EB4011D1F80099B9F1000F06DA10B1E9
:10BB6000C1F800C904E0C4F8003901E0C1F8007967
:10BB7000C1F81079C1F80889401C8242E8D8002039
:10BB800014E004EB4011D1F8009BB9F1000F06DA84
:10BB900010B1C1F800CB04E0C4F8003B01E0C1F8EB
:10BBA000007BC1F8107BC1F8088B401C8242E8D8AA
:10BBB000D4F8100820F48071C4F81018A7616FF051
:10BBC000804060619DF8220018B9A06940F0100023
:10BBD000A061A0690A490843A0619DF8260018B138
:10BBE000A06940F00800A061012E03D1A0690549B9
:10BBF0000843A0612846BDE8F0035DF814FB00008F
:10BC000000383C8004000040816821F0010181601F
:10BC10000020704710B5036C124CA34205D9D0F830
:10BC2000003B002B01DA002010BD00F5316000233D
:10BC30000360036843F400230360036843F01803C0
:10BC40000360036843F0C0430360A0F5316001293D
:10BC500006D100F530604261016841F08021016049
:10BC6000002010BD0A30544F0B784A78012A00EBAF
:10BC700043100BD0D0F8002B22F40012C0F8002B98
:10BC80000979032914D0022912D017E0D0F800292D
:10BC900022F40012C0F800290979032901D00229F1
:10BCA0000CD1D0F8001941F08051C0F8001905E01E
:10BCB000D0F8001B41F08051C0F8001B00207047F5
:10BCC0000A784B780978012B00EB411012D0D0F89C
:10BCD000001B002906DB2AB1D0F8001B21F08041AF
:10BCE000C0F8001BD0F8001B41F40011C0F8001B85
:10BCF00000207047D0F80019002906DB2AB1D0F8DF
:10BD0000001921F08041C0F80019D0F8001941F461
:10BD10000011C0F80019EBE7F8B50C786FF0604639
:10BD20000B784F788E4D012F00EB431329D0D3F8B9
:10BD3000107B6FF31207C3F8107BD3F8107B2F40F2
:10BD4000C3F8107B002C7DD00D69002D7BD08C6852
:10BD500025446D1EB5FBF4F5ADB26C430C62D3F80F
:10BD6000104B06EAC5452C43C3F8104BD3F8104BD3
:10BD70000D6AC5F312052C43C3F8104B012A7DD080
:10BD8000D1E00F6927B3D3F810796FF31207C3F826
:10BD90001079D3F810792F40C3F8107934B30F69B4
:10BDA0008D682F447F1EB7FBF5F506EAC545D3F82D
:10BDB00010693543C3F81059D3F810590E69C6F30A
:10BDC00012063543C3F810590D79012D1AD023E01E
:10BDD00003F511631E682E401E601D6845F40025A2
:10BDE0001D601D686FF312051D6015E00E698D68FA
:10BDF000AE4200D90D61D0F8105945F40026C0F8C4
:10BE00001069D9E703F511631D6825F0C0451D6071
:10BE10001D6845F000551D60012A1BD000EB44133E
:10BE2000D3F8004944F00444C3F800490C79012CCC
:10BE300039D00A69002A0CD0D0F83428097801F0EA
:10BE40000F0301E048E05BE0012199400A43C0F89C
:10BE5000342882E0CA691AB100EB4413C3F81429EC
:10BE60000979012916D1D0F80818C9050AD400EBC0
:10BE70004411D1F8002942F0005200E04FE0C1F82F
:10BE8000002907E000EB4411D1F8002942F080526C
:10BE9000C1F8002900EB4410D0F8001941F004412A
:10BEA000C0F8001959E0D0F80848E40506D4D3F8E2
:10BEB000004944F00054C3F8004905E0D3F80049B4
:10BEC00044F08054C3F8004900920A8A93B20A7879
:10BED000C96800F001FA40E00C690CB18C680C6193
:10BEE0008C680C62D0F8105BC4F312042543C0F8D0
:10BEF000105BD0F8104B44F40024C0F8104B3DE721
:10BF0000D3F8104B8D68C5F312052C43C3F8104BC2
:10BF1000D3F8104B44F40024C3F8104B2EE7CA6842
:10BF20000AB1C3F8142B0979012910D1D0F80808F7
:10BF3000C00506D4D3F8000B40F00050C3F8000B46
:10BF400005E0D3F8000B40F08050C3F8000BD3F8A5
:10BF5000000B40F00440C3F8000B0020F8BD0000C7
:10BF6000FFFF07E038B5002200920B784D7800EB18
:10BF7000431442F21073012D1AD0D4F8005B002D47
:10BF800040DAD4F8005B45F00065C4F8005B0C783B
:10BF900000EB4414D4F8005B45F08045C4F8005B26
:10BFA000009C641C0094009C9C4224D9012229E03E
:10BFB000D4F80059002D25DAD4F8005945F0006571
:10BFC000C4F800590C7800EB4414D4F8005945F03B
:10BFD0008045C4F80059009C641C0094009C9C425D
:10BFE00001D901220EE00C7800EB4414D4F800498A
:10BFF000002CF0DB06E00C7800EB4414D4F8004B86
:10C00000002CCDDB104638BD816841F00101816014
:10C010000020704708B5002300934FF0706200992C
:10C02000491C00910099914201D9032008BD016982
:10C030000029F4DA0093102101610099491C009154
:10C040000099914201D9032008BD0169C906F4D4C1
:10C05000002008BD18B5002400944FF07063009ACA
:10C06000521C0092009A9A4201D9032018BD02691D
:10C07000002AF4DA0094202242EA81110161009939
:10C08000491C00910099994201D9032018BD01690A
:10C090008906F4D4002018BDD0F8080800F0060086
:10C0A000002805D0022805D0062803D00F207047AD
:10C0B0000020704702207047406900F0010070477F
:10C0C000D0F81818D0F81C08084080B27047D0F893
:10C0D0001818D0F81C080840000C704710B5D0F8AC
:10C0E0001038D0F8342801F00F04E24002F00102C9
:10C0F00043EAC21200EB4110D0F80809104010BD0D
:10C1000000EB4111D1F8081BD0F814080840704723
:10C11000416980690840704730B503460846940875
:10C1200002F00301002203F5805303E01D6840F88C
:10C13000045B521CA242F9D300290BD000221C68D8
:10C14000D50024FA05F300F8013B521C491E89B2C0
:10C150000029F5D130BD70B505460024E86820F00F
:10C16000C040E860012902D089B1012070BDE868B3
:10C1700040F00050E8600A20F7F73CF80A342846FF
:10C18000FFF79AFF012810D0C82CF4D30DE0E8681F
:10C1900040F08040E8600A20F7F72CF80A3428467F
:10C1A000FFF78AFF08B1C82CF5D3C82C01D00020B6
:10C1B00070BD012070BD00F50060026822F4FE62CF
:10C1C000026002684FF4FE6303EA01110A43026051
:10C1D00000207047D0F800280A43C0F8002800204B
:10C1E00070470000022A0ED082B30921C26822F4EF
:10C1F0007052C260C2684FF4705303EA81210A434F
:10C20000C26000207047224A224B0A449A4201D25F
:10C210000F21EBE7204A214B0A449A4201D20E211A
:10C22000E4E71F4A1F4B0A449A4201D20D21DDE781
:10C230001D4A1E4B0A449A4201D20C21D6E71C4AE1
:10C240001C4B0A449A4202D20B21CFE71DE01A4A46
:10C250001A4B0A449A4201D20A21C7E7184A194BDD
:10C260000A449A4201D20921C0E7174A174B0A44EF
:10C270009A4201D20821B9E7154A1144154A914260
:10C2800001D20721B2E70621B0E70921AEE700009D
:10C29000405327FF00350C00401E1BFF40420F009B
:10C2A00000DC0BFF804F1200808CF9FE20D61300BB
:10C2B00060B6E5FE60E3160000D3CEFE40771B00BB
:10C2C000C05BB3FEC091210000CA91FE207538000A
:10C2D000E05459FEE09C410010B5029C002C0DD1A9
:10C2E000DB1C9C08002300EB023000F5805003E0CB
:10C2F00051F8042B02605B1CA342F9D3002010BD4F
:10C3000070B504462548264D0188D5ED040A00EE97
:10C31000101AB8EE400A30EE200A85ED080A20789F
:10C32000422817D16078522814D1A07818B1CD28AE
:10C3300011D0FF280ED100EE101AB8EE400A85ED9C
:10C34000040A1848B0F90E0000EE100AB8EEC00A50
:10C3500085ED030A70BDE1782046491D00F0A3F881
:10C360000028F7D0201DFCF765FC85ED060AD5ED09
:10C37000010A20EE200A85ED040A04F10800FCF70A
:10C380005FFC9FED091AC0EE010AC5ED050A95EDA7
:10C39000020A20EE800A85ED030A70BD404E00249B
:10C3A00000010024104B00240000C84200B58BB0EF
:10C3B000B3EE080A8DED030A344A354B11699942F0
:10C3C00000DB039133490988A1F61E6100EE101AC3
:10C3D000B8EEC01B9FED300B81EE002BB7EEC21BF9
:10C3E0008DED021A01EE101A2D49B8EEC11B81EE37
:10C3F000002BB7EEC21B81ED071AB2F90E3001EE29
:10C40000103AB8EEC11B81EE002BBDEEC20B10EE50
:10C41000103A019342238DF8103052238DF81130D9
:10C420008DF81200CD2827D10888431C0B80C8281E
:10C4300001D3002008809DED030AF7EE000A30EEDC
:10C44000200A8DED030A022090760F238DF8133019
:10C45000039B0593029B0693BDF80430ADF81C3096
:10C460000988ADF81E108DF820009088ADF82100E5
:10C47000142104A8F4F79AFA192104A8F4F778FB18
:10C480001C2104A8F4F7E6F80BB000BD104B002403
:10C490000000A040404E00246F2A52616CC136401B
:10C4A00000010024FEE770B505460C46002D01D0C2
:10C4B000022C01D8002070BDFF222846611EF5F72E
:10C4C00011FC291911F8011C814201D1012070BD14
:10C4D000002070BD0907090E002804DB00F1E020F0
:10C4E00080F80014704700F00F0000F1E02080F8A1
:10C4F000141D7047D0ED000AF4EEC00AF1EE10FAF8
:10C5000001DD80ED000AD0ED000AB1EE400AF4EE44
:10C51000C00AF1EE10FA01D280ED000A7047000067
:10C52000DFED092AC0ED002AC0ED012AC0ED022A84
:10C5300080ED030AC0ED040A80ED051AC0ED061A6D
:10C5400080ED072A7047000000000000F7F70AFDA1
:10C55000FCF77AFFFBF708FDFBF7CAFBFBF70EFCC5
:10C56000FBF740FCFBF74CFEFBF7B6FEFBF7EAFEE1
:10C57000FBF730FDFBF770FDFBF7E8FDFBF774FE02
:10C58000FBF764FC00F00FF8FEE701460020842969
:10C5900000D0C81C704710B5002800D1012000F061
:10C5A0000DFC002010BD10B500F0FAFC002010BDFD
:10C5B0007FB504460D466169B4F90800002910D022
:10C5C000A16971B1FFF7E1FFD4E905212B46CDE95F
:10C5D000012100902269D4E9001001F05FF8039076
:10C5E00010E0FFF7D2FF03A92B46CDE90001208A16
:10C5F00082B2D4E9001001F01FF8012802D0002017
:10C6000004B070BD0398FBE72DE9F04104460F46E6
:10C61000174EF5683068001D00F0DCFA38B9306854
:10C6200090F82C1001208840316981433161601CF1
:10C6300007D137B13168BDE8F0410E48091D00F05F
:10C640000DBB2C4430684460AC4206D23168B06BFC
:10C65000091DBDE8F04100F0E9BA3168706B091DB1
:10C6600000F0E4FAB06A844200D2B462BDE8F0811E
:10C6700050000024CC0D002470B5044600F0FAFAF6
:10C680001C4DA868401CA860286810B1686938B1C2
:10C690000CE02C60A868012808D100F04BF905E0F7
:10C6A0002868E16AC06A884200D82C60686A401C29
:10C6B0006862E06A01212A698140114329610E49BB
:10C6C00000EB800001EB8000211D00F0C7FA00F0B4
:10C6D000F1FA686900280CD02868E16AC06A8842CB
:10C6E00007D206494FF080500860BFF34F8FBFF369
:10C6F0006F8F70BD50000024F00C002404ED00E0AA
:10C7000070B50C4D0C4E11E000F0B4FAF068C4683E
:10C71000201D00F05FFAA868401EA8606868401EEF
:10C72000686000F0C7FA204600F053F868680028F7
:10C73000EAD170BD50000024B80D00240B4630B47F
:10C74000026C002A0CD0C1681144C1608468A14207
:10C7500001D30168C160C168184630BCF3F703BF5C
:10C7600030BC70472DE9F041044617460026A56B02
:10C77000226C002A10D0C7B1E068F3F7F4FEE1683C
:10C78000206C091AE1602268914202D2A168081A5D
:10C79000E060022F16D017E02068A8B9A06801F069
:10C7A00027F806460020A0600EE06068F3F7DBFE85
:10C7B000216C606808446060A168884204D32068E6
:10C7C000606001E005B16D1E6D1CA5633046BDE8DB
:10C7D000F08110B5044694F8510000280BD00128D0
:10C7E00011D0022814D0502080F31188BFF34F8F4E
:10C7F000BFF36F8FFEE7206B00F072FA2046BDE8B2
:10C80000104000F06DBA2046BDE8104000F068BA54
:10C8100010BD00004FF470510F48420706D0C01DF4
:10C8200020F007000C49411AC1F570510B4A106005
:10C83000002353600144083921F00701183A1160C0
:10C840004B600B600B1A4360016040689060506061
:10C850004FF0004050617047E00D0024A400002418
:10C86000074E4FF08054074DFFF74AFF306801280C
:10C87000FAD92C60BFF34F8FBFF36F8FF4E700003E
:10C88000F00C002404ED00E003460098002905D0D8
:10C890000260C3630164012100F09ABC0060F8E704
:10C8A0002DE9F04782469946DDE908580A9C521E58
:10C8B000206B00EB820020F00706700707D05020A5
:10C8C00080F31188BFF34F8FBFF36F8FFEE7002710
:10C8D00061B1002023180A5C83F834200A5C12B18D
:10C8E000401C1028F6D384F8437001E084F83470BB
:10C8F000072D00D30625E5626564A764201D00F0BE
:10C9000092F904F1180000F08EF92461C5F10700D6
:10C91000A0616462E76484F850704A46514630462C
:10C9200000F046F92060B8F1000F01D0C8F80040CF
:10C93000BDE8F08770B50024124D04EB840005EBD0
:10C94000800000F065F9641C072CF6D30D488C308C
:10C9500000F05EF90B48A03000F05AF90948B430F5
:10C9600000F056F90748C83000F052F90548DC30AD
:10C9700000F04EF9044803498C314163143181635E
:10C9800070BD0000F00C00245000002430B51349A5
:10C9900000E011460A688242FBD34B685C1884426F
:10C9A00003D140681844486008460D68446823185D
:10C9B000AB420DD1094B183B1B689A4206D0526816
:10C9C000224442600A681268026002E0036000E0EC
:10C9D0000260814200D0086030BD0000A400002445
:10C9E00010B5044600F046F9A06B20B1002400F019
:10C9F00061F9204610BD0124F9E710B5044600F0A6
:10CA000039F9A06BE16B884201D1012400E00024D8
:10CA100000F050F9204610BD0748416B0968002915
:10CA200005D0416BC968C9684968816270474FF099
:10CA3000FF318162704700005000002409484068BF
:10CA4000401C07D0502080F31188BFF34F8FBFF3F5
:10CA50006F8FFEE7502080F31188BFF34F8FBFF335
:10CA60006F8FFEE7AC0000242DE9F041044600F092
:10CA700001F994F9455004F1240609E0606A48B1CF
:10CA8000304600F001FF08B100F06AFA6D1E6DB289
:10CA9000002DF3DC4FF0FF3684F8456000F00AF912
:10CAA00000F0E8F894F9445004F1100709E0206917
:10CAB00048B1384600F0E8FE08B100F051FA6D1EAA
:10CAC0006DB2002DF3DC84F84460BDE8F04100F065
:10CAD000F1B800002DE9F0410546002600F0A4FA67
:10CAE000324F386808B9FFF795FE786905424DD195
:10CAF0008DB1083568070ED005F00700C0F10800B9
:10CB00000544680707D0502080F31188BFF34F8F8A
:10CB1000BFF36F8FFEE7CDB37868854236D82349DF
:10CB200018310846046801E0214604466068A842BE
:10CB300002D220680028F7D13868844226D00E68D7
:10CB40000836206808606068411B10290ED96019FA
:10CB5000420707D0502080F31188BFF34F8FBFF3F7
:10CB60006F8FFEE741606560FFF710FF61687868CE
:10CB7000401A7860BA68904200D2B8607869014380
:10CB8000616000202060F868401CF86000F0BAFE88
:10CB9000700707D0502080F31188BFF34F8FBFF389
:10CBA0006F8FFEE73046BDE8F08100008C00002466
:10CBB00024384FF08073036221F00101C161044900
:10CBC000816142606FF0020140F820197047000057
:10CBD0003DCA00080169D0E901329A60D0E9012319
:10CBE0005A604A68824201D182684A60002202612A
:10CBF0000868401E0860086870470000034B036027
:10CC000003F1540008608020106070473403002452
:10CC100000F1080141604FF0FF328260C1600161A4
:10CC200000210160704700210161704730B50C6838
:10CC3000621C02D000F1080202E0026904E01A4618
:10CC400053681D68A542FAD953684B6099608A60A1
:10CC5000516008610168491C016030BD42684A604A
:10CC600093688B6093685960916008610168491C02
:10CC700001607047502080F31188BFF34F8FBFF3DE
:10CC80006F8F0A494868401C486001280CD1084849
:10CC9000006810F0FF0F07D0502080F31188BFF319
:10CCA0004F8FBFF36F8FFEE770470000AC0000248A
:10CCB00004ED00E009494868002806D0401E48609D
:10CCC000002801D180F311887047502080F311882B
:10CCD000BFF34F8FBFF36F8FFEE70000AC0000245F
:10CCE00070B500282AD008380446154D6068696977
:10CCF000084207D1502080F31188BFF34F8FBFF354
:10CD00006F8FFEE722683AB1502080F31188BFF39D
:10CD10004F8FBFF36F8FFEE78843606000F084F9A8
:10CD200060686968084468602046FFF72FFE28693C
:10CD3000401C2861BDE8704000F0E4BD70BD0000FB
:10CD40008C0000244FF0E0200021016181614FF44C
:10CD50007A7204490968B1FBF2F1491E4161072169
:10CD6000016170474800002410B5F3F761FB1149D9
:10CD700010280ED300F1E02090F8F0030A789042DA
:10CD800007D2502080F31188BFF34F8FBFF36F8F0E
:10CD9000FEE709480068896800F4E060884207D926
:10CDA000502080F31188BFF34F8FBFF36F8FFEE7E2
:10CDB00010BD0000AC0000240CED00E0024610B5F0
:10CDC0000020002A12D00F48006B38B1502080F3A9
:10CDD0001188BFF34F8FBFF36F8FFEE700F024F988
:10CDE00000211046FFF710FC00F08CFD002807D151
:10CDF00005494FF080500860BFF34F8FBFF36F8F2E
:10CE000010BD00005000002404ED00E070B50546A0
:10CE10000E460023002D0BD096B1204A106BB8B1FE
:10CE2000502080F31188BFF34F8FBFF36F8FFEE761
:10CE3000502080F31188BFF34F8FBFF36F8FFEE751
:10CE4000502080F31188BFF34F8FBFF36F8FFEE741
:10CE500000F0EAF8D2682C68A119944205D98C42F6
:10CE600008D9914206D9012304E08C4201D89142AD
:10CE700000D9012329601BB1881A0021FFF7C4FBE8
:10CE800000F040FD002807D105494FF080500860B0
:10CE9000BFF34F8FBFF36F8F70BD000050000024B1
:10CEA00004ED00E070B50446FFF7E4FE254D04B93B
:10CEB0002C68201DFFF78EFE58B9E06A224A00EB6D
:10CEC000800152F8211021B901218140286988434D
:10CED0002861A06A18B104F11800FFF77BFE686AA8
:10CEE000401C68622868844208D11748211DC83058
:10CEF000FFF7B4FE6868401C686007E0A868401E41
:10CF0000A8602046FFF765FCFFF786FDFFF7D2FE1D
:10CF10006869002814D02868844211D1286B38B180
:10CF2000502080F31188BFF34F8FBFF36F8FFEE760
:10CF300006494FF080500860BFF34F8FBFF36F8FEB
:10CF400070BD000050000024F00C002404ED00E04F
:10CF500002490A6A0260C9684160704750000024B3
:10CF600001490120C86170475000002410B50C46EB
:10CF700000280AD0094909681831FFF757FE2046F2
:10CF8000BDE810400121FFF73FBB502080F311881E
:10CF9000BFF34F8FBFF36F8FFEE7000050000024F8
:10CFA00010B586B000240594049403AA04A905A82A
:10CFB000FFF724FEDDE90410039A002302901848CD
:10CFC000CDE9004114A100F069FB1649C86208B11F
:10CFD000012000E00020012809D0401C19D1502078
:10CFE00080F31188BFF34F8FBFF36F8FFEE75020A0
:10CFF00080F31188BFF34F8FBFF36F8F4FF0FF3077
:10D00000886201204861CC6006B0BDE8104000F0A5
:10D0100043B806B010BD000049444C450000000074
:10D0200061C80008500000240248016B491C0163DC
:10D030007047000050000024154A106B002802D0F1
:10D040000120D06170470020D0611069B0FA80F0F3
:10D05000C0F11F000F4900EB800051F8203073B180
:10D0600001EB800041684968416000F10803994282
:10D0700001D1496841604068C06810607047502025
:10D0800080F31188BFF34F8FBFF36F8FFEE700006F
:10D0900050000024F00C00241CB537480168374AC2
:10D0A000914207D1502080F31188BFF34F8FBFF317
:10D0B0006F8FFEE700683149491E884207D1502032
:10D0C00080F31188BFF34F8FBFF36F8FFEE72C49BA
:10D0D00008780190FF200870087800909DF8000003
:10D0E0009DF8002000F0F000904207D0502080F31F
:10D0F0001188BFF34F8FBFF36F8FFEE79DF80000DD
:10D10000204C00F0500020700720A06006E0A068CE
:10D11000401EA0609DF80000400000909DF80000B7
:10D120000006F4D4A068032807D0502080F31188AB
:10D13000BFF34F8FBFF36F8FFEE74FF44070A060D7
:10D14000019808700C482030016841F470010160BA
:10D15000016841F070410160FFF7F4FD002060605C
:10D16000F3F72EF90848016841F040410160F3F7F8
:10D1700013F900201CBD000000ED00E071C20F415A
:10D1800000E400E0AC00002434EF00E0F8B5054610
:10D190000E461746002D13D005FB06F04830FFF76A
:10D1A00099FC044654B122464832002084F84600D7
:10D1B0003B46314628460094FFF766FB2046F8BD03
:10D1C000502080F31188BFF34F8FBFF36F8FFEE7BE
:10D1D00070B504460D46002C25D0FFF74BFDD4E971
:10D1E0000F20216802FB0011A1600021A1632168CA
:10D1F0006160E06B216C401E226800FB0121E16050
:10D200004FF0FF3084F8440084F8450004F110002A
:10D210008DB1FFF7FDFC04F12400FFF7F9FCFFF7E7
:10D2200049FD012070BD502080F31188BFF34F8F5E
:10D23000BFF36F8FFEE721690029F0D000F024FBD7
:10D240000028ECD004494FF080500860BFF34F8FA6
:10D25000BFF36F8FE3E7000004ED00E02DE9FF4727
:10D2600082B004468A461E460025002C03D0BAF13F
:10D27000000F08D011E0502080F31188BFF34F8FCA
:10D28000BFF36F8FFEE7206C38B1502080F3118818
:10D29000BFF34F8FBFF36F8FFEE7022E0AD1E06B13
:10D2A000012807D0502080F31188BFF34F8FBFF3C0
:10D2B0006F8FFEE700F020FA48B9049838B150208B
:10D2C00080F31188BFF34F8FBFF36F8FFEE7DFF856
:10D2D000EC804FF080574FF00009FFF7CBFCA06BBC
:10D2E000E16B884205D3022E03D0049808B325B31E
:10D2F00027E0324651462046FFF734FA616A59B1B9
:10D3000004F1240000F0C0FA68B1C8F80070BFF35F
:10D310004F8FBFF36F8F06E028B1C8F80070BFF3DE
:10D320004F8FBFF36F8FFFF7C5FC012006B0BDE83C
:10D33000F087FFF7BFFC0020F8E76846FFF708FE1C
:10D340000125FFF7B7FCFFF76FFEFFF793FC94F999
:10D350004400401C01D184F8449094F94500401CDD
:10D3600001D184F84590FFF7A5FC04A9684600F0B8
:10D3700025F930B12046FFF777FB00F0C3FA002013
:10D38000D4E72046FFF739FB90B1049904F110006F
:10D39000FFF7ECFD2046FFF767FB00F0B3FA00282B
:10D3A0009BD1C8F80070BFF34F8FBFF36F8F94E726
:10D3B0002046FFF759FB00F0A5FA8EE704ED00E0E8
:10D3C0002DE9F0470446894690461F46002C03D0BD
:10D3D000B9F1000F08D011E0502080F31188BFF39D
:10D3E0004F8FBFF36F8FFEE7206C38B1502080F372
:10D3F0001188BFF34F8FBFF36F8FFEE7022F0AD163
:10D40000E06B012807D0502080F31188BFF34F8FC5
:10D41000BFF36F8FFEE7FFF7A7FC5020EFF31186F5
:10D4200080F31188BFF34F8FBFF36F8FA06BE16B59
:10D43000884206D3022F04D0002086F31188BDE86D
:10D44000F08794F94550A06B3A4649462046FFF7CD
:10D4500089F9681C04D06D1C84F845500120ECE764
:10D46000606A0028FAD004F1240000F00DFA0028C8
:10D47000F4D0B8F1000FF1D00120C8F80000EDE7BA
:10D480002DE9F74783B004468A460026002C03D0D6
:10D49000BAF1000F08D011E0502080F31188BFF3DB
:10D4A0004F8FBFF36F8FFEE7206C38B1502080F3B1
:10D4B0001188BFF34F8FBFF36F8FFEE700F01CF9A9
:10D4C00048B9059838B1502080F31188BFF34F8FC9
:10D4D000BFF36F8FFEE7DFF8E09000274FF0805832
:10D4E000FFF7C8FBA56BC5B151462046FFF726F9EB
:10D4F0006D1EA563206950B104F1100000F0C4F95D
:10D5000028B1C9F80080BFF34F8FBFF36F8FFFF7CB
:10D51000D1FB012006B0BDE8F087059808B126B11F
:10D5200007E0FFF7C7FB0020F4E701A8FFF710FDB5
:10D530000126FFF7BFFBFFF777FDFFF79BFB94F991
:10D540004400401C01D184F8447094F94500401C0B
:10D5500001D184F84570FFF7ADFB05A901A800F0E3
:10D560002DF858B12046FFF77FFA00F0CBF920469E
:10D57000FFF736FA0028B3D00020CBE72046FFF7AC
:10D580002FFA90B1059904F12400FFF7EFFC204633
:10D59000FFF76AFA00F0B6F90028A1D1C9F80080B7
:10D5A000BFF34F8FBFF36F8F9AE72046FFF75CFA08
:10D5B00000F0A8F994E7000004ED00E02DE9F04147
:10D5C00005460C46002D11D0C4B1FFF753FB194E90
:10D5D000F0686B68C11A2268571C17D02F68366A2A
:10D5E000B74215D0834213D801241DE0502080F3A8
:10D5F0001188BFF34F8FBFF36F8FFEE7502080F38A
:10D600001188BFF34F8FBFF36F8FFEE700240BE04D
:10D610008A4206D9501A20602846FFF799FC002458
:10D6200002E0002020600124FFF744FB2046BDE813
:10D63000F0810000500000242DE9FF5F81468A46FA
:10D6400016469B46DDE90E78B000FFF743FA054623
:10D6500028000AD05420FFF73DFA04460CB1256398
:10D6600004E02846FFF73CFB00E000249CB10020CA
:10D6700084F85100CDE900785B463246CDE902409E
:10D6800051464846FFF70CF92046FEF7F5FF01200A
:10D6900004B0BDE8F09F4FF0FF30F9E7F0B585B07A
:10D6A0000746DDE90A600C9C002815D0E4B154253A
:10D6B00003952063022084F85100002004ADCDE9D9
:10D6C0000240CDE900653846FFF7EAF82046FEF74C
:10D6D000D3FF049805B0F0BD502080F31188BFF34C
:10D6E0004F8FBFF36F8FFEE7502080F31188BFF399
:10D6F0004F8FBFF36F8FFEE705484169002903D0C4
:10D70000006B18B10020704701207047022070475D
:10D71000500000240148C0687047000050000024F9
:10D720002DE9F0410026304F386B002805D0B8694C
:10D73000401CB8613046BDE8F081FD686D1CFD609D
:10D740009DB9786B006838B1502080F31188BFF321
:10D750004F8FBFF36F8FFEE7786BB96B7963B86358
:10D76000386A401C3862FFF757F9B86ADFF87C80E6
:10D7700085420DD3786B006838B1786BC068C46897
:10D780006068854212D2B86202E04FF0FF30B862A2
:10D790003868C06A00EB800058F82000012800D9E2
:10D7A0000126F8690028C5D00126C3E7201DFFF730
:10D7B00011FAA06A18B104F11800FFF70BFAE06A39
:10D7C00001213A6981401143396100EB8000211D3C
:10D7D00008EB8000FFF742FAE06A3968C96A8842BC
:10D7E000C8D30126C6E7000050000024F00C002436
:10D7F00070B504460020002C41D0214D29688C4290
:10D8000007D0502080F31188BFF34F8FBFF36F8F85
:10D81000FEE7A16C71B1491EA164636CE26A9A4291
:10D820002DD000292BD1201DFFF7D4F9154A012155
:10D8300040B112E0502080F31188BFF34F8FBFF347
:10D840006F8FFEE7E06A00EB800352F8233023B9C4
:10D8500001FA00F3286998432861606CE062C0F126
:10D860000700A061E06A2B6981401943296100EB40
:10D870008000211D02EB8000FFF7F0F9012070BD50
:10D8800050000024F00C00242DE9F041C068C46869
:10D89000002C15D004F118000746FFF79BF9174D2F
:10D8A0002A6B0126A2B116483946FFF7D7F9E06A7C
:10D8B0002968C96A88421ED90120EE61BDE8F0815D
:10D8C000502080F31188BFF34F8FBFF36F8FFEE7B7
:10D8D000201DFFF77FF9E06A2A6906FA00F111437B
:10D8E0002961074900EB8000B43901EB8000211D5C
:10D8F000FFF7B4F9DBE70020E0E700005000002468
:10D90000A40D00242DE9F041002400272D4D286BA3
:10D91000002807D0FFF7AEF9286B401E2863286B5C
:10D9200040B14AE0502080F31188BFF34F8FBFF31E
:10D930006F8FFEE7A868E8B3DFF88C8001261EE051
:10D94000D8F80C00C46804F11800FFF743F9201D53
:10D95000FFF740F9E06A2A6906FA00F111432961EC
:10D96000194900EB8000B43901EB8000211DFFF75D
:10D9700075F9E06A2968C96A884200D3EE61D8F86F
:10D9800000000028DCD10CB1FFF746F8AC6944B1C7
:10D99000FFF7C6FE00B1EE61641E002CF8D1002036
:10D9A000A861E86930B10127084938070860BFF36A
:10D9B0004F8F00E001E0BFF36F8FFFF77BF9384630
:10D9C000BDE8F08150000024A40D002404ED00E027
:10D9D0004FF04070E1EE100A7047000090E100083F
:10D9E000119400080000000000000000800000000A
:10D9F00000000000000000009CE100081D07000876
:10DA00000300000000000000800000000000000093
:10DA10000000000068E10008BD19000801000000D6
:10DA20000000000080000000000000000000000076
:10DA30007CE10008411A000801000000000000001D
:10DA400080000000000000000000000058E1000815
:10DA5000850900080200000000000000000100002D
:10DA6000000000000000000044E1000801930008ED
:10DA700002000000000000000001000000000000A3
:10DA8000000000000CE10008F9A3000801000000FC
:10DA90000000000000010000000000000000000085
:10DAA00028E100081D8500080100000000000000BA
:10DAB000800000000000000000000000ECE0000812
:10DAC000D9A3000801000000000000008000000051
:10DAD0000000000000000000DCE00008A9130008BE
:10DAE0000200000000000000000100000000000033
:10DAF00000000000000610160006101600010203C8
:10DB000004050607080C101418203040000000001F
:10DB10000000000000000000000000000000000005
:10DB200001000000020000000300000004000000EB
:10DB300000000000050000000000000000000000E0
:10DB400000000000060000000000000000000000CF
:10DB500000000000070000000100020004000600B1
:10DB600008000A000C0010002000400080000001A6
:10DB7000010101030701000008040204080101017A
:10DB80000000000001020304010203040607080963
:10DB90000000404000004040000000400000004005
:10DBA0000000803F00000000000000000000404036
:10DBB00000004040000000400000803F0000803F27
:10DBC00000000000000080BF000000400000004096
:10DBD000000000400000803F00000000000080BF07
:10DBE000000080BF00000040000000400000803FB7
:10DBF00000000000000080BF000000C0000000C066
:10DC00000000803F0000803F00000000000080BF57
:10DC1000000080BF000000C0000000C00000803F86
:10DC200000000000000080BF000000C0000000C035
:10DC3000000000C0000040C0000000000000000024
:10DC4000000000C0000000C0000000C0000040C094
:10DC5000000040C0000040C0000040C0000000C004
:10DC6000000000C0000080BF0000000000000000B5
:10DC7000000040C0000040C0000000C0000080BFA5
:10DC8000000080BF0000000000000000000040C055
:10DC9000000000C0000080BF000080BF0000000046
:10DCA0000000803F0000803F000000C0000000C076
:10DCB000000080BF000000000000803F0000004026
:10DCC00000000040000080BF000080BF0000000096
:10DCD0000000803F0000803F000000400000404006
:10DCE00000000000000000000000803F0000803FB6
:10DCF00000000040000040400000404000000000E4
:10DD0000000000000000803F0000004000000040D4
:10DD100000004040000040400000803F000080BF05
:10DD2000000040C0000040C0000040C0000000C033
:10DD30000000803F0000803F000080BF000040C026
:10DD4000000000C0000000C0000080BF0000000014
:10DD500000000000000080BF000000C0000000C004
:10DD6000000080BF000080BF000000000000000035
:10DD7000000080BF000080BF000080BF000080BFA7
:10DD8000000080BF00000000000000000000000054
:10DD90000000000000000000000000000000000083
:10DDA0000000000000004040000080BF0000803FF5
:10DDB0000000803F0000803F0000803F00004040A6
:10DDC0000000404000000040000000400000004013
:10DDD0000000803F0000803F00004040005EBCE249
:10DDE000613FDD83C29C7E20A3FD1F419DC3217F37
:10DDF000FCA2401E5F01E3BD3E6082DC237D9FC12B
:10DE0000421CFEA0E1BF5D0380DE3C62BEE0025C1E
:10DE1000DF81633D7C22C09E1D43A1FF4618FAA40A
:10DE200027799BC584DA3866E5BB5907DB856739F6
:10DE3000BAE406581947A5FB7826C49A653BD987EA
:10DE4000045AB8E6A7F91B45C6987A24F8A6441ADE
:10DE500099C7257B3A6486D85B05E7B98CD2306ECA
:10DE6000EDB3510F4E10F2AC2F7193CD114FADF3B6
:10DE7000702ECC92D38D6F31B2EC0E50AFF1134DAA
:10DE8000CE90722C6D33D18F0C52B0EE326C8ED09E
:10DE9000530DEFB1F0AE4C1291CF2D73CA9476288A
:10DEA000ABF517490856B4EA6937D58B5709EBB576
:10DEB00036688AD495CB2977F4AA4816E9B7550B6A
:10DEC00088D6346A2B7597C94A14F6A8742AC8965E
:10DED000154BA9F7B6E80A54D7896B3500008911AC
:10DEE00012239B322446AD573665BF74488CC19DC2
:10DEF0005AAFD3BE6CCAE5DB7EE9F7F881100801A2
:10DF000093331A22A5562C47B7753E64C99C408DA1
:10DF1000DBBF52AEEDDA64CBFFF976E802218B303D
:10DF2000100299132667AF763444BD554AADC3BC81
:10DF3000588ED19F6EEBE7FA7CC8F5D983310A2061
:10DF400091121803A7772E66B5543C45CBBD42AC61
:10DF5000D99E508FEFFB66EAFDD874C904428D53F9
:10DF600016619F702004A9153227BB364CCEC5DF41
:10DF70005EEDD7FC6888E1997AABF3BA85520C4321
:10DF800097711E60A1142805B3373A26CDDE44CF21
:10DF9000DFFD56ECE9986089FBBB72AA06638F72BD
:10DFA00014409D512225AB343006B9174EEFC7FE01
:10DFB0005CCCD5DD6AA9E3B8788AF19B87730E62E1
:10DFC00095501C41A3352A24B1163807CFFF46EEE1
:10DFD000DDDC54CDEBB962A8F99A708B0884819589
:10DFE0001AA793B62CC2A5D33EE1B7F04008C919D1
:10DFF000522BDB3A644EED5F766DFF7C8994008591
:10E000009BB712A6ADD224C3BFF136E0C1184809B0
:10E01000D33B5A2AE55E6C4FF77D7E6C0AA583B42C
:10E02000188691972EE3A7F23CC0B5D14229CB3890
:10E03000500AD91B666FEF7E744CFD5D8BB502A450
:10E0400099961087AFF326E2BDD034C1C3394A2870
:10E05000D11A580BE77F6E6EF55C7C4D0CC685D7E8
:10E060001EE597F42880A1913AA3B3B2444ACD5B50
:10E070005669DF78600CE91D722FFB3E8DD604C710
:10E080009FF516E4A9902081BBB332A2C55A4C4B30
:10E09000D7795E68E11C680DF33F7A2E0EE787F6AC
:10E0A0001CC495D52AA1A3B03882B193466BCF7A10
:10E0B0005448DD59622DEB3C700EF91F8FF706E6D0
:10E0C0009DD414C5ABB122A0B9923083C77B4E6AF0
:10E0D000D5585C49E33D6A2CF11E780F5461736B8F
:10E0E0005F4454375F48616E646C65005461736BC4
:10E0F0005F436F6D6D756E696361746546726F6DB8
:10E1000050435F48616E646C650000005461736B3E
:10E110005F436F6D6D756E6963617465546F5043D5
:10E120005F48616E646C65005461736B5F4F666637
:10E130004C696E65436865636B5F48616E646C65CE
:10E1400000000000526F626F745F436F6E74726FF5
:10E150006C5F5461736B0000466463616E5F53656E
:10E160006E645461736B0000466463616E315F528C
:10E170006563656976655461736B0000466463612D
:10E180006E325F526563656976655461736B00003A
:10E1900064656661756C745461736B00537461726D
:10E1A000745461736B000000C8E100080000002493
:10E1B00034030000D40200081CE3000834030024E8
:10E1C000EC8E000030030008013C320182103C90CC
:10E1D000D00304015F1AAA0101121B7A4404022C25
:10E1E000C413CD0914089D0A42081E630BB6416191
:10E1F0000401181345191B0889044113B17A140846
:10E20000397B1B0859041AE10413184E1B244004DF
:10E2100013D17C1B0815041AFF1421123C321E294D
:10E220000401240D1244FDBC020C4770FE9001B89D
:10E2300010032080BF139D0B14085D0E1408CD88B9
:10E2400014082D0C1408A9921C0855160819041A54
:10E250001514834A0163E4FD031CA00F13891A1BE4
:10E260000885041A7D3C1AA5042B3993D8E113A91B
:10E27000AA1B08E9041AF504131DAB1B0859041A5C
:10E28000790C1AB50441170403090412011402029F
:10E29000021640830440571D0201020388031A1A24
:10E2A000031A05C813FF0A1B08F7041A290C1A6D74
:10E2B000044114810182130A0632022A40CB1C0950
:10E2C00002434F1125C03209041B01020B13052420
:10E2D0001610010524011009010424020205240678
:10E2E000170107058203081C10090485320A2E074E
:10E2F00005010240072A810711134DA61408BDA489
:10E300004C083DA8641351A51B0807101A7F04C1CF
:0CE310001AD1181A95041A11301A890845
:040000050800029954
:00000001FF
